1600	1864	Minimum Number of Swaps to Make the Binary String Alternating	Given a binary string s, return the minimum number of character swaps to make it alternating, or -1 if it is impossible. The string is called alternating if no two adjacent characters are equal. For example, the strings "010" and "1010" are alternating, while the string "0100" is not. Any two characters may be swapped, even if they are not adjacent. Example 1: Input: s = "111000" Output: 1 Explanation: Swap positions 1 and 4: "111000" -> "101010" The string is now alternating. Example 2: Input: s = "010" Output: 0 Explanation: The string is already alternating, no swaps are needed. Example 3: 
1600	3350	Adjacent Increasing Subarrays Detection II	Given an array nums of n integers, your task is to find the maximum value of k for which there exist two adjacent subarrays of length k each, such that both subarrays are strictly increasing. Specifically, check if there are two subarrays of length k starting at indices a and b (a < b), where: Both subarrays nums[a..a + k - 1] and nums[b..b + k - 1] are strictly increasing. The subarrays must be adjacent, meaning b = a + k. Return the maximum possible value of k. A subarray is a contiguous non-empty sequence of elements within an array. Example 1: Input: nums = [2,5,7,8,9,2,3,4,3,1] Output: 3 
1601	3047	Find the Largest Area of Square Inside Two Rectangles	There exist n rectangles in a 2D plane with edges parallel to the x and y axis. You are given two 2D integer arrays bottomLeft and topRight where bottomLeft[i] = [a_i, b_i] and topRight[i] = [c_i, d_i] represent the bottom-left and top-right coordinates of the ith rectangle, respectively. You need to find the maximum area of a square that can fit inside the intersecting region of at least two rectangles. Return 0 if such a square does not exist. Example 1: Input: bottomLeft = [[1,1],[2,2],[3,1]], topRight = [[3,3],[4,4],[6,6]] Output: 1 Explanation: A square with side length 1 can fit inside e
1601	926	Flip String to Monotone Increasing	A binary string is monotone increasing if it consists of some number of 0's (possibly none), followed by some number of 1's (also possibly none). You are given a binary string s. You can flip s[i] changing it from 0 to 1 or from 1 to 0. Return the minimum number of flips to make s monotone increasing. Example 1: Input: s = "00110" Output: 1 Explanation: We flip the last digit to get 00111. Example 2: Input: s = "010110" Output: 2 Explanation: We flip to get 011111, or alternatively 000111. Example 3: Input: s = "00011000" Output: 2 Explanation: We flip to get 00000000. Constraints: 1 <= s.leng
1602	2249	Count Lattice Points Inside a Circle	Given a 2D integer array circles where circles[i] = [xi, yi, ri] represents the center (xi, yi) and radius ri of the ith circle drawn on a grid, return the number of lattice points that are present inside at least one circle. Note: A lattice point is a point with integer coordinates. Points that lie on the circumference of a circle are also considered to be inside it. Example 1: Input: circles = [[2,2,1]] Output: 5 Explanation: The figure above shows the given circle. The lattice points present inside the circle are (1, 2), (2, 1), (2, 2), (2, 3), and (3, 2) and are shown in green. Other point
1602	2447	Number of Subarrays With GCD Equal to K	Given an integer array nums and an integer k, return the number of subarrays of nums where the greatest common divisor of the subarray's elements is k. A subarray is a contiguous non-empty sequence of elements within an array. The greatest common divisor of an array is the largest integer that evenly divides all the array elements. Example 1: Input: nums = [9,3,1,2,6,3], k = 3 Output: 4 Explanation: The subarrays of nums where 3 is the greatest common divisor of all the subarray's elements are: - [9,3,1,2,6,3] - [9,3,1,2,6,3] - [9,3,1,2,6,3] - [9,3,1,2,6,3] Example 2: Input: nums = [4], k = 7 
1603	3319	K-th Largest Perfect Subtree Size in Binary Tree	You are given the root of a binary tree and an integer k. Return an integer denoting the size of the kth largest perfect binary subtree, or -1 if it doesn't exist. A perfect binary tree is a tree where all leaves are on the same level, and every parent has two children. Example 1: Input: root = [5,3,6,5,2,5,7,1,8,null,null,6,8], k = 2 Output: 3 Explanation: The roots of the perfect binary subtrees are highlighted in black. Their sizes, in non-increasing order are [3, 3, 1, 1, 1, 1, 1, 1]. The 2nd largest size is 3. Example 2: Input: root = [1,2,3,4,5,6,7], k = 1 Output: 7 Explanation: The size
1604	2316	Count Unreachable Pairs of Nodes in an Undirected Graph	You are given an integer n. There is an undirected graph with n nodes, numbered from 0 to n - 1. You are given a 2D integer array edges where edges[i] = [ai, bi] denotes that there exists an undirected edge connecting nodes ai and bi. Return the number of pairs of different nodes that are unreachable from each other. Example 1: Input: n = 3, edges = [[0,1],[0,2],[1,2]] Output: 0 Explanation: There are no pairs of nodes that are unreachable from each other. Therefore, we return 0. Example 2: Input: n = 7, edges = [[0,2],[0,5],[2,4],[1,6],[5,4]] Output: 14 Explanation: There are 14 pairs of node
1604	2424	Longest Uploaded Prefix	You are given a stream of n videos, each represented by a distinct number from 1 to n that you need to "upload" to a server. You need to implement a data structure that calculates the length of the longest uploaded prefix at various points in the upload process. We consider i to be an uploaded prefix if all videos in the range 1 to i (inclusive) have been uploaded to the server. The longest uploaded prefix is the maximum value of i that satisfies this definition. Implement the LUPrefix class: LUPrefix(int n) Initializes the object for a stream of n videos. void upload(int video) Uploads video 
1604	2522	Partition String Into Substrings With Values at Most K	You are given a string s consisting of digits from 1 to 9 and an integer k. A partition of a string s is called good if: Each digit of s is part of exactly one substring. The value of each substring is less than or equal to k. Return the minimum number of substrings in a good partition of s. If no good partition of s exists, return -1. Note that: The value of a string is its result when interpreted as an integer. For example, the value of "123" is 123 and the value of "1" is 1. A substring is a contiguous sequence of characters within a string. Example 1: Input: s = "165462", k = 60 Output: 4 
1604	2546	Apply Bitwise Operations to Make Strings Equal	You are given two 0-indexed binary strings s and target of the same length n. You can do the following operation on s any number of times: Choose two different indices i and j where 0 <= i, j < n. Simultaneously, replace s[i] with (s[i] OR s[j]) and s[j] with (s[i] XOR s[j]). For example, if s = "0110", you can choose i = 0 and j = 2, then simultaneously replace s[0] with (s[0] OR s[2] = 0 OR 1 = 1), and s[2] with (s[0] XOR s[2] = 0 XOR 1 = 1), so we will have s = "1110". Return true if you can make the string s equal to target, or false otherwise. Example 1: Input: s = "1010", target = "0110"
1604	3107	Minimum Operations to Make Median of Array Equal to K	You are given an integer array nums and a non-negative integer k. In one operation, you can increase or decrease any element by 1. Return the minimum number of operations needed to make the median of nums equal to k. The median of an array is defined as the middle element of the array when it is sorted in non-decreasing order. If there are two choices for a median, the larger of the two values is taken. Example 1: Input: nums = [2,5,6,8,5], k = 4 Output: 2 Explanation: We can subtract one from nums[1] and nums[4] to obtain [2, 4, 6, 8, 4]. The median of the resulting array is equal to k. Examp
1604	809	Expressive Words	Sometimes people repeat letters to represent extra feeling. For example: "hello" -> "heeellooo" "hi" -> "hiiii" In these strings like "heeellooo", we have groups of adjacent letters that are all the same: "h", "eee", "ll", "ooo". You are given a string s and an array of query strings words. A query word is stretchy if it can be made to be equal to s by any number of applications of the following extension operation: choose a group consisting of characters c, and add some number of characters c to the group so that the size of the group is three or more. For example, starting with "hello", we c
1606	1300	Sum of Mutated Array Closest to Target	Given an integer array arr and a target value target, return the integer value such that when we change all the integers larger than value in the given array to be equal to value, the sum of the array gets as close as possible (in absolute difference) to target. In case of a tie, return the minimum such integer. Notice that the answer is not neccesarilly a number from arr. Example 1: Input: arr = [4,9,3], target = 10 Output: 3 Explanation: When using 3 arr converts to [3, 3, 3] which sums 9 and that's the optimal answer. Example 2: Input: arr = [2,3,5], target = 10 Output: 5 Example 3: Input: 
1606	1604	Alert Using Same Key-Card Three or More Times in a One Hour Period	LeetCode company workers use key-cards to unlock office doors. Each time a worker uses their key-card, the security system saves the worker's name and the time when it was used. The system emits an alert if any worker uses the key-card three or more times in a one-hour period. You are given a list of strings keyName and keyTime where [keyName[i], keyTime[i]] corresponds to a person's name and the time when their key-card was used in a single day. Access times are given in the 24-hour time format "HH:MM", such as "23:51" and "09:49". Return a list of unique worker names who received an alert fo
1606	3799	Word Squares II	You are given a string array words, consisting of distinct 4-letter strings, each containing lowercase English letters. A word square consists of 4 distinct words: top, left, right and bottom, arranged as follows: top forms the top row. bottom forms the bottom row. left forms the left column (top to bottom). right forms the right column (top to bottom). It must satisfy: top[0] == left[0], top[3] == right[0] bottom[0] == left[3], bottom[3] == right[3] Return all valid distinct word squares, sorted in ascending lexicographic order by the 4-tuple (top, left, right, bottom)​​​​​​​. Example 1: Inpu
1607	1123	Lowest Common Ancestor of Deepest Leaves	Given the root of a binary tree, return the lowest common ancestor of its deepest leaves. Recall that: The node of a binary tree is a leaf if and only if it has no children The depth of the root of the tree is 0. if the depth of a node is d, the depth of each of its children is d + 1. The lowest common ancestor of a set S of nodes, is the node A with the largest depth such that every node in S is in the subtree with root A. Example 1: Input: root = [3,5,1,6,2,0,8,null,null,7,4] Output: [2,7,4] Explanation: We return the node with value 2, colored in yellow in the diagram. The nodes coloured in
1607	2320	Count Number of Ways to Place Houses	There is a street with n * 2 plots, where there are n plots on each side of the street. The plots on each side are numbered from 1 to n. On each plot, a house can be placed. Return the number of ways houses can be placed such that no two houses are adjacent to each other on the same side of the street. Since the answer may be very large, return it modulo 109 + 7. Note that if a house is placed on the ith plot on one side of the street, a house can also be placed on the ith plot on the other side of the street. Example 1: Input: n = 1 Output: 4 Explanation: Possible arrangements: 1. All plots a
1607	2745	Construct the Longest New String	You are given three integers x, y, and z. You have x strings equal to "AA", y strings equal to "BB", and z strings equal to "AB". You want to choose some (possibly all or none) of these strings and concatenate them in some order to form a new string. This new string must not contain "AAA" or "BBB" as a substring. Return the maximum possible length of the new string. A substring is a contiguous non-empty sequence of characters within a string. Example 1: Input: x = 2, y = 5, z = 1 Output: 12 Explanation: We can concatenate the strings "BB", "AA", "BB", "AA", "BB", and "AB" in that order. Then, 
1607	3080	Mark Elements on Array by Performing Queries	You are given a 0-indexed array nums of size n consisting of positive integers. You are also given a 2D array queries of size m where queries[i] = [indexi, ki]. Initially all elements of the array are unmarked. You need to apply m queries on the array in order, where on the ith query you do the following: Mark the element at index indexi if it is not already marked. Then mark ki unmarked elements in the array with the smallest values. If multiple such elements exist, mark the ones with the smallest indices. And if less than ki unmarked elements exist, then mark all of them. Return an array ans
1607	3286	Find a Safe Walk Through a Grid	You are given an m x n binary matrix grid and an integer health. You start on the upper-left corner (0, 0) and would like to get to the lower-right corner (m - 1, n - 1). You can move up, down, left, or right from one cell to another adjacent cell as long as your health remains positive. Cells (i, j) with grid[i][j] = 1 are considered unsafe and reduce your health by 1. Return true if you can reach the final cell with a health value of 1 or more, and false otherwise. Example 1: Input: grid = [[0,1,0,0,0],[0,1,0,1,0],[0,0,0,1,0]], health = 1 Output: true Explanation: The final cell can be reach
1607	962	Maximum Width Ramp	A ramp in an integer array nums is a pair (i, j) for which i < j and nums[i] <= nums[j]. The width of such a ramp is j - i. Given an integer array nums, return the maximum width of a ramp in nums. If there is no ramp in nums, return 0. Example 1: Input: nums = [6,0,8,2,1,5] Output: 4 Explanation: The maximum width ramp is achieved at (i, j) = (1, 5): nums[1] = 0 and nums[5] = 5. Example 2: Input: nums = [9,8,1,0,1,9,4,0,4,1] Output: 7 Explanation: The maximum width ramp is achieved at (i, j) = (2, 9): nums[2] = 1 and nums[9] = 1. Constraints: 2 <= nums.length <= 5 * 104 0 <= nums[i] <= 5 * 104
1608	2567	Minimum Score by Changing Two Elements	You are given an integer array nums. The low score of nums is the minimum absolute difference between any two integers. The high score of nums is the maximum absolute difference between any two integers. The score of nums is the sum of the high and low scores. Return the minimum score after changing two elements of nums. Example 1: Input: nums = [1,4,7,8,5] Output: 3 Explanation: Change nums[0] and nums[1] to be 6 so that nums becomes [6,6,7,8,5]. The low score is the minimum absolute difference: |6 - 6| = 0. The high score is the maximum absolute difference: |8 - 5| = 3. The sum of high and l
1608	3926	Count Valid Word Occurrences	You are given an array of strings chunks. Concatenate all strings in chunks in order to form a string s. You are also given an array of strings queries. A joiner hyphen is a hyphen character '-' in s whose previous and next characters both exist and are lowercase English letters. A word is a maximal substring of s consisting only of lowercase English letters and joiner hyphens. All other characters, including spaces and hyphens that are not joiner hyphens, are treated as separators. Return an integer array ans, where ans[i] is the number of times queries[i] appears as a word in s. Example 1: I
1609	2438	Range Product Queries of Powers	Given a positive integer n, there exists a 0-indexed array called powers, composed of the minimum number of powers of 2 that sum to n. The array is sorted in non-decreasing order, and there is only one way to form the array. You are also given a 0-indexed 2D integer array queries, where queries[i] = [lefti, righti]. Each queries[i] represents a query where you have to find the product of all powers[j] with lefti <= j <= righti. Return an array answers, equal in length to queries, where answers[i] is the answer to the ith query. Since the answer to the ith query may be too large, each answers[i
1610	1524	Number of Sub-arrays With Odd Sum	Given an array of integers arr, return the number of subarrays with an odd sum. Since the answer can be very large, return it modulo 109 + 7. Example 1: Input: arr = [1,3,5] Output: 4 Explanation: All subarrays are [[1],[1,3],[1,3,5],[3],[3,5],[5]] All sub-arrays sum are [1,4,9,3,8,5]. Odd sums are [1,9,3,5] so the answer is 4. Example 2: Input: arr = [2,4,6] Output: 0 Explanation: All subarrays are [[2],[2,4],[2,4,6],[4],[4,6],[6]] All sub-arrays sum are [2,6,12,4,10,6]. All sub-arrays have even sum and the answer is 0. Example 3: Input: arr = [1,2,3,4,5,6,7] Output: 16 Constraints: 1 <= arr.
1610	1670	Design Front Middle Back Queue	Design a queue that supports push and pop operations in the front, middle, and back. Implement the FrontMiddleBack class: FrontMiddleBack() Initializes the queue. void pushFront(int val) Adds val to the front of the queue. void pushMiddle(int val) Adds val to the middle of the queue. void pushBack(int val) Adds val to the back of the queue. int popFront() Removes the front element of the queue and returns it. If the queue is empty, return -1. int popMiddle() Removes the middle element of the queue and returns it. If the queue is empty, return -1. int popBack() Removes the back element of the q
1611	2232	Minimize Result by Adding Parentheses to Expression	You are given a 0-indexed string expression of the form "<num1>+<num2>" where <num1> and <num2> represent positive integers. Add a pair of parentheses to expression such that after the addition of parentheses, expression is a valid mathematical expression and evaluates to the smallest possible value. The left parenthesis must be added to the left of '+' and the right parenthesis must be added to the right of '+'. Return expression after adding a pair of parentheses such that expression evaluates to the smallest possible value. If there are multiple answers that yield the same result, return an
1611	789	Escape The Ghosts	You are playing a simplified PAC-MAN game on an infinite 2-D grid. You start at the point [0, 0], and you are given a destination point target = [xtarget, ytarget] that you are trying to get to. There are several ghosts on the map with their starting positions given as a 2D array ghosts, where ghosts[i] = [xi, yi] represents the starting position of the ith ghost. All inputs are integral coordinates. Each turn, you and all the ghosts may independently choose to either move 1 unit in any of the four cardinal directions: north, east, south, or west, or stay still. All actions happen simultaneous
1613	1277	Count Square Submatrices with All Ones	Given a m * n matrix of ones and zeros, return how many square submatrices have all ones. Example 1: Input: matrix = [ [0,1,1,1], [1,1,1,1], [0,1,1,1] ] Output: 15 Explanation: There are 10 squares of side 1. There are 4 squares of side 2. There is 1 square of side 3. Total number of squares = 10 + 4 + 1 = 15. Example 2: Input: matrix = [ [1,0,1], [1,1,0], [1,1,0] ] Output: 7 Explanation: There are 6 squares of side 1. There is 1 square of side 2. Total number of squares = 6 + 1 = 7. Constraints: 1 <= arr.length <= 300 1 <= arr[0].length <= 300 0 <= arr[i][j] <= 1
1613	2766	Relocate Marbles	You are given a 0-indexed integer array nums representing the initial positions of some marbles. You are also given two 0-indexed integer arrays moveFrom and moveTo of equal length. Throughout moveFrom.length steps, you will change the positions of the marbles. On the ith step, you will move all marbles at position moveFrom[i] to position moveTo[i]. After completing all the steps, return the sorted list of occupied positions. Notes: We call a position occupied if there is at least one marble in that position. There may be multiple marbles in a single position. Example 1: Input: nums = [1,6,7,8
1614	2145	Count the Hidden Sequences	You are given a 0-indexed array of n integers differences, which describes the differences between each pair of consecutive integers of a hidden sequence of length (n + 1). More formally, call the hidden sequence hidden, then we have that differences[i] = hidden[i + 1] - hidden[i]. You are further given two integers lower and upper that describe the inclusive range of values [lower, upper] that the hidden sequence can contain. For example, given differences = [1, -3, 4], lower = 1, upper = 6, the hidden sequence is a sequence of length 4 whose elements are in between 1 and 6 (inclusive). [3, 4
1615	1020	Number of Enclaves	You are given an m x n binary matrix grid, where 0 represents a sea cell and 1 represents a land cell. A move consists of walking from one land cell to another adjacent (4-directionally) land cell or walking off the boundary of the grid. Return the number of land cells in grid for which we cannot walk off the boundary of the grid in any number of moves. Example 1: Input: grid = [[0,0,0,0],[1,0,1,0],[0,1,1,0],[0,0,0,0]] Output: 3 Explanation: There are three 1s that are enclosed by 0s, and one 1 that is not enclosed because its on the boundary. Example 2: Input: grid = [[0,1,1,0],[0,0,1,0],[0,0
1616	2241	Design an ATM Machine	There is an ATM machine that stores banknotes of 5 denominations: 20, 50, 100, 200, and 500 dollars. Initially the ATM is empty. The user can use the machine to deposit or withdraw any amount of money. When withdrawing, the machine prioritizes using banknotes of larger values. For example, if you want to withdraw $300 and there are 2 $50 banknotes, 1 $100 banknote, and 1 $200 banknote, then the machine will use the $100 and $200 banknotes. However, if you try to withdraw $600 and there are 3 $200 banknotes and 1 $500 banknote, then the withdraw request will be rejected because the machine will
1618	1503	Last Moment Before All Ants Fall Out of a Plank	We have a wooden plank of the length n units. Some ants are walking on the plank, each ant moves with a speed of 1 unit per second. Some of the ants move to the left, the other move to the right. When two ants moving in two different directions meet at some point, they change their directions and continue moving again. Assume changing directions does not take any additional time. When an ant reaches one end of the plank at a time t, it falls out of the plank immediately. Given an integer n and two integer arrays left and right, the positions of the ants moving to the left and the right, return
1618	3840	House Robber V	You are a professional robber planning to rob houses along a street. Each house has a certain amount of money stashed and is protected by a security system with a color code. You are given two integer arrays nums and colors, both of length n, where nums[i] is the amount of money in the ith house and colors[i] is the color code of that house. You cannot rob two adjacent houses if they share the same color code. Return the maximum amount of money you can rob. Example 1: Input: nums = [1,4,3,5], colors = [1,1,2,2] Output: 9 Explanation: Choose houses i = 1 with nums[1] = 4 and i = 3 with nums[3] 
1619	2541	Minimum Operations to Make Array Equal II	You are given two integer arrays nums1 and nums2 of equal length n and an integer k. You can perform the following operation on nums1: Choose two indexes i and j and increment nums1[i] by k and decrement nums1[j] by k. In other words, nums1[i] = nums1[i] + k and nums1[j] = nums1[j] - k. nums1 is said to be equal to nums2 if for all indices i such that 0 <= i < n, nums1[i] == nums2[i]. Return the minimum number of operations required to make nums1 equal to nums2. If it is impossible to make them equal, return -1. Example 1: Input: nums1 = [4,3,1,4], nums2 = [1,3,7,1], k = 3 Output: 2 Explanatio
1620	3132	Find the Integer Added to Array II	You are given two integer arrays nums1 and nums2. From nums1 two elements have been removed, and all other elements have been increased (or decreased in the case of negative) by an integer, represented by the variable x. As a result, nums1 becomes equal to nums2. Two arrays are considered equal when they contain the same integers with the same frequencies. Return the minimum possible integer x that achieves this equivalence. Example 1: Input: nums1 = [4,20,16,12,8], nums2 = [14,18,10] Output: -2 Explanation: After removing elements at indices [0,4] and adding -2, nums1 becomes [18,14,10]. Exam
1622	2086	Minimum Number of Buckets Required to Collect Rainwater from Houses	You are given a 0-indexed string hamsters where hamsters[i] is either: 'H' indicating that there is a hamster at index i, or '.' indicating that index i is empty. You will add some number of food buckets at the empty indices in order to feed the hamsters. A hamster can be fed if there is at least one food bucket to its left or to its right. More formally, a hamster at index i can be fed if you place a food bucket at index i - 1 and/or at index i + 1. Return the minimum number of food buckets you should place at empty indices to feed all the hamsters or -1 if it is impossible to feed all of the
1622	2364	Count Number of Bad Pairs	You are given a 0-indexed integer array nums. A pair of indices (i, j) is a bad pair if i < j and j - i != nums[j] - nums[i]. Return the total number of bad pairs in nums. Example 1: Input: nums = [4,1,3,3] Output: 5 Explanation: The pair (0, 1) is a bad pair since 1 - 0 != 1 - 4. The pair (0, 2) is a bad pair since 2 - 0 != 3 - 4, 2 != -1. The pair (0, 3) is a bad pair since 3 - 0 != 3 - 4, 3 != -1. The pair (1, 2) is a bad pair since 2 - 1 != 3 - 1, 1 != 2. The pair (2, 3) is a bad pair since 3 - 2 != 3 - 3, 1 != 0. There are a total of 5 bad pairs, so we return 5. Example 2: Input: nums = [
1622	2365	Task Scheduler II	You are given a 0-indexed array of positive integers tasks, representing tasks that need to be completed in order, where tasks[i] represents the type of the ith task. You are also given a positive integer space, which represents the minimum number of days that must pass after the completion of a task before another task of the same type can be performed. Each day, until all tasks have been completed, you must either: Complete the next task from tasks, or Take a break. Return the minimum number of days needed to complete all tasks. Example 1: Input: tasks = [1,2,1,2,3,1], space = 3 Output: 9 Ex
1622	2425	Bitwise XOR of All Pairings	You are given two 0-indexed arrays, nums1 and nums2, consisting of non-negative integers. Let there be another array, nums3, which contains the bitwise XOR of all pairings of integers between nums1 and nums2 (every integer in nums1 is paired with every integer in nums2 exactly once). Return the bitwise XOR of all integers in nums3. Example 1: Input: nums1 = [2,1,3], nums2 = [10,2,5,0] Output: 13 Explanation: A possible nums3 array is [8,0,7,2,11,3,4,1,9,1,6,3]. The bitwise XOR of all these numbers is 13, so we return 13. Example 2: Input: nums1 = [1,2], nums2 = [3,4] Output: 0 Explanation: All
1623	1248	Count Number of Nice Subarrays	Given an array of integers nums and an integer k. A continuous subarray is called nice if there are k odd numbers on it. Return the number of nice sub-arrays. Example 1: Input: nums = [1,1,2,1,1], k = 3 Output: 2 Explanation: The only sub-arrays with 3 odd numbers are [1,1,2,1] and [1,2,1,1]. Example 2: Input: nums = [2,4,6], k = 1 Output: 0 Explanation: There are no odd numbers in the array. Example 3: Input: nums = [2,2,2,1,2,2,1,2,2,2], k = 2 Output: 16 Constraints: 1 <= nums.length <= 50000 1 <= nums[i] <= 10^5 1 <= k <= nums.length
1624	3805	Count Caesar Cipher Pairs	You are given an array words of n strings. Each string has length m and contains only lowercase English letters. Two strings s and t are similar if we can apply the following operation any number of times (possibly zero times) so that s and t become equal. Choose either s or t. Replace every letter in the chosen string with the next letter in the alphabet cyclically. The next letter after 'z' is 'a'. Count the number of pairs of indices (i, j) such that: i < j words[i] and words[j] are similar. Return an integer denoting the number of such pairs. Example 1: Input: words = ["fusion","layout"] O
1624	785	Is Graph Bipartite?	There is an undirected graph with n nodes, where each node is numbered between 0 and n - 1. You are given a 2D array graph, where graph[u] is an array of nodes that node u is adjacent to. More formally, for each v in graph[u], there is an undirected edge between node u and node v. The graph has the following properties: There are no self-edges (graph[u] does not contain u). There are no parallel edges (graph[u] does not contain duplicate values). If v is in graph[u], then u is in graph[v] (the graph is undirected). The graph may not be connected, meaning there may be two nodes u and v such tha
1624	916	Word Subsets	You are given two string arrays words1 and words2. A string b is a subset of string a if every letter in b occurs in a including multiplicity. For example, "wrr" is a subset of "warrior" but is not a subset of "world". A string a from words1 is universal if for every string b in words2, b is a subset of a. Return an array of all the universal strings in words1. You may return the answer in any order. Example 1: Input: words1 = ["amazon","apple","facebook","google","leetcode"], words2 = ["e","o"] Output: ["facebook","google","leetcode"] Example 2: Input: words1 = ["amazon","apple","facebook","g
1625	2684	Maximum Number of Moves in a Grid	You are given a 0-indexed m x n matrix grid consisting of positive integers. You can start at any cell in the first column of the matrix, and traverse the grid in the following way: From a cell (row, col), you can move to any of the cells: (row - 1, col + 1), (row, col + 1) and (row + 1, col + 1) such that the value of the cell you move to, should be strictly bigger than the value of the current cell. Return the maximum number of moves that you can perform. Example 1: Input: grid = [[2,4,3,5],[5,4,9,3],[3,4,2,11],[10,9,13,15]] Output: 3 Explanation: We can start at the cell (0, 0) and make the
1625	2860	Happy Students	You are given a 0-indexed integer array nums of length n where n is the total number of students in the class. The class teacher tries to select a group of students so that all the students remain happy. The ith student will become happy if one of these two conditions is met: The student is selected and the total number of selected students is strictly greater than nums[i]. The student is not selected and the total number of selected students is strictly less than nums[i]. Return the number of ways to select a group of students so that everyone remains happy. Example 1: Input: nums = [1,1] Out
1626	1182	Shortest Distance to Target Color	
1626	1366	Rank Teams by Votes	In a special ranking system, each voter gives a rank from highest to lowest to all teams participating in the competition. The ordering of teams is decided by who received the most position-one votes. If two or more teams tie in the first position, we consider the second position to resolve the conflict, if they tie again, we continue this process until the ties are resolved. If two or more teams are still tied after considering all positions, we rank them alphabetically based on their team letter. You are given an array of strings votes which is the votes of all voters in the ranking systems.
1628	1332	Remove Palindromic Subsequences	You are given a string s consisting only of letters 'a' and 'b'. In a single step you can remove one palindromic subsequence from s. Return the minimum number of steps to make the given string empty. A string is a subsequence of a given string if it is generated by deleting some characters of a given string without changing its order. Note that a subsequence does not necessarily need to be contiguous. A string is called palindrome if is one that reads the same backward as well as forward. Example 1: Input: s = "ababa" Output: 1 Explanation: s is already a palindrome, so its entirety can be rem
1629	1680	Concatenation of Consecutive Binary Numbers	Given an integer n, return the decimal value of the binary string formed by concatenating the binary representations of 1 to n in order, modulo 109 + 7. Example 1: Input: n = 1 Output: 1 Explanation: "1" in binary corresponds to the decimal value 1. Example 2: Input: n = 3 Output: 27 Explanation: In binary, 1, 2, and 3 corresponds to "1", "10", and "11". After concatenating them, we have "11011", which corresponds to the decimal value 27. Example 3: Input: n = 12 Output: 505379714 Explanation: The concatenation results in "1101110010111011110001001101010111100". The decimal value of that is 11
1631	1540	Can Convert String in K Moves	Given two strings s and t, your goal is to convert s into t in k moves or less. During the ith (1 <= i <= k) move you can: Choose any index j (1-indexed) from s, such that 1 <= j <= s.length and j has not been chosen in any previous move, and shift the character at that index i times. Do nothing. Shifting a character means replacing it by the next letter in the alphabet (wrapping around so that 'z' becomes 'a'). Shifting a character by i means applying the shift operations i times. Remember that any index j can be picked at most once. Return true if it's possible to convert s into t in no more
1631	2580	Count Ways to Group Overlapping Ranges	You are given a 2D integer array ranges where ranges[i] = [starti, endi] denotes that all integers between starti and endi (both inclusive) are contained in the ith range. You are to split ranges into two (possibly empty) groups such that: Each range belongs to exactly one group. Any two overlapping ranges must belong to the same group. Two ranges are said to be overlapping if there exists at least one integer that is present in both ranges. For example, [1, 3] and [2, 5] are overlapping because 2 and 3 occur in both ranges. Return the total number of ways to split ranges into two groups. Sinc
1632	820	Short Encoding of Words	A valid encoding of an array of words is any reference string s and array of indices indices such that: words.length == indices.length The reference string s ends with the '#' character. For each index indices[i], the substring of s starting from indices[i] and up to (but not including) the next '#' character is equal to words[i]. Given an array of words, return the length of the shortest reference string s possible of any valid encoding of words. Example 1: Input: words = ["time", "me", "bell"] Output: 10 Explanation: A valid encoding would be s = "time#bell#" and indices = [0, 2, 5]. words[0
1633	1053	Previous Permutation With One Swap	Given an array of positive integers arr (not necessarily distinct), return the lexicographically largest permutation that is smaller than arr, that can be made with exactly one swap. If it cannot be done, then return the same array. Note that a swap exchanges the positions of two numbers arr[i] and arr[j] Example 1: Input: arr = [3,2,1] Output: [3,1,2] Explanation: Swapping 2 and 1. Example 2: Input: arr = [1,1,5] Output: [1,1,5] Explanation: This is already the smallest permutation. Example 3: Input: arr = [1,9,4,6,7] Output: [1,7,4,6,9] Explanation: Swapping 9 and 7. Constraints: 1 <= arr.le
1633	1319	Number of Operations to Make Network Connected	There are n computers numbered from 0 to n - 1 connected by ethernet cables connections forming a network where connections[i] = [ai, bi] represents a connection between computers ai and bi. Any computer can reach any other computer directly or indirectly through the network. You are given an initial computer network connections. You can extract certain cables between two directly connected computers, and place them between any pair of disconnected computers to make them directly connected. Return the minimum number of times you need to do this in order to make all the computers connected. If 
1633	1466	Reorder Routes to Make All Paths Lead to the City Zero	There are n cities numbered from 0 to n - 1 and n - 1 roads such that there is only one way to travel between two different cities (this network form a tree). Last year, The ministry of transport decided to orient the roads in one direction because they are too narrow. Roads are represented by connections where connections[i] = [ai, bi] represents a road from city ai to city bi. This year, there will be a big event in the capital (city 0), and many people want to travel to this city. Your task consists of reorienting some roads such that each city can visit the city 0. Return the minimum numbe
1635	1899	Merge Triplets to Form Target Triplet	A triplet is an array of three integers. You are given a 2D integer array triplets, where triplets[i] = [ai, bi, ci] describes the ith triplet. You are also given an integer array target = [x, y, z] that describes the triplet you want to obtain. To obtain target, you may apply the following operation on triplets any number of times (possibly zero): Choose two indices (0-indexed) i and j (i != j) and update triplets[j] to become [max(ai, aj), max(bi, bj), max(ci, cj)]. For example, if triplets[i] = [2, 5, 3] and triplets[j] = [1, 7, 5], triplets[j] will be updated to [max(2, 1), max(5, 7), max(
1635	2471	Minimum Number of Operations to Sort a Binary Tree by Level	You are given the root of a binary tree with unique values. In one operation, you can choose any two nodes at the same level and swap their values. Return the minimum number of operations needed to make the values at each level sorted in a strictly increasing order. The level of a node is the number of edges along the path between it and the root node. Example 1: Input: root = [1,4,3,7,6,8,5,null,null,null,null,9,null,10] Output: 3 Explanation: - Swap 4 and 3. The 2nd level becomes [3,4]. - Swap 7 and 5. The 3rd level becomes [5,6,8,7]. - Swap 8 and 7. The 3rd level becomes [5,6,7,8]. We used 
1635	3076	Shortest Uncommon Substring in an Array	You are given an array arr of size n consisting of non-empty strings. Find a string array answer of size n such that: answer[i] is the shortest substring of arr[i] that does not occur as a substring in any other string in arr. If multiple such substrings exist, answer[i] should be the lexicographically smallest. And if no such substring exists, answer[i] should be an empty string. Return the array answer. Example 1: Input: arr = ["cab","ad","bad","c"] Output: ["ab","","ba",""] Explanation: We have the following: - For the string "cab", the shortest substring that does not occur in any other st
1636	1386	Cinema Seat Allocation	A cinema has n rows of seats, numbered from 1 to n and there are ten seats in each row, labelled from 1 to 10 as shown in the figure above. Given the array reservedSeats containing the numbers of seats already reserved, for example, reservedSeats[i] = [3,8] means the seat located in row 3 and labelled with 8 is already reserved. Return the maximum number of four-person groups you can assign on the cinema seats. A four-person group occupies four adjacent seats in one single row. Seats across an aisle (such as [3,3] and [3,4]) are not considered to be adjacent, but there is an exceptional case o
1636	2384	Largest Palindromic Number	You are given a string num consisting of digits only. Return the largest palindromic integer (in the form of a string) that can be formed using digits taken from num. It should not contain leading zeroes. Notes: You do not need to use all the digits of num, but you must use at least one digit. The digits can be reordered. Example 1: Input: num = "444947137" Output: "7449447" Explanation: Use the digits "4449477" from "444947137" to form the palindromic integer "7449447". It can be shown that "7449447" is the largest palindromic integer that can be formed. Example 2: Input: num = "00009" Output
1636	2512	Reward Top K Students	You are given two string arrays positive_feedback and negative_feedback, containing the words denoting positive and negative feedback, respectively. Note that no word is both positive and negative. Initially every student has 0 points. Each positive word in a feedback report increases the points of a student by 3, whereas each negative word decreases the points by 1. You are given n feedback reports, represented by a 0-indexed string array report and a 0-indexed integer array student_id, where student_id[i] represents the ID of the student who has received the feedback report report[i]. The ID
1637	1558	Minimum Numbers of Function Calls to Make Target Array	You are given an integer array nums. You have an integer array arr of the same length with all values set to 0 initially. You also have the following modify function: You want to use the modify function to convert arr to nums using the minimum number of calls. Return the minimum number of function calls to make nums from arr. The test cases are generated so that the answer fits in a 32-bit signed integer. Example 1: Input: nums = [1,5] Output: 5 Explanation: Increment by 1 (second element): [0, 0] to get [0, 1] (1 operation). Double all the elements: [0, 1] -> [0, 2] -> [0, 4] (2 operations). 
1638	1926	Nearest Exit from Entrance in Maze	You are given an m x n matrix maze (0-indexed) with empty cells (represented as '.') and walls (represented as '+'). You are also given the entrance of the maze, where entrance = [entrancerow, entrancecol] denotes the row and column of the cell you are initially standing at. In one step, you can move one cell up, down, left, or right. You cannot step into a cell with a wall, and you cannot step outside the maze. Your goal is to find the nearest exit from the entrance. An exit is defined as an empty cell that is at the border of the maze. The entrance does not count as an exit. Return the numbe
1638	2779	Maximum Beauty of an Array After Applying Operation	You are given a 0-indexed array nums and a non-negative integer k. In one operation, you can do the following: Choose an index i that hasn't been chosen before from the range [0, nums.length - 1]. Replace nums[i] with any integer from the range [nums[i] - k, nums[i] + k]. The beauty of the array is the length of the longest subsequence consisting of equal elements. Return the maximum possible beauty of the array nums after applying the operation any number of times. Note that you can apply the operation to each index only once. A subsequence of an array is a new array generated from the origin
1638	3679	 Minimum Discards to Balance Inventory	You are given two integers w and m, and an integer array arrivals, where arrivals[i] is the type of item arriving on day i (days are 1-indexed). Items are managed according to the following rules: Each arrival may be kept or discarded; an item may only be discarded on its arrival day. For each day i, consider the window of days [max(1, i - w + 1), i] (the w most recent days up to day i): For any such window, each item type may appear at most m times among kept arrivals whose arrival day lies in that window. If keeping the arrival on day i would cause its type to appear more than m times in the
1638	838	Push Dominoes	There are n dominoes in a line, and we place each domino vertically upright. In the beginning, we simultaneously push some of the dominoes either to the left or to the right. After each second, each domino that is falling to the left pushes the adjacent domino on the left. Similarly, the dominoes falling to the right push their adjacent dominoes standing on the right. When a vertical domino has dominoes falling on it from both sides, it stays still due to the balance of the forces. For the purposes of this question, we will consider that a falling domino expends no additional force to a fallin
1638	990	Satisfiability of Equality Equations	You are given an array of strings equations that represent relationships between variables where each string equations[i] is of length 4 and takes one of two different forms: "xi==yi" or "xi!=yi".Here, xi and yi are lowercase letters (not necessarily different) that represent one-letter variable names. Return true if it is possible to assign integers to variable names so as to satisfy all the given equations, or false otherwise. Example 1: Input: equations = ["a==b","b!=a"] Output: false Explanation: If we assign say, a = 1 and b = 1, then the first equation is satisfied, but not the second. T
1639	3603	Minimum Cost Path with Alternating Directions II	You are given two integers m and n representing the number of rows and columns of a grid, respectively. The cost to enter cell (i, j) is defined as (i + 1) * (j + 1). You are also given a 2D integer array waitCost where waitCost[i][j] defines the cost to wait on that cell. The path will always begin by entering cell (0, 0) on move 1 and paying the entrance cost. At each step, you follow an alternating pattern: On odd-numbered seconds, you must move right or down to an adjacent cell, paying its entry cost. On even-numbered seconds, you must wait in place for exactly one second and pay waitCost[
1640	2187	Minimum Time to Complete Trips	You are given an array time where time[i] denotes the time taken by the ith bus to complete one trip. Each bus can make multiple trips successively; that is, the next trip can start immediately after completing the current trip. Also, each bus operates independently; that is, the trips of one bus do not influence the trips of any other bus. You are also given an integer totalTrips, which denotes the number of trips all buses should make in total. Return the minimum time required for all buses to complete at least totalTrips trips. Example 1: Input: time = [1,2,3], totalTrips = 5 Output: 3 Expl
1640	2344	Minimum Deletions to Make Array Divisible	You are given two positive integer arrays nums and numsDivide. You can delete any number of elements from nums. Return the minimum number of deletions such that the smallest element in nums divides all the elements of numsDivide. If this is not possible, return -1. Note that an integer x divides y if y % x == 0. Example 1: Input: nums = [2,3,2,4,3], numsDivide = [9,6,9,3,15] Output: 2 Explanation: The smallest element in [2,3,2,4,3] is 2, which does not divide all the elements of numsDivide. We use 2 deletions to delete the elements in nums that are equal to 2 which makes nums = [3,4,3]. The s
1641	2375	Construct Smallest Number From DI String	You are given a 0-indexed string pattern of length n consisting of the characters 'I' meaning increasing and 'D' meaning decreasing. A 0-indexed string num of length n + 1 is created using the following conditions: num consists of the digits '1' to '9', where each digit is used at most once. If pattern[i] == 'I', then num[i] < num[i + 1]. If pattern[i] == 'D', then num[i] > num[i + 1]. Return the lexicographically smallest possible string num that meets the conditions. Example 1: Input: pattern = "IIIDIDDD" Output: "123549876" Explanation: At indices 0, 1, 2, and 4 we must have that num[i] < n
1641	3613	Minimize Maximum Component Cost	You are given an undirected connected graph with n nodes labeled from 0 to n - 1 and a 2D integer array edges where edges[i] = [ui, vi, wi] denotes an undirected edge between node ui and node vi with weight wi, and an integer k. You are allowed to remove any number of edges from the graph such that the resulting graph has at most k connected components. The cost of a component is defined as the maximum edge weight in that component. If a component has no edges, its cost is 0. Return the minimum possible value of the maximum cost among all components after such removals. Example 1: Input: n = 5
1642	2275	Largest Combination With Bitwise AND Greater Than Zero	The bitwise AND of an array nums is the bitwise AND of all integers in nums. For example, for nums = [1, 5, 3], the bitwise AND is equal to 1 & 5 & 3 = 1. Also, for nums = [7], the bitwise AND is 7. You are given an array of positive integers candidates. Compute the bitwise AND for all possible combinations of elements in the candidates array. Return the size of the largest combination of candidates with a bitwise AND greater than 0. Example 1: Input: candidates = [16,17,71,62,12,24,14] Output: 4 Explanation: The combination [16,17,62,24] has a bitwise AND of 16 & 17 & 62 & 24 = 16 > 0. The si
1643	2024	Maximize the Confusion of an Exam	A teacher is writing a test with n true/false questions, with 'T' denoting true and 'F' denoting false. He wants to confuse the students by maximizing the number of consecutive questions with the same answer (multiple trues or multiple falses in a row). You are given a string answerKey, where answerKey[i] is the original answer to the ith question. In addition, you are given an integer k, the maximum number of times you may perform the following operation: Change the answer key for any question to 'T' or 'F' (i.e., set answerKey[i] to 'T' or 'F'). Return the maximum number of consecutive 'T's 
1643	2196	Create Binary Tree From Descriptions	You are given a 2D integer array descriptions where descriptions[i] = [parenti, childi, isLefti] indicates that parenti is the parent of childi in a binary tree of unique values. Furthermore, If isLefti == 1, then childi is the left child of parenti. If isLefti == 0, then childi is the right child of parenti. Construct the binary tree described by descriptions and return its root. The test cases will be generated such that the binary tree is valid. Example 1: Input: descriptions = [[20,15,1],[20,17,0],[50,20,1],[50,80,0],[80,19,1]] Output: [50,20,80,15,17,19] Explanation: The root node is the 
1643	3371	Identify the Largest Outlier in an Array	You are given an integer array nums. This array contains n elements, where exactly n - 2 elements are special numbers. One of the remaining two elements is the sum of these special numbers, and the other is an outlier. An outlier is defined as a number that is neither one of the original special numbers nor the element representing the sum of those numbers. Note that special numbers, the sum element, and the outlier must have distinct indices, but may share the same value. Return the largest potential outlier in nums. Example 1: Input: nums = [2,3,5,10] Output: 10 Explanation: The special numb
1645	3153	Sum of Digit Differences of All Pairs	You are given an array nums consisting of positive integers where all integers have the same number of digits. The digit difference between two integers is the count of different digits that are in the same position in the two integers. Return the sum of the digit differences between all pairs of integers in nums. Example 1: Input: nums = [13,23,12] Output: 4 Explanation: We have the following: - The digit difference between 13 and 23 is 1. - The digit difference between 13 and 12 is 1. - The digit difference between 23 and 12 is 2. So the total sum of digit differences between all pairs of in
1646	1358	Number of Substrings Containing All Three Characters	Given a string s consisting only of characters a, b and c. Return the number of substrings containing at least one occurrence of all these characters a, b and c. Example 1: Input: s = "abcabc" Output: 10 Explanation: The substrings containing at least one occurrence of the characters a, b and c are "abc", "abca", "abcab", "abcabc", "bca", "bcab", "bcabc", "cab", "cabc" and "abc" (again). Example 2: Input: s = "aaacb" Output: 3 Explanation: The substrings containing at least one occurrence of the characters a, b and c are "aaacb", "aacb" and "acb". Example 3: Input: s = "abc" Output: 1 Constrai
1646	2226	Maximum Candies Allocated to K Children	You are given a 0-indexed integer array candies. Each element in the array denotes a pile of candies of size candies[i]. You can divide each pile into any number of sub piles, but you cannot merge two piles together. You are also given an integer k. You should allocate piles of candies to k children such that each child gets the same number of candies. Each child can be allocated candies from only one pile of candies and some piles of candies may go unused. Return the maximum number of candies each child can get. Example 1: Input: candies = [5,8,6], k = 3 Output: 5 Explanation: We can divide c
1647	3709	Design Exam Scores Tracker	Alice frequently takes exams and wants to track her scores and calculate the total scores over specific time periods. Implement the ExamTracker class: ExamTracker(): Initializes the ExamTracker object. void record(int time, int score): Alice takes a new exam at time time and achieves the score score. long long totalScore(int startTime, int endTime): Returns an integer that represents the total score of all exams taken by Alice between startTime and endTime (inclusive). If there are no recorded exams taken by Alice within the specified time interval, return 0. It is guaranteed that the function
1648	1975	Maximum Matrix Sum	You are given an n x n integer matrix. You can do the following operation any number of times: Choose any two adjacent elements of matrix and multiply each of them by -1. Two elements are considered adjacent if and only if they share a border. Your goal is to maximize the summation of the matrix's elements. Return the maximum sum of the matrix's elements using the operation mentioned above. Example 1: Input: matrix = [[1,-1],[-1,1]] Output: 4 Explanation: We can follow the following steps to reach sum equals 4: - Multiply the 2 elements in the first row by -1. - Multiply the 2 elements in the 
1648	2423	Remove Letter To Equalize Frequency	You are given a 0-indexed string word, consisting of lowercase English letters. You need to select one index and remove the letter at that index from word so that the frequency of every letter present in word is equal. Return true if it is possible to remove one letter so that the frequency of all letters in word are equal, and false otherwise. Note: The frequency of a letter x is the number of times it occurs in the string. You must remove exactly one letter and cannot choose to do nothing. Example 1: Input: word = "abcc" Output: true Explanation: Select index 3 and delete it: word becomes "a
1648	3698	Split Array With Minimum Difference	You are given an integer array nums. Split the array into exactly two subarrays, left and right, such that left is strictly increasing and right is strictly decreasing. Return the minimum possible absolute difference between the sums of left and right. If no valid split exists, return -1. Example 1: Input: nums = [1,3,2] Output: 2 Explanation: i left right Validity left sum right sum Absolute difference 0 [1] [3, 2] Yes 1 5 |1 - 5| = 4 1 [1, 3] [2] Yes 4 2 |4 - 2| = 2 Thus, the minimum absolute difference is 2. Example 2: Input: nums = [1,2,4,3] Output: 4 Explanation: i left right Validity lef
1648	870	Advantage Shuffle	You are given two integer arrays nums1 and nums2 both of the same length. The advantage of nums1 with respect to nums2 is the number of indices i for which nums1[i] > nums2[i]. Return any permutation of nums1 that maximizes its advantage with respect to nums2. Example 1: Input: nums1 = [2,7,11,15], nums2 = [1,10,4,11] Output: [2,11,7,15] Example 2: Input: nums1 = [12,24,8,32], nums2 = [13,25,32,11] Output: [24,32,8,12] Constraints: 1 <= nums1.length <= 105 nums2.length == nums1.length 0 <= nums1[i], nums2[i] <= 109
1649	1367	Linked List in Binary Tree	Given a binary tree root and a linked list with head as the first node. Return True if all the elements in the linked list starting from the head correspond to some downward path connected in the binary tree otherwise return False. In this context downward path means a path that starts at some node and goes downwards. Example 1: Input: head = [4,2,8], root = [1,4,4,null,2,2,null,1,null,6,8,null,null,null,null,1,3] Output: true Explanation: Nodes in blue form a subpath in the binary Tree. Example 2: Input: head = [1,4,2,6], root = [1,4,4,null,2,2,null,1,null,6,8,null,null,null,null,1,3] Output:
1649	2523	Closest Prime Numbers in Range	Given two positive integers left and right, find the two integers num1 and num2 such that: left <= num1 < num2 <= right . Both num1 and num2 are prime numbers. num2 - num1 is the minimum amongst all other pairs satisfying the above conditions. Return the positive integer array ans = [num1, num2]. If there are multiple pairs satisfying these conditions, return the one with the smallest num1 value. If no such numbers exist, return [-1, -1]. Example 1: Input: left = 10, right = 19 Output: [11,13] Explanation: The prime numbers between 10 and 19 are 11, 13, 17, and 19. The closest gap between any 
1649	2571	Minimum Operations to Reduce an Integer to 0	You are given a positive integer n, you can do the following operation any number of times: Add or subtract a power of 2 from n. Return the minimum number of operations to make n equal to 0. A number x is power of 2 if x == 2i where i >= 0. Example 1: Input: n = 39 Output: 3 Explanation: We can do the following operations: - Add 20 = 1 to n, so now n = 40. - Subtract 23 = 8 from n, so now n = 32. - Subtract 25 = 32 from n, so now n = 0. It can be shown that 3 is the minimum number of operations we need to make n equal to 0. Example 2: Input: n = 54 Output: 3 Explanation: We can do the followin
1651	2343	Query Kth Smallest Trimmed Number	You are given a 0-indexed array of strings nums, where each string is of equal length and consists of only digits. You are also given a 0-indexed 2D integer array queries where queries[i] = [ki, trimi]. For each queries[i], you need to: Trim each number in nums to its rightmost trimi digits. Determine the index of the kith smallest trimmed number in nums. If two trimmed numbers are equal, the number with the lower index is considered to be smaller. Reset each number in nums to its original length. Return an array answer of the same length as queries, where answer[i] is the answer to the ith qu
1651	3927	Minimize Array Sum Using Divisible Replacements	You are given an integer array nums. You can perform the following operation any number of times: Choose two indices a and b such that nums[a] % nums[b] == 0. Replace nums[a] with nums[b]. Return the minimum possible sum of the array after performing any number of operations. Example 1: Input: nums = [3,6,2] Output: 7 Explanation: Choose a = 1, b = 2, where nums[a] = 6 and nums[b] = 2. Since 6 % 2 == 0, replace nums[1] with nums[2]. The array becomes [3, 2, 2]. No further operation reduces the sum. Thus, the final sum is 3 + 2 + 2 = 7. Example 2: Input: nums = [4,2,8,3] Output: 9 Explanation: 
1651	750	Number Of Corner Rectangles	
1652	1311	Get Watched Videos by Your Friends	There are n people, each person has a unique id between 0 and n-1. Given the arrays watchedVideos and friends, where watchedVideos[i] and friends[i] contain the list of watched videos and the list of friends respectively for the person with id = i. Level 1 of videos are all watched videos by your friends, level 2 of videos are all watched videos by the friends of your friends and so on. In general, the level k of videos are all watched videos by people with the shortest path exactly equal to k with you. Given your id and the level of videos, return the list of videos ordered by their frequenci
1653	1155	Number of Dice Rolls With Target Sum	You have n dice, and each dice has k faces numbered from 1 to k. Given three integers n, k, and target, return the number of possible ways (out of the kn total ways) to roll the dice, so the sum of the face-up numbers equals target. Since the answer may be too large, return it modulo 109 + 7. Example 1: Input: n = 1, k = 6, target = 3 Output: 1 Explanation: You throw one die with 6 faces. There is only one way to get a sum of 3. Example 2: Input: n = 2, k = 6, target = 7 Output: 6 Explanation: You throw two dice, each with 6 faces. There are 6 ways to get a sum of 7: 1+6, 2+5, 3+4, 4+3, 5+2, 6
1653	1509	Minimum Difference Between Largest and Smallest Value in Three Moves	You are given an integer array nums. In one move, you can choose one element of nums and change it to any value. Return the minimum difference between the largest and smallest value of nums after performing at most three moves. Example 1: Input: nums = [5,3,2,4] Output: 0 Explanation: We can make at most 3 moves. In the first move, change 2 to 3. nums becomes [5,3,3,4]. In the second move, change 4 to 3. nums becomes [5,3,3,3]. In the third move, change 5 to 3. nums becomes [3,3,3,3]. After performing 3 moves, the difference between the minimum and maximum is 3 - 3 = 0. Example 2: Input: nums 
1654	1257	Smallest Common Region	
1654	3218	Minimum Cost for Cutting Cake I	There is an m x n cake that needs to be cut into 1 x 1 pieces. You are given integers m, n, and two arrays: horizontalCut of size m - 1, where horizontalCut[i] represents the cost to cut along the horizontal line i. verticalCut of size n - 1, where verticalCut[j] represents the cost to cut along the vertical line j. In one operation, you can choose any piece of cake that is not yet a 1 x 1 square and perform one of the following cuts: Cut along a horizontal line i at a cost of horizontalCut[i]. Cut along a vertical line j at a cost of verticalCut[j]. After the cut, the piece of cake is divided
1655	1004	Max Consecutive Ones III	Given a binary array nums and an integer k, return the maximum number of consecutive 1's in the array if you can flip at most k 0's. Example 1: Input: nums = [1,1,1,0,0,0,1,1,1,1,0], k = 2 Output: 6 Explanation: [1,1,1,0,0,1,1,1,1,1,1] Bolded numbers were flipped from 0 to 1. The longest subarray is underlined. Example 2: Input: nums = [0,0,1,1,0,0,1,1,1,0,1,1,0,0,0,1,1,1,1], k = 3 Output: 10 Explanation: [0,0,1,1,1,1,1,1,1,1,1,1,0,0,0,1,1,1,1] Bolded numbers were flipped from 0 to 1. The longest subarray is underlined. Constraints: 1 <= nums.length <= 105 nums[i] is either 0 or 1. 0 <= k <= n
1655	3598	Longest Common Prefix Between Adjacent Strings After Removals	You are given an array of strings words. For each index i in the range [0, words.length - 1], perform the following steps: Remove the element at index i from the words array. Compute the length of the longest common prefix among all adjacent pairs in the modified array. Return an array answer, where answer[i] is the length of the longest common prefix between the adjacent pairs after removing the element at index i. If no adjacent pairs remain or if none share a common prefix, then answer[i] should be 0. Example 1: Input: words = ["jump","run","run","jump","run"] Output: [3,0,0,3,3] Explanatio
1656	2222	Number of Ways to Select Buildings	You are given a 0-indexed binary string s which represents the types of buildings along a street where: s[i] = '0' denotes that the ith building is an office and s[i] = '1' denotes that the ith building is a restaurant. As a city official, you would like to select 3 buildings for random inspection. However, to ensure variety, no two consecutive buildings out of the selected buildings can be of the same type. For example, given s = "001101", we cannot select the 1st, 3rd, and 5th buildings as that would form "011" which is not allowed due to having two consecutive buildings of the same type. Re
1656	3766	Minimum Operations to Make Binary Palindrome	You are given an integer array nums. For each element nums[i], you may perform the following operations any number of times (including zero): Increase nums[i] by 1, or Decrease nums[i] by 1. A number is called a binary palindrome if its binary representation without leading zeros reads the same forward and backward. Your task is to return an integer array ans, where ans[i] represents the minimum number of operations required to convert nums[i] into a binary palindrome. Example 1: Input: nums = [1,2,4] Output: [0,1,1] Explanation: One optimal set of operations: nums[i] Binary(nums[i]) Nearest P
1657	1249	Minimum Remove to Make Valid Parentheses	Given a string s of '(' , ')' and lowercase English characters. Your task is to remove the minimum number of parentheses ( '(' or ')', in any positions ) so that the resulting parentheses string is valid and return any valid string. Formally, a parentheses string is valid if and only if: It is the empty string, contains only lowercase characters, or It can be written as AB (A concatenated with B), where A and B are valid strings, or It can be written as (A), where A is a valid string. Example 1: Input: s = "lee(t(c)o)de)" Output: "lee(t(c)o)de" Explanation: "lee(t(co)de)" , "lee(t(c)ode)" woul
1657	3015	Count the Number of Houses at a Certain Distance I	You are given three positive integers n, x, and y. In a city, there exist houses numbered 1 to n connected by n streets. There is a street connecting the house numbered i with the house numbered i + 1 for all 1 <= i <= n - 1 . An additional street connects the house numbered x with the house numbered y. For each k, such that 1 <= k <= n, you need to find the number of pairs of houses (house1, house2) such that the minimum number of streets that need to be traveled to reach house2 from house1 is k. Return a 1-indexed array result of length n where result[k] represents the total number of pairs 
1658	1091	Shortest Path in Binary Matrix	Given an n x n binary matrix grid, return the length of the shortest clear path in the matrix. If there is no clear path, return -1. A clear path in a binary matrix is a path from the top-left cell (i.e., (0, 0)) to the bottom-right cell (i.e., (n - 1, n - 1)) such that: All the visited cells of the path are 0. All the adjacent cells of the path are 8-directionally connected (i.e., they are different and they share an edge or a corner). The length of a clear path is the number of visited cells of this path. Example 1: Input: grid = [[0,1],[1,0]] Output: 2 Example 2: Input: grid = [[0,0,0],[1,1
1658	1169	Invalid Transactions	A transaction is possibly invalid if: the amount exceeds $1000, or; if it occurs within (and including) 60 minutes of another transaction with the same name in a different city. You are given an array of strings transaction where transactions[i] consists of comma-separated values representing the name, time (in minutes), amount, and city of the transaction. Return a list of transactions that are possibly invalid. You may return the answer in any order. Example 1: Input: transactions = ["alice,20,800,mtv","alice,50,100,beijing"] Output: ["alice,20,800,mtv","alice,50,100,beijing"] Explanation: T
1658	1254	Number of Closed Islands	Given a 2D grid consists of 0s (land) and 1s (water). An island is a maximal 4-directionally connected group of 0s and a closed island is an island totally (all left, top, right, bottom) surrounded by 1s. Return the number of closed islands. Example 1: Input: grid = [[1,1,1,1,1,1,1,0],[1,0,0,0,0,1,1,0],[1,0,1,0,1,1,1,0],[1,0,0,0,0,1,0,1],[1,1,1,1,1,1,1,0]] Output: 2 Explanation: Islands in gray are closed because they are completely surrounded by water (group of 1s). Example 2: Input: grid = [[0,0,1,0,0],[0,1,0,1,0],[0,1,1,1,0]] Output: 1 Example 3: Input: grid = [[1,1,1,1,1,1,1], [1,0,0,0,0,0
1658	1583	Count Unhappy Friends	You are given a list of preferences for n friends, where n is always even. For each person i, preferences[i] contains a list of friends sorted in the order of preference. In other words, a friend earlier in the list is more preferred than a friend later in the list. Friends in each list are denoted by integers from 0 to n-1. All the friends are divided into pairs. The pairings are given in a list pairs, where pairs[i] = [xi, yi] denotes xi is paired with yi and yi is paired with xi. However, this pairing may cause some of the friends to be unhappy. A friend x is unhappy if x is paired with y a
1658	1958	Check if Move is Legal	You are given a 0-indexed 8 x 8 grid board, where board[r][c] represents the cell (r, c) on a game board. On the board, free cells are represented by '.', white cells are represented by 'W', and black cells are represented by 'B'. Each move in this game consists of choosing a free cell and changing it to the color you are playing as (either white or black). However, a move is only legal if, after changing it, the cell becomes the endpoint of a good line (horizontal, vertical, or diagonal). A good line is a line of three or more cells (including the endpoints) where the endpoints of the line ar
1658	2195	Append K Integers With Minimal Sum	You are given an integer array nums and an integer k. Append k unique positive integers that do not appear in nums to nums such that the resulting total sum is minimum. Return the sum of the k integers appended to nums. Example 1: Input: nums = [1,4,25,10,25], k = 2 Output: 5 Explanation: The two unique positive integers that do not appear in nums which we append are 2 and 3. The resulting sum of nums is 1 + 4 + 25 + 10 + 25 + 2 + 3 = 70, which is the minimum. The sum of the two integers appended is 2 + 3 = 5, so we return 5. Example 2: Input: nums = [5,6], k = 6 Output: 25 Explanation: The si
1658	2304	Minimum Path Cost in a Grid	You are given a 0-indexed m x n integer matrix grid consisting of distinct integers from 0 to m * n - 1. You can move in this matrix from a cell to any other cell in the next row. That is, if you are in cell (x, y) such that x < m - 1, you can move to any of the cells (x + 1, 0), (x + 1, 1), ..., (x + 1, n - 1). Note that it is not possible to move from cells in the last row. Each possible move has a cost given by a 0-indexed 2D array moveCost of size (m * n) x n, where moveCost[i][j] is the cost of moving from a cell with value i to a cell in column j of the next row. The cost of moving from 
1658	2915	Length of the Longest Subsequence That Sums to Target	You are given a 0-indexed array of integers nums, and an integer target. Return the length of the longest subsequence of nums that sums up to target. If no such subsequence exists, return -1. A subsequence is an array that can be derived from another array by deleting some or no elements without changing the order of the remaining elements. Example 1: Input: nums = [1,2,3,4,5], target = 9 Output: 3 Explanation: There are 3 subsequences with a sum equal to 9: [4,5], [1,3,5], and [2,3,4]. The longest subsequences are [1,3,5], and [2,3,4]. Hence, the answer is 3. Example 2: Input: nums = [4,1,3,2
1658	3532	Path Existence Queries in a Graph I	You are given an integer n representing the number of nodes in a graph, labeled from 0 to n - 1. You are also given an integer array nums of length n sorted in non-decreasing order, and an integer maxDiff. An undirected edge exists between nodes i and j if the absolute difference between nums[i] and nums[j] is at most maxDiff (i.e., |nums[i] - nums[j]| <= maxDiff). You are also given a 2D integer array queries. For each queries[i] = [ui, vi], determine whether there exists a path between nodes ui and vi. Return a boolean array answer, where answer[i] is true if there exists a path between ui a
1659	3029	Minimum Time to Revert Word to Initial State I	You are given a 0-indexed string word and an integer k. At every second, you must perform the following operations: Remove the first k characters of word. Add any k characters to the end of word. Note that you do not necessarily need to add the same characters that you removed. However, you must perform both operations at every second. Return the minimum time greater than zero required for word to revert to its initial state. Example 1: Input: word = "abacaba", k = 3 Output: 2 Explanation: At the 1st second, we remove characters "aba" from the prefix of word, and add characters "bac" to the en
1661	3265	Count Almost Equal Pairs I	You are given an array nums consisting of positive integers. We call two integers x and y in this problem almost equal if both integers can become equal after performing the following operation at most once: Choose either x or y and swap any two digits within the chosen number. Return the number of indices i and j in nums where i < j such that nums[i] and nums[j] are almost equal. Note that it is allowed for an integer to have leading zeros after performing an operation. Example 1: Input: nums = [3,12,30,17,21] Output: 2 Explanation: The almost equal pairs of elements are: 3 and 30. By swappin
1662	2170	Minimum Operations to Make the Array Alternating	You are given a 0-indexed array nums consisting of n positive integers. The array nums is called alternating if: nums[i - 2] == nums[i], where 2 <= i <= n - 1. nums[i - 1] != nums[i], where 1 <= i <= n - 1. In one operation, you can choose an index i and change nums[i] into any positive integer. Return the minimum number of operations required to make the array alternating. Example 1: Input: nums = [3,1,3,2,4,3] Output: 3 Explanation: One way to make the array alternating is by converting it to [3,1,3,1,3,1]. The number of operations required in this case is 3. It can be proven that it is not 
1662	2550	Count Collisions of Monkeys on a Polygon	There is a regular convex polygon with n vertices. The vertices are labeled from 0 to n - 1 in a clockwise direction, and each vertex has exactly one monkey. The following figure shows a convex polygon of 6 vertices. Simultaneously, each monkey moves to a neighboring vertex. A collision happens if at least two monkeys reside on the same vertex after the movement or intersect on an edge. Return the number of ways the monkeys can move so that at least one collision happens. Since the answer may be very large, return it modulo 109 + 7. Example 1: Input: n = 3 Output: 6 Explanation: There are 8 to
1662	3914	Minimum Operations to Make Array Non Decreasing	You are given an integer array nums of length n. In one operation, you may choose any subarray nums[l..r] and increase each element in that subarray by x, where x is any positive integer. Return the minimum possible sum of the values of x across all operations required to make the array non-decreasing. An array is non-decreasing if nums[i] <= nums[i + 1] for all 0 <= i < n - 1. Example 1: Input: nums = [3,3,2,1] Output: 2 Explanation: One optimal set of operations: Choose subarray [2..3] and add x = 1 resulting in [3, 3, 3, 2] Choose subarray [3..3] and add x = 1 resulting in [3, 3, 3, 3] The 
1663	1219	Path with Maximum Gold	In a gold mine grid of size m x n, each cell in this mine has an integer representing the amount of gold in that cell, 0 if it is empty. Return the maximum amount of gold you can collect under the conditions: Every time you are located in a cell you will collect all the gold in that cell. From your position, you can walk one step to the left, right, up, or down. You can't visit the same cell more than once. Never visit a cell with 0 gold. You can start and stop collecting gold from any position in the grid that has some gold. Example 1: Input: grid = [[0,6,0],[5,8,7],[0,9,0]] Output: 24 Explan
1663	2063	Vowels of All Substrings	Given a string word, return the sum of the number of vowels ('a', 'e', 'i', 'o', and 'u') in every substring of word. A substring is a contiguous (non-empty) sequence of characters within a string. Note: Due to the large constraints, the answer may not fit in a signed 32-bit integer. Please be careful during the calculations. Example 1: Input: word = "aba" Output: 6 Explanation: All possible substrings are: "a", "ab", "aba", "b", "ba", and "a". - "b" has 0 vowels in it - "a", "ab", "ba", and "a" have 1 vowel each - "aba" has 2 vowels in it Hence, the total sum of vowels = 0 + 1 + 1 + 1 + 1 + 2
1663	2611	Mice and Cheese	There are two mice and n different types of cheese, each type of cheese should be eaten by exactly one mouse. A point of the cheese with index i (0-indexed) is: reward1[i] if the first mouse eats it. reward2[i] if the second mouse eats it. You are given a positive integer array reward1, a positive integer array reward2, and a non-negative integer k. Return the maximum points the mice can achieve if the first mouse eats exactly k types of cheese. Example 1: Input: reward1 = [1,1,3,4], reward2 = [4,4,1,1], k = 2 Output: 15 Explanation: In this example, the first mouse eats the 2nd (0-indexed) an
1663	3201	Find the Maximum Length of Valid Subsequence I	You are given an integer array nums. A subsequence sub of nums with length x is called valid if it satisfies: (sub[0] + sub[1]) % 2 == (sub[1] + sub[2]) % 2 == ... == (sub[x - 2] + sub[x - 1]) % 2. Return the length of the longest valid subsequence of nums. A subsequence is an array that can be derived from another array by deleting some or no elements without changing the order of the remaining elements. Example 1: Input: nums = [1,2,3,4] Output: 4 Explanation: The longest valid subsequence is [1, 2, 3, 4]. Example 2: Input: nums = [1,2,1,1,2,1,2] Output: 6 Explanation: The longest valid subs
1663	3513	Number of Unique XOR Triplets I	You are given an integer array nums of length n, where nums is a permutation of the numbers in the range [1, n]. A XOR triplet is defined as the XOR of three elements nums[i] XOR nums[j] XOR nums[k] where i <= j <= k. Return the number of unique XOR triplet values from all possible triplets (i, j, k). Example 1: Input: nums = [1,2] Output: 2 Explanation: The possible XOR triplet values are: (0, 0, 0) → 1 XOR 1 XOR 1 = 1 (0, 0, 1) → 1 XOR 1 XOR 2 = 2 (0, 1, 1) → 1 XOR 2 XOR 2 = 1 (1, 1, 1) → 2 XOR 2 XOR 2 = 2 The unique XOR values are {1, 2}, so the output is 2. Example 2: Input: nums = [3,1,2]
1663	3755	Find Maximum Balanced XOR Subarray Length	Given an integer array nums, return the length of the longest subarray that has a bitwise XOR of zero and contains an equal number of even and odd numbers. If no such subarray exists, return 0. Example 1: Input: nums = [3,1,3,2,0] Output: 4 Explanation: The subarray [1, 3, 2, 0] has bitwise XOR 1 XOR 3 XOR 2 XOR 0 = 0 and contains 2 even and 2 odd numbers. Example 2: Input: nums = [3,2,8,5,4,14,9,15] Output: 8 Explanation: The whole array has bitwise XOR 0 and contains 4 even and 4 odd numbers. Example 3: Input: nums = [0] Output: 0 Explanation: No non-empty subarray satisfies both conditions.
1663	863	All Nodes Distance K in Binary Tree	Given the root of a binary tree, the value of a target node target, and an integer k, return an array of the values of all nodes that have a distance k from the target node. You can return the answer in any order. Example 1: Input: root = [3,5,1,6,2,0,8,null,null,7,4], target = 5, k = 2 Output: [7,4,1] Explanation: The nodes that are a distance 2 from the target node (with value 5) have values 7, 4, and 1. Example 2: Input: root = [1], target = 1, k = 3 Output: [] Constraints: The number of nodes in the tree is in the range [1, 500]. 0 <= Node.val <= 500 All the values Node.val are unique. tar
1664	1121	Divide Array Into Increasing Sequences	
1665	1620	Coordinate With Maximum Network Quality	You are given an array of network towers towers, where towers[i] = [xi, yi, qi] denotes the ith network tower with location (xi, yi) and quality factor qi. All the coordinates are integral coordinates on the X-Y plane, and the distance between the two coordinates is the Euclidean distance. You are also given an integer radius where a tower is reachable if the distance is less than or equal to radius. Outside that distance, the signal becomes garbled, and the tower is not reachable. The signal quality of the ith tower at a coordinate (x, y) is calculated with the formula ⌊qi / (1 + d)⌋, where d
1665	2593	Find Score of an Array After Marking All Elements	You are given an array nums consisting of positive integers. Starting with score = 0, apply the following algorithm: Choose the smallest integer of the array that is not marked. If there is a tie, choose the one with the smallest index. Add the value of the chosen integer to score. Mark the chosen element and its two adjacent elements if they exist. Repeat until all the array elements are marked. Return the score you get after applying the above algorithm. Example 1: Input: nums = [2,1,3,4,5,2] Output: 7 Explanation: We mark the elements as follows: - 1 is the smallest unmarked element, so we 
1666	1162	As Far from Land as Possible	Given an n x n grid containing only values 0 and 1, where 0 represents water and 1 represents land, find a water cell such that its distance to the nearest land cell is maximized, and return the distance. If no land or water exists in the grid, return -1. The distance used in this problem is the Manhattan distance: the distance between two cells (x0, y0) and (x1, y1) is |x0 - x1| + |y0 - y1|. Example 1: Input: grid = [[1,0,1],[0,0,0],[1,0,1]] Output: 2 Explanation: The cell (1, 1) is as far as possible from all the land with distance 2. Example 2: Input: grid = [[1,0,0],[0,0,0],[0,0,0]] Output
1668	3761	Minimum Absolute Distance Between Mirror Pairs	You are given an integer array nums. A mirror pair is a pair of indices (i, j) such that: 0 <= i < j < nums.length, and reverse(nums[i]) == nums[j], where reverse(x) denotes the integer formed by reversing the digits of x. Leading zeros are omitted after reversing, for example reverse(120) = 21. Return the minimum absolute distance between the indices of any mirror pair. The absolute distance between indices i and j is abs(i - j). If no mirror pair exists, return -1. Example 1: Input: nums = [12,21,45,33,54] Output: 1 Explanation: The mirror pairs are: (0, 1) since reverse(nums[0]) = reverse(1
1671	1738	Find Kth Largest XOR Coordinate Value	You are given a 2D matrix of size m x n, consisting of non-negative integers. You are also given an integer k. The value of coordinate (a, b) of the matrix is the XOR of all matrix[i][j] where 0 <= i <= a < m and 0 <= j <= b < n (0-indexed). Find the kth largest value (1-indexed) of all the coordinates of matrix. Example 1: Input: matrix = [[5,2],[1,6]], k = 1 Output: 7 Explanation: The value of coordinate (0,1) is 5 XOR 2 = 7, which is the largest value. Example 2: Input: matrix = [[5,2],[1,6]], k = 2 Output: 5 Explanation: The value of coordinate (0,0) is 5 = 5, which is the 2nd largest valu
1671	2033	Minimum Operations to Make a Uni-Value Grid	You are given a 2D integer grid of size m x n and an integer x. In one operation, you can add x to or subtract x from any element in the grid. A uni-value grid is a grid where all the elements of it are equal. Return the minimum number of operations to make the grid uni-value. If it is not possible, return -1. Example 1: Input: grid = [[2,4],[6,8]], x = 2 Output: 4 Explanation: We can make every element equal to 4 by doing the following: - Add x to 2 once. - Subtract x from 6 once. - Subtract x from 8 twice. A total of 4 operations were used. Example 2: Input: grid = [[1,5],[2,3]], x = 1 Outpu
1671	3905	Multi Source Flood Fill	You are given two integers n and m representing the number of rows and columns of a grid, respectively. You are also given a 2D integer array sources, where sources[i] = [ri, ci, color​​​​​​​i] indicates that the cell (ri, ci) is initially colored with colori. All other cells are initially uncolored and represented as 0. At each time step, every currently colored cell spreads its color to all adjacent uncolored cells in the four directions: up, down, left, and right. All spreads happen simultaneously. If multiple colors reach the same uncolored cell at the same time step, the cell takes the co
1672	1438	Longest Continuous Subarray With Absolute Diff Less Than or Equal to Limit	Given an array of integers nums and an integer limit, return the size of the longest non-empty subarray such that the absolute difference between any two elements of this subarray is less than or equal to limit. Example 1: Input: nums = [8,2,4,7], limit = 4 Output: 2 Explanation: All subarrays are: [8] with maximum absolute diff |8-8| = 0 <= 4. [8,2] with maximum absolute diff |8-2| = 6 > 4. [8,2,4] with maximum absolute diff |8-2| = 6 > 4. [8,2,4,7] with maximum absolute diff |8-2| = 6 > 4. [2] with maximum absolute diff |2-2| = 0 <= 4. [2,4] with maximum absolute diff |2-4| = 2 <= 4. [2,4,7]
1672	3212	Count Submatrices With Equal Frequency of X and Y	Given a 2D character matrix grid, where grid[i][j] is either 'X', 'Y', or '.', return the number of submatrices that contain: grid[0][0] an equal frequency of 'X' and 'Y'. at least one 'X'. Example 1: Input: grid = [["X","Y","."],["Y",".","."]] Output: 3 Explanation: Example 2: Input: grid = [["X","X"],["X","Y"]] Output: 0 Explanation: No submatrix has an equal frequency of 'X' and 'Y'. Example 3: Input: grid = [[".","."],[".","."]] Output: 0 Explanation: No submatrix has at least one 'X'. Constraints: 1 <= grid.length, grid[i].length <= 1000 grid[i][j] is either 'X', 'Y', or '.'.
1674	1215	Stepping Numbers	
1674	1339	Maximum Product of Splitted Binary Tree	Given the root of a binary tree, split the binary tree into two subtrees by removing one edge such that the product of the sums of the subtrees is maximized. Return the maximum product of the sums of the two subtrees. Since the answer may be too large, return it modulo 109 + 7. Note that you need to maximize the answer before taking the mod and not after taking it. Example 1: Input: root = [1,2,3,4,5,6] Output: 110 Explanation: Remove the red edge and get 2 binary trees with sum 11 and 10. Their product is 110 (11*10) Example 2: Input: root = [1,null,2,3,4,null,null,5,6] Output: 90 Explanation
1674	1922	Count Good Numbers	A digit string is good if the digits (0-indexed) at even indices are even and the digits at odd indices are prime (2, 3, 5, or 7). For example, "2582" is good because the digits (2 and 8) at even positions are even and the digits (5 and 2) at odd positions are prime. However, "3245" is not good because 3 is at an even index but is not even. Given an integer n, return the total number of good digit strings of length n. Since the answer may be large, return it modulo 109 + 7. A digit string is a string consisting of digits 0 through 9 that may contain leading zeros. Example 1: Input: n = 1 Outpu
1675	1870	Minimum Speed to Arrive on Time	You are given a floating-point number hour, representing the amount of time you have to reach the office. To commute to the office, you must take n trains in sequential order. You are also given an integer array dist of length n, where dist[i] describes the distance (in kilometers) of the ith train ride. Each train can only depart at an integer hour, so you may need to wait in between each train ride. For example, if the 1st train ride takes 1.5 hours, you must wait for an additional 0.5 hours before you can depart on the 2nd train ride at the 2 hour mark. Return the minimum positive integer s
1675	974	Subarray Sums Divisible by K	Given an integer array nums and an integer k, return the number of non-empty subarrays that have a sum divisible by k. A subarray is a contiguous part of an array. Example 1: Input: nums = [4,5,0,-2,-3,1], k = 5 Output: 7 Explanation: There are 7 subarrays with a sum divisible by k = 5: [4, 5, 0, -2, -3, 1], [5], [5, 0], [5, 0, -2, -3], [0], [0, -2, -3], [-2, -3] Example 2: Input: nums = [5], k = 9 Output: 0 Constraints: 1 <= nums.length <= 3 * 104 -104 <= nums[i] <= 104 2 <= k <= 104
1675	987	Vertical Order Traversal of a Binary Tree	Given the root of a binary tree, calculate the vertical order traversal of the binary tree. For each node at position (row, col), its left and right children will be at positions (row + 1, col - 1) and (row + 1, col + 1) respectively. The root of the tree is at (0, 0). The vertical order traversal of a binary tree is a list of top-to-bottom orderings for each column index starting from the leftmost column and ending on the rightmost column. There may be multiple nodes in the same row and same column. In such a case, sort these nodes by their values. Return the vertical order traversal of the b
1676	2641	Cousins in Binary Tree II	Given the root of a binary tree, replace the value of each node in the tree with the sum of all its cousins' values. Two nodes of a binary tree are cousins if they have the same depth with different parents. Return the root of the modified tree. Note that the depth of a node is the number of edges in the path from the root node to it. Example 1: Input: root = [5,4,9,1,10,null,7] Output: [0,0,0,7,7,null,11] Explanation: The diagram above shows the initial binary tree and the binary tree after changing the value of each node. - Node with value 5 does not have any cousins so its sum is 0. - Node 
1677	2943	Maximize Area of Square Hole in Grid	You are given the two integers, n and m and two integer arrays, hBars and vBars. The grid has n + 2 horizontal and m + 2 vertical bars, creating 1 x 1 unit cells. The bars are indexed starting from 1. You can remove some of the bars in hBars from horizontal bars and some of the bars in vBars from vertical bars. Note that other bars are fixed and cannot be removed. Return an integer denoting the maximum area of a square-shaped hole in the grid, after removing some bars (possibly none). Example 1: Input: n = 2, m = 1, hBars = [2,3], vBars = [2] Output: 4 Explanation: The left image shows the ini
1678	1905	Count Sub Islands	You are given two m x n binary matrices grid1 and grid2 containing only 0's (representing water) and 1's (representing land). An island is a group of 1's connected 4-directionally (horizontal or vertical). Any cells outside of the grid are considered water cells. An island in grid2 is considered a sub-island if there is an island in grid1 that contains all the cells that make up this island in grid2. Return the number of islands in grid2 that are considered sub-islands. Example 1: Input: grid1 = [[1,1,1,0,0],[0,1,1,1,1],[0,0,0,0,0],[1,0,0,0,0],[1,1,0,1,1]], grid2 = [[1,1,1,0,0],[0,0,1,1,1],[0,
1678	2115	Find All Possible Recipes from Given Supplies	You have information about n different recipes. You are given a string array recipes and a 2D string array ingredients. The ith recipe has the name recipes[i], and you can create it if you have all the needed ingredients from ingredients[i]. A recipe can also be an ingredient for other recipes, i.e., ingredients[i] may contain a string that is in recipes. You are also given a string array supplies containing all the ingredients that you initially have, and you have an infinite supply of all of them. Return a list of all the recipes that you can create. You may return the answer in any order. N
1678	2317	Maximum XOR After Operations 	You are given a 0-indexed integer array nums. In one operation, select any non-negative integer x and an index i, then update nums[i] to be equal to nums[i] AND (nums[i] XOR x). Note that AND is the bitwise AND operation and XOR is the bitwise XOR operation. Return the maximum possible bitwise XOR of all elements of nums after applying the operation any number of times. Example 1: Input: nums = [3,2,4,6] Output: 7 Explanation: Apply the operation with x = 4 and i = 3, num[3] = 6 AND (6 XOR 4) = 6 AND 2 = 2. Now, nums = [3, 2, 4, 2] and the bitwise XOR of all the elements = 3 XOR 2 XOR 4 XOR 2 
1678	2698	Find the Punishment Number of an Integer	Given a positive integer n, return the punishment number of n. The punishment number of n is defined as the sum of the squares of all integers i such that: 1 <= i <= n The decimal representation of i * i can be partitioned into contiguous substrings such that the sum of the integer values of these substrings equals i. Example 1: Input: n = 10 Output: 182 Explanation: There are exactly 3 integers i in the range [1, 10] that satisfy the conditions in the statement: - 1 since 1 * 1 = 1 - 9 since 9 * 9 = 81 and 81 can be partitioned into 8 and 1 with a sum equal to 8 + 1 == 9. - 10 since 10 * 10 =
1678	853	Car Fleet	There are n cars at given miles away from the starting mile 0, traveling to reach the mile target. You are given two integer arrays position and speed, both of length n, where position[i] is the starting mile of the ith car and speed[i] is the speed of the ith car in miles per hour. A car cannot pass another car, but it can catch up and then travel next to it at the speed of the slower car. A car fleet is a single car or a group of cars driving next to each other. The speed of the car fleet is the minimum speed of any car in the fleet. If a car catches up to a car fleet at the mile target, it 
1678	885	Spiral Matrix III	You start at the cell (rStart, cStart) of an rows x cols grid facing east. The northwest corner is at the first row and column in the grid, and the southeast corner is at the last row and column. You will walk in a clockwise spiral shape to visit every position in this grid. Whenever you move outside the grid's boundary, we continue our walk outside the grid (but may return to the grid boundary later.). Eventually, we reach all rows * cols spaces of the grid. Return an array of coordinates representing the positions of the grid in the order you visited them. Example 1: Input: rows = 1, cols = 
1679	1402	Reducing Dishes	A chef has collected data on the satisfaction level of his n dishes. Chef can cook any dish in 1 unit of time. Like-time coefficient of a dish is defined as the time taken to cook that dish including previous dishes multiplied by its satisfaction level i.e. time[i] * satisfaction[i]. Return the maximum sum of like-time coefficient that the chef can obtain after preparing some amount of dishes. Dishes can be prepared in any order and the chef can discard some dishes to get this maximum value. Example 1: Input: satisfaction = [-1,-8,0,5,-9] Output: 14 Explanation: After Removing the second and l
1679	2492	Minimum Score of a Path Between Two Cities	You are given a positive integer n representing n cities numbered from 1 to n. You are also given a 2D array roads where roads[i] = [ai, bi, distancei] indicates that there is a bidirectional road between cities ai and bi with a distance equal to distancei. The cities graph is not necessarily connected. The score of a path between two cities is defined as the minimum distance of a road in this path. Return the minimum possible score of a path between cities 1 and n. Note: A path is a sequence of roads between two cities. It is allowed for a path to contain the same road multiple times, and you
1680	1031	Maximum Sum of Two Non-Overlapping Subarrays	Given an integer array nums and two integers firstLen and secondLen, return the maximum sum of elements in two non-overlapping subarrays with lengths firstLen and secondLen. The array with length firstLen could occur before or after the array with length secondLen, but they have to be non-overlapping. A subarray is a contiguous part of an array. Example 1: Input: nums = [0,6,5,2,2,5,1,9,4], firstLen = 1, secondLen = 2 Output: 20 Explanation: One choice of subarrays is [9] with length 1, and [6,5] with length 2. Example 2: Input: nums = [3,8,1,3,2,1,8,9,0], firstLen = 3, secondLen = 2 Output: 2
1680	1865	Finding Pairs With a Certain Sum	You are given two integer arrays nums1 and nums2. You are tasked to implement a data structure that supports queries of two types: Add a positive integer to an element of a given index in the array nums2. Count the number of pairs (i, j) such that nums1[i] + nums2[j] equals a given value (0 <= i < nums1.length and 0 <= j < nums2.length). Implement the FindSumPairs class: FindSumPairs(int[] nums1, int[] nums2) Initializes the FindSumPairs object with two integer arrays nums1 and nums2. void add(int index, int val) Adds val to nums2[index], i.e., apply nums2[index] += val. int count(int tot) Ret
1680	2182	Construct String With Repeat Limit	You are given a string s and an integer repeatLimit. Construct a new string repeatLimitedString using the characters of s such that no letter appears more than repeatLimit times in a row. You do not have to use all characters from s. Return the lexicographically largest repeatLimitedString possible. A string a is lexicographically larger than a string b if in the first position where a and b differ, string a has a letter that appears later in the alphabet than the corresponding letter in b. If the first min(a.length, b.length) characters do not differ, then the longer string is the lexicograph
1680	2280	Minimum Lines to Represent a Line Chart	You are given a 2D integer array stockPrices where stockPrices[i] = [dayi, pricei] indicates the price of the stock on day dayi is pricei. A line chart is created from the array by plotting the points on an XY plane with the X-axis representing the day and the Y-axis representing the price and connecting adjacent points. One such example is shown below: Return the minimum number of lines needed to represent the line chart. Example 1: Input: stockPrices = [[1,7],[2,6],[3,5],[4,4],[5,4],[6,3],[7,2],[8,1]] Output: 3 Explanation: The diagram above represents the input, with the X-axis representing
1680	2457	Minimum Addition to Make Integer Beautiful	You are given two positive integers n and target. An integer is considered beautiful if the sum of its digits is less than or equal to target. Return the minimum non-negative integer x such that n + x is beautiful. The input will be generated such that it is always possible to make n beautiful. Example 1: Input: n = 16, target = 6 Output: 4 Explanation: Initially n is 16 and its digit sum is 1 + 6 = 7. After adding 4, n becomes 20 and digit sum becomes 2 + 0 = 2. It can be shown that we can not make n beautiful with adding non-negative integer less than 4. Example 2: Input: n = 467, target = 6
1681	767	Reorganize String	Given a string s, rearrange the characters of s so that any two adjacent characters are not the same. Return any possible rearrangement of s or return "" if not possible. Example 1: Input: s = "aab" Output: "aba" Example 2: Input: s = "aaab" Output: "" Constraints: 1 <= s.length <= 500 s consists of lowercase English letters.
1682	1443	Minimum Time to Collect All Apples in a Tree	Given an undirected tree consisting of n vertices numbered from 0 to n-1, which has some apples in their vertices. You spend 1 second to walk over one edge of the tree. Return the minimum time in seconds you have to spend to collect all apples in the tree, starting at vertex 0 and coming back to this vertex. The edges of the undirected tree are given in the array edges, where edges[i] = [ai, bi] means that exists an edge connecting the vertices ai and bi. Additionally, there is a boolean array hasApple, where hasApple[i] = true means that vertex i has an apple; otherwise, it does not have any 
1682	2497	Maximum Star Sum of a Graph	There is an undirected graph consisting of n nodes numbered from 0 to n - 1. You are given a 0-indexed integer array vals of length n where vals[i] denotes the value of the ith node. You are also given a 2D integer array edges where edges[i] = [ai, bi] denotes that there exists an undirected edge connecting nodes ai and bi. A star graph is a subgraph of the given graph having a center node containing 0 or more neighbors. In other words, it is a subset of edges of the given graph such that there exists a common node for all edges. The image below shows star graphs with 3 and 4 neighbors respect
1685	2074	Reverse Nodes in Even Length Groups	You are given the head of a linked list. The nodes in the linked list are sequentially assigned to non-empty groups whose lengths form the sequence of the natural numbers (1, 2, 3, 4, ...). The length of a group is the number of nodes assigned to it. In other words, The 1st node is assigned to the first group. The 2nd and the 3rd nodes are assigned to the second group. The 4th, 5th, and 6th nodes are assigned to the third group, and so on. Note that the length of the last group may be less than or equal to 1 + the length of the second to last group. Reverse the nodes in each group with an even
1685	2233	Maximum Product After K Increments	You are given an array of non-negative integers nums and an integer k. In one operation, you may choose any element from nums and increment it by 1. Return the maximum product of nums after at most k operations. Since the answer may be very large, return it modulo 109 + 7. Note that you should maximize the product before taking the modulo. Example 1: Input: nums = [0,4], k = 5 Output: 20 Explanation: Increment the first number 5 times. Now nums = [5, 4], with a product of 5 * 4 = 20. It can be shown that 20 is maximum product possible, so we return 20. Note that there may be other ways to incr
1686	950	Reveal Cards In Increasing Order	You are given an integer array deck. There is a deck of cards where every card has a unique integer. The integer on the ith card is deck[i]. You can order the deck in any order you want. Initially, all the cards start face down (unrevealed) in one deck. You will do the following steps repeatedly until all cards are revealed: Take the top card of the deck, reveal it, and take it out of the deck. If there are still cards in the deck then put the next top card of the deck at the bottom of the deck. If there are still unrevealed cards, go back to step 1. Otherwise, stop. Return an ordering of the 
1687	3397	Maximum Number of Distinct Elements After Operations	You are given an integer array nums and an integer k. You are allowed to perform the following operation on each element of the array at most once: Add an integer in the range [-k, k] to the element. Return the maximum possible number of distinct elements in nums after performing the operations. Example 1: Input: nums = [1,2,2,3,3,4], k = 2 Output: 6 Explanation: nums changes to [-1, 0, 1, 2, 3, 4] after performing operations on the first four elements. Example 2: Input: nums = [4,4,4,4], k = 1 Output: 3 Explanation: By adding -1 to nums[0] and 1 to nums[1], nums changes to [3, 5, 4, 4]. Const
1688	1963	Minimum Number of Swaps to Make the String Balanced	You are given a 0-indexed string s of even length n. The string consists of exactly n / 2 opening brackets '[' and n / 2 closing brackets ']'. A string is called balanced if and only if: It is the empty string, or It can be written as AB, where both A and B are balanced strings, or It can be written as [C], where C is a balanced string. You may swap the brackets at any two indices any number of times. Return the minimum number of swaps to make s balanced. Example 1: Input: s = "][][" Output: 1 Explanation: You can make the string balanced by swapping index 0 with index 3. The resulting string 
1688	3043	Find the Length of the Longest Common Prefix	You are given two arrays with positive integers arr1 and arr2. A prefix of a positive integer is an integer formed by one or more of its digits, starting from its leftmost digit. For example, 123 is a prefix of the integer 12345, while 234 is not. A common prefix of two integers a and b is an integer c, such that c is a prefix of both a and b. For example, 5655359 and 56554 have common prefixes 565 and 5655 while 1223 and 43456 do not have a common prefix. You need to find the length of the longest common prefix between all pairs of integers (x, y) such that x belongs to arr1 and y belongs to 
1689	1419	Minimum Number of Frogs Croaking	You are given the string croakOfFrogs, which represents a combination of the string "croak" from different frogs, that is, multiple frogs can croak at the same time, so multiple "croak" are mixed. Return the minimum number of different frogs to finish all the croaks in the given string. A valid "croak" means a frog is printing five letters 'c', 'r', 'o', 'a', and 'k' sequentially. The frogs have to print all five letters to finish a croak. If the given string is not a combination of a valid "croak" return -1. Example 1: Input: croakOfFrogs = "croakcroak" Output: 1 Explanation: One frog yelling
1689	3071	Minimum Operations to Write the Letter Y on a Grid	You are given a 0-indexed n x n grid where n is odd, and grid[r][c] is 0, 1, or 2. We say that a cell belongs to the Letter Y if it belongs to one of the following: The diagonal starting at the top-left cell and ending at the center cell of the grid. The diagonal starting at the top-right cell and ending at the center cell of the grid. The vertical line starting at the center cell and ending at the bottom border of the grid. The Letter Y is written on the grid if and only if: All values at cells belonging to the Y are equal. All values at cells not belonging to the Y are equal. The values at c
1690	919	Complete Binary Tree Inserter	A complete binary tree is a binary tree in which every level, except possibly the last, is completely filled, and all nodes are as far left as possible. Design an algorithm to insert a new node to a complete binary tree keeping it complete after the insertion. Implement the CBTInserter class: CBTInserter(TreeNode root) Initializes the data structure with the root of the complete binary tree. int insert(int v) Inserts a TreeNode into the tree with value Node.val == val so that the tree remains complete, and returns the value of the parent of the inserted TreeNode. TreeNode get_root() Returns th
1690	935	Knight Dialer	The chess knight has a unique movement, it may move two squares vertically and one square horizontally, or two squares horizontally and one square vertically (with both forming the shape of an L). The possible movements of chess knight are shown in this diagram: A chess knight can move as indicated in the chess diagram below: We have a chess knight and a phone pad as shown below, the knight can only stand on a numeric cell (i.e. blue cell). Given an integer n, return how many distinct phone numbers of length n we can dial. You are allowed to place the knight on any numeric cell initially and t
1692	1462	Course Schedule IV	There are a total of numCourses courses you have to take, labeled from 0 to numCourses - 1. You are given an array prerequisites where prerequisites[i] = [ai, bi] indicates that you must take course ai first if you want to take course bi. For example, the pair [0, 1] indicates that you have to take course 0 before you can take course 1. Prerequisites can also be indirect. If course a is a prerequisite of course b, and course b is a prerequisite of course c, then course a is a prerequisite of course c. You are also given an array queries where queries[j] = [uj, vj]. For the jth query, you shoul
1692	3290	Maximum Multiplication Score	You are given an integer array a of size 4 and another integer array b of size at least 4. You need to choose 4 indices i0, i1, i2, and i3 from the array b such that i0 < i1 < i2 < i3. Your score will be equal to the value a[0] * b[i0] + a[1] * b[i1] + a[2] * b[i2] + a[3] * b[i3]. Return the maximum score you can achieve. Example 1: Input: a = [3,2,5,6], b = [2,-6,4,-5,-3,2,-7] Output: 26 Explanation: We can choose the indices 0, 1, 2, and 5. The score will be 3 * 2 + 2 * (-6) + 5 * 4 + 6 * 2 = 26. Example 2: Input: a = [-1,4,5,-2], b = [-5,-1,-3,-2,-4] Output: -1 Explanation: We can choose th
1693	2337	Move Pieces to Obtain a String	You are given two strings start and target, both of length n. Each string consists only of the characters 'L', 'R', and '_' where: The characters 'L' and 'R' represent pieces, where a piece 'L' can move to the left only if there is a blank space directly to its left, and a piece 'R' can move to the right only if there is a blank space directly to its right. The character '_' represents a blank space that can be occupied by any of the 'L' or 'R' pieces. Return true if it is possible to obtain the string target by moving the pieces of the string start any number of times. Otherwise, return false
1694	2466	Count Ways To Build Good Strings	Given the integers zero, one, low, and high, we can construct a string by starting with an empty string, and then at each step perform either of the following: Append the character '0' zero times. Append the character '1' one times. This can be performed any number of times. A good string is a string constructed by the above process having a length between low and high (inclusive). Return the number of different good strings that can be constructed satisfying these properties. Since the answer can be large, return it modulo 109 + 7. Example 1: Input: low = 3, high = 3, zero = 1, one = 1 Output
1694	3296	Minimum Number of Seconds to Make Mountain Height Zero	You are given an integer mountainHeight denoting the height of a mountain. You are also given an integer array workerTimes representing the work time of workers in seconds. The workers work simultaneously to reduce the height of the mountain. For worker i: To decrease the mountain's height by x, it takes workerTimes[i] + workerTimes[i] * 2 + ... + workerTimes[i] * x seconds. For example: To reduce the height of the mountain by 1, it takes workerTimes[i] seconds. To reduce the height of the mountain by 2, it takes workerTimes[i] + workerTimes[i] * 2 seconds, and so on. Return an integer represe
1694	829	Consecutive Numbers Sum	Given an integer n, return the number of ways you can write n as the sum of consecutive positive integers. Example 1: Input: n = 5 Output: 2 Explanation: 5 = 2 + 3 Example 2: Input: n = 9 Output: 3 Explanation: 9 = 4 + 5 = 2 + 3 + 4 Example 3: Input: n = 15 Output: 4 Explanation: 15 = 8 + 7 = 4 + 5 + 6 = 1 + 2 + 3 + 4 + 5 Constraints: 1 <= n <= 109
1695	1942	The Number of the Smallest Unoccupied Chair	There is a party where n friends numbered from 0 to n - 1 are attending. There is an infinite number of chairs in this party that are numbered from 0 to infinity. When a friend arrives at the party, they sit on the unoccupied chair with the smallest number. For example, if chairs 0, 1, and 5 are occupied when a friend comes, they will sit on chair number 2. When a friend leaves the party, their chair becomes unoccupied at the moment they leave. If another friend arrives at that same moment, they can sit in that chair. You are given a 0-indexed 2D integer array times where times[i] = [arrivali,
1695	2420	Find All Good Indices	You are given a 0-indexed integer array nums of size n and a positive integer k. We call an index i in the range k <= i < n - k good if the following conditions are satisfied: The k elements that are just before the index i are in non-increasing order. The k elements that are just after the index i are in non-decreasing order. Return an array of all good indices sorted in increasing order. Example 1: Input: nums = [2,1,1,1,3,4,1], k = 2 Output: [2,3] Explanation: There are two good indices in the array: - Index 2. The subarray [2,1] is in non-increasing order, and the subarray [1,3] is in non-
1695	792	Number of Matching Subsequences	Given a string s and an array of strings words, return the number of words[i] that is a subsequence of s. A subsequence of a string is a new string generated from the original string with some characters (can be none) deleted without changing the relative order of the remaining characters. For example, "ace" is a subsequence of "abcde". Example 1: Input: s = "abcde", words = ["a","bb","acd","ace"] Output: 3 Explanation: There are three strings in words that are a subsequence of s: "a", "acd", "ace". Example 2: Input: s = "dsahjpjauf", words = ["ahjpjau","ja","ahbwzgqnuk","tnmlanowax"] Output: 
1696	1487	Making File Names Unique	Given an array of strings names of size n. You will create n folders in your file system such that, at the ith minute, you will create a folder with the name names[i]. Since two files cannot have the same name, if you enter a folder name that was previously used, the system will have a suffix addition to its name in the form of (k), where, k is the smallest positive integer such that the obtained name remains unique. Return an array of strings of length n where ans[i] is the actual name the system will assign to the ith folder when you create it. Example 1: Input: names = ["pes","fifa","gta","
1696	2588	Count the Number of Beautiful Subarrays	You are given a 0-indexed integer array nums. In one operation, you can: Choose two different indices i and j such that 0 <= i, j < nums.length. Choose a non-negative integer k such that the kth bit (0-indexed) in the binary representation of nums[i] and nums[j] is 1. Subtract 2k from nums[i] and nums[j]. A subarray is beautiful if it is possible to make all of its elements equal to 0 after applying the above operation any number of times (including zero). Return the number of beautiful subarrays in the array nums. A subarray is a contiguous non-empty sequence of elements within an array. Note
1696	3143	Maximum Points Inside the Square	You are given a 2D array points and a string s where, points[i] represents the coordinates of point i, and s[i] represents the tag of point i. A valid square is a square centered at the origin (0, 0), has edges parallel to the axes, and does not contain two points with the same tag. Return the maximum number of points contained in a valid square. Note: A point is considered to be inside the square if it lies on or within the square's boundaries. The side length of the square can be zero. Example 1: Input: points = [[2,2],[-1,-2],[-4,4],[-3,1],[3,-3]], s = "abdca" Output: 2 Explanation: The squ
1697	1017	Convert to Base -2	Given an integer n, return a binary string representing its representation in base -2. Note that the returned string should not have leading zeros unless the string is "0". Example 1: Input: n = 2 Output: "110" Explantion: (-2)2 + (-2)1 = 2 Example 2: Input: n = 3 Output: "111" Explantion: (-2)2 + (-2)1 + (-2)0 = 3 Example 3: Input: n = 4 Output: "100" Explantion: (-2)2 = 4 Constraints: 0 <= n <= 109
1697	1289	Minimum Falling Path Sum II	Given an n x n integer matrix grid, return the minimum sum of a falling path with non-zero shifts. A falling path with non-zero shifts is a choice of exactly one element from each row of grid such that no two elements chosen in adjacent rows are in the same column. Example 1: Input: grid = [[1,2,3],[4,5,6],[7,8,9]] Output: 13 Explanation: The possible falling paths are: [1,5,9], [1,5,7], [1,6,7], [1,6,8], [2,4,8], [2,4,9], [2,6,7], [2,6,8], [3,4,8], [3,4,9], [3,5,7], [3,5,9] The falling path with the smallest sum is [1,5,7], so the answer is 13. Example 2: Input: grid = [[7]] Output: 7 Constra
1697	3862	Find the Smallest Balanced Index	You are given an integer array nums. An index i is balanced if the sum of elements strictly to the left of i equals the product of elements strictly to the right of i. If there are no elements to the left, the sum is considered as 0. Similarly, if there are no elements to the right, the product is considered as 1. Return an integer denoting the smallest balanced index. If no balanced index exists, return -1. Example 1: Input: nums = [2,1,2] Output: 1 Explanation: For index i = 1: Left sum = nums[0] = 2 Right product = nums[2] = 2 Since the left sum equals the right product, index 1 is balanced
1697	825	Friends Of Appropriate Ages	There are n persons on a social media website. You are given an integer array ages where ages[i] is the age of the ith person. A Person x will not send a friend request to a person y (x != y) if any of the following conditions is true: age[y] <= 0.5 * age[x] + 7 age[y] > age[x] age[y] > 100 && age[x] < 100 Otherwise, x will send a friend request to y. Note that if x sends a request to y, y will not necessarily send a request to x. Also, a person will not send a friend request to themself. Return the total number of friend requests made. Example 1: Input: ages = [16,16] Output: 2 Explanation: 2
1699	3488	Closest Equal Element Queries	You are given a circular array nums and an array queries. For each query i, you have to find the following: The minimum distance between the element at index queries[i] and any other index j in the circular array, where nums[j] == nums[queries[i]]. If no such index exists, the answer for that query should be -1. Return an array answer of the same size as queries, where answer[i] represents the result for query i. Example 1: Input: nums = [1,3,1,4,1,3,2], queries = [0,3,5] Output: [2,-1,3] Explanation: Query 0: The element at queries[0] = 0 is nums[0] = 1. The nearest index with the same value 
1699	3607	Power Grid Maintenance	You are given an integer c representing c power stations, each with a unique identifier id from 1 to c (1‑based indexing). These stations are interconnected via n bidirectional cables, represented by a 2D array connections, where each element connections[i] = [ui, vi] indicates a connection between station ui and station vi. Stations that are directly or indirectly connected form a power grid. Initially, all stations are online (operational). You are also given a 2D array queries, where each query is one of the following two types: [1, x]: A maintenance check is requested for station x. If sta
