1500	3096	Minimum Levels to Gain More Points	You are given a binary array possible of length n. Alice and Bob are playing a game that consists of n levels. Some of the levels in the game are impossible to clear while others can always be cleared. In particular, if possible[i] == 0, then the ith level is impossible to clear for both the players. A player gains 1 point on clearing a level and loses 1 point if the player fails to clear it. At the start of the game, Alice will play some levels in the given order starting from the 0th level, after which Bob will play for the rest of the levels. Alice wants to know the minimum number of levels
1500	915	Partition Array into Disjoint Intervals	Given an integer array nums, partition it into two (contiguous) subarrays left and right so that: Every element in left is less than or equal to every element in right. left and right are non-empty. left has the smallest possible size. Return the length of left after such a partitioning. Test cases are generated such that partitioning exists. Example 1: Input: nums = [5,0,3,8,6] Output: 3 Explanation: left = [5,0,3], right = [8,6] Example 2: Input: nums = [1,1,1,0,6,12] Output: 4 Explanation: left = [1,1,1,0], right = [6,12] Constraints: 2 <= nums.length <= 105 0 <= nums[i] <= 106 There is at 
1501	1090	Largest Values From Labels	You are given n item's value and label as two integer arrays values and labels. You are also given two integers numWanted and useLimit. Your task is to find a subset of items with the maximum sum of their values such that: The number of items is at most numWanted. The number of items with the same label is at most useLimit. Return the maximum sum. Example 1: Input: values = [5,4,3,2,1], labels = [1,1,2,2,3], numWanted = 3, useLimit = 1 Output: 9 Explanation: The subset chosen is the first, third, and fifth items with the sum of values 5 + 3 + 1. Example 2: Input: values = [5,4,3,2,1], labels =
1501	1750	Minimum Length of String After Deleting Similar Ends	Given a string s consisting only of characters 'a', 'b', and 'c'. You are asked to apply the following algorithm on the string any number of times: Pick a non-empty prefix from the string s where all the characters in the prefix are equal. Pick a non-empty suffix from the string s where all the characters in this suffix are equal. The prefix and the suffix should not intersect at any index. The characters from the prefix and suffix must be the same. Delete both the prefix and the suffix. Return the minimum length of s after performing the above operation any number of times (possibly zero time
1501	2730	Find the Longest Semi-Repetitive Substring	You are given a digit string s that consists of digits from 0 to 9. A string is called semi-repetitive if there is at most one adjacent pair of the same digit. For example, "0010", "002020", "0123", "2002", and "54944" are semi-repetitive while the following are not: "00101022" (adjacent same digit pairs are 00 and 22), and "1101234883" (adjacent same digit pairs are 11 and 88). Return the length of the longest semi-repetitive substring of s. Example 1: Input: s = "52233" Output: 4 Explanation: The longest semi-repetitive substring is "5223". Picking the whole string "52233" has two adjacent s
1502	2358	Maximum Number of Groups Entering a Competition	You are given a positive integer array grades which represents the grades of students in a university. You would like to enter all these students into a competition in ordered non-empty groups, such that the ordering meets the following conditions: The sum of the grades of students in the ith group is less than the sum of the grades of students in the (i + 1)th group, for all groups (except the last). The total number of students in the ith group is less than the total number of students in the (i + 1)th group, for all groups (except the last). Return the maximum number of groups that can be f
1502	2661	First Completely Painted Row or Column	You are given a 0-indexed integer array arr, and an m x n integer matrix mat. arr and mat both contain all the integers in the range [1, m * n]. Go through each index i in arr starting from index 0 and paint the cell in mat containing the integer arr[i]. Return the smallest index i at which either a row or a column will be completely painted in mat. Example 1: Input: arr = [1,3,4,2], mat = [[1,4],[2,3]] Output: 2 Explanation: The moves are shown in order, and both the first row and second column of the matrix become fully painted at arr[2]. Example 2: Input: arr = [2,8,7,4,1,3,5,6,9], mat = [[
1502	2708	Maximum Strength of a Group	You are given a 0-indexed integer array nums representing the score of students in an exam. The teacher would like to form one non-empty group of students with maximal strength, where the strength of a group of students of indices i0, i1, i2, ... , ik is defined as nums[i0] * nums[i1] * nums[i2] * ... * nums[ik​]. Return the maximum strength of a group the teacher can create. Example 1: Input: nums = [3,-1,-5,2,5,-9] Output: 1350 Explanation: One way to form a group of maximal strength is to group the students at indices [0,2,3,4,5]. Their strength is 3 * (-5) * 2 * 5 * (-9) = 1350, which we c
1502	3424	Minimum Cost to Make Arrays Identical	You are given two integer arrays arr and brr of length n, and an integer k. You can perform the following operations on arr any number of times: Split arr into any number of contiguous subarrays and rearrange these subarrays in any order. This operation has a fixed cost of k. Choose any element in arr and add or subtract a positive integer x to it. The cost of this operation is x. Return the minimum total cost to make arr equal to brr. Example 1: Input: arr = [-7,9,5], brr = [7,-2,-5], k = 2 Output: 13 Explanation: Split arr into two contiguous subarrays: [-7] and [9, 5] and rearrange them as 
1504	1461	Check If a String Contains All Binary Codes of Size K	Given a binary string s and an integer k, return true if every binary code of length k is a substring of s. Otherwise, return false. Example 1: Input: s = "00110110", k = 2 Output: true Explanation: The binary codes of length 2 are "00", "01", "10" and "11". They can be all found as substrings at indices 0, 1, 3 and 2 respectively. Example 2: Input: s = "0110", k = 1 Output: true Explanation: The binary codes of length 1 are "0" and "1", it is clear that both exist as a substring. Example 3: Input: s = "0110", k = 2 Output: false Explanation: The binary code "00" is of length 2 and does not ex
1504	2104	Sum of Subarray Ranges	You are given an integer array nums. The range of a subarray of nums is the difference between the largest and smallest element in the subarray. Return the sum of all subarray ranges of nums. A subarray is a contiguous non-empty sequence of elements within an array. Example 1: Input: nums = [1,2,3] Output: 4 Explanation: The 6 subarrays of nums are the following: [1], range = largest - smallest = 1 - 1 = 0 [2], range = 2 - 2 = 0 [3], range = 3 - 3 = 0 [1,2], range = 2 - 1 = 1 [2,3], range = 3 - 2 = 1 [1,2,3], range = 3 - 1 = 2 So the sum of all ranges is 0 + 0 + 0 + 1 + 1 + 2 = 4. Example 2: I
1504	2761	Prime Pairs With Target Sum	You are given an integer n. We say that two integers x and y form a prime number pair if: 1 <= x <= y <= n x + y == n x and y are prime numbers Return the 2D sorted list of prime number pairs [xi, yi]. The list should be sorted in increasing order of xi. If there are no prime number pairs at all, return an empty array. Note: A prime number is a natural number greater than 1 with only two factors, itself and 1. Example 1: Input: n = 10 Output: [[3,7],[5,5]] Explanation: In this example, there are two prime pairs that satisfy the criteria. These pairs are [3,7] and [5,5], and we return them in t
1504	3795	Minimum Subarray Length With Distinct Sum At Least K	You are given an integer array nums and an integer k. Return the minimum length of a subarray whose sum of the distinct values present in that subarray (each value counted once) is at least k. If no such subarray exists, return -1. Example 1: Input: nums = [2,2,3,1], k = 4 Output: 2 Explanation: The subarray [2, 3] has distinct elements {2, 3} whose sum is 2 + 3 = 5, which is ​​​​​​​at least k = 4. Thus, the answer is 2. Example 2: Input: nums = [3,2,3,4], k = 5 Output: 2 Explanation: The subarray [3, 2] has distinct elements {3, 2} whose sum is 3 + 2 = 5, which is ​​​​​​​at least k = 5. Thus,
1504	869	Reordered Power of 2	You are given an integer n. We reorder the digits in any order (including the original order) such that the leading digit is not zero. Return true if and only if we can do this so that the resulting number is a power of two. Example 1: Input: n = 1 Output: true Example 2: Input: n = 10 Output: false Constraints: 1 <= n <= 109
1505	1253	Reconstruct a 2-Row Binary Matrix	Given the following details of a matrix with n columns and 2 rows : The matrix is a binary matrix, which means each element in the matrix can be 0 or 1. The sum of elements of the 0-th(upper) row is given as upper. The sum of elements of the 1-st(lower) row is given as lower. The sum of elements in the i-th column(0-indexed) is colsum[i], where colsum is given as an integer array with length n. Your task is to reconstruct the matrix with upper, lower and colsum. Return it as a 2-D integer array. If there are more than one valid solution, any of them will be accepted. If no valid solution exist
1505	1780	Check if Number is a Sum of Powers of Three	Given an integer n, return true if it is possible to represent n as the sum of distinct powers of three. Otherwise, return false. An integer y is a power of three if there exists an integer x such that y == 3x. Example 1: Input: n = 12 Output: true Explanation: 12 = 31 + 32 Example 2: Input: n = 91 Output: true Explanation: 91 = 30 + 32 + 34 Example 3: Input: n = 21 Output: false Constraints: 1 <= n <= 107
1505	2981	Find Longest Special Substring That Occurs Thrice I	You are given a string s that consists of lowercase English letters. A string is called special if it is made up of only a single character. For example, the string "abc" is not special, whereas the strings "ddd", "zz", and "f" are special. Return the length of the longest special substring of s which occurs at least thrice, or -1 if no special substring occurs at least thrice. A substring is a contiguous non-empty sequence of characters within a string. Example 1: Input: s = "aaaa" Output: 2 Explanation: The longest special substring which occurs thrice is "aa": substrings "aaaa", "aaaa", and
1506	1387	Sort Integers by The Power Value	The power of an integer x is defined as the number of steps needed to transform x into 1 using the following steps: if x is even then x = x / 2 if x is odd then x = 3 * x + 1 For example, the power of x = 3 is 7 because 3 needs 7 steps to become 1 (3 --> 10 --> 5 --> 16 --> 8 --> 4 --> 2 --> 1). Given three integers lo, hi and k. The task is to sort all integers in the interval [lo, hi] by the power value in ascending order, if two or more integers have the same power value sort them by ascending order. Return the kth integer in the range [lo, hi] sorted by the power value. Notice that for any
1506	3551	Minimum Swaps to Sort by Digit Sum	You are given an array nums of distinct positive integers. You need to sort the array in increasing order based on the sum of the digits of each number. If two numbers have the same digit sum, the smaller number appears first in the sorted order. Return the minimum number of swaps required to rearrange nums into this sorted order. A swap is defined as exchanging the values at two distinct positions in the array. Example 1: Input: nums = [37,100] Output: 1 Explanation: Compute the digit sum for each integer: [3 + 7 = 10, 1 + 0 + 0 = 1] → [10, 1] Sort the integers based on digit sum: [100, 37]. 
1507	2105	Watering Plants II	Alice and Bob want to water n plants in their garden. The plants are arranged in a row and are labeled from 0 to n - 1 from left to right where the ith plant is located at x = i. Each plant needs a specific amount of water. Alice and Bob have a watering can each, initially full. They water the plants in the following way: Alice waters the plants in order from left to right, starting from the 0th plant. Bob waters the plants in order from right to left, starting from the (n - 1)th plant. They begin watering the plants simultaneously. It takes the same amount of time to water each plant regardle
1507	892	Surface Area of 3D Shapes	You are given an n x n grid where you have placed some 1 x 1 x 1 cubes. Each value v = grid[i][j] represents a tower of v cubes placed on top of cell (i, j). After placing these cubes, you have decided to glue any directly adjacent cubes to each other, forming several irregular 3D shapes. Return the total surface area of the resulting shapes. Note: The bottom face of each shape counts toward its surface area. Example 1: Input: grid = [[1,2],[3,4]] Output: 34 Example 2: Input: grid = [[1,1,1],[1,0,1],[1,1,1]] Output: 32 Example 3: Input: grid = [[2,2,2],[2,1,2],[2,2,2]] Output: 46 Constraints: 
1508	1151	Minimum Swaps to Group All 1's Together	
1508	1496	Path Crossing	Given a string path, where path[i] = 'N', 'S', 'E' or 'W', each representing moving one unit north, south, east, or west, respectively. You start at the origin (0, 0) on a 2D plane and walk on the path specified by path. Return true if the path crosses itself at any point, that is, if at any time you are on a location you have previously visited. Return false otherwise. Example 1: Input: path = "NES" Output: false Explanation: Notice that the path doesn't cross any point more than once. Example 2: Input: path = "NESWW" Output: true Explanation: Notice that the path visits the origin twice. Con
1509	1647	Minimum Deletions to Make Character Frequencies Unique	A string s is called good if there are no two different characters in s that have the same frequency. Given a string s, return the minimum number of characters you need to delete to make s good. The frequency of a character in a string is the number of times it appears in the string. For example, in the string "aab", the frequency of 'a' is 2, while the frequency of 'b' is 1. Example 1: Input: s = "aab" Output: 0 Explanation: s is already good. Example 2: Input: s = "aaabbbcc" Output: 2 Explanation: You can delete two 'b's resulting in the good string "aaabcc". Another way it to delete one 'b'
1509	2216	Minimum Deletions to Make Array Beautiful	You are given a 0-indexed integer array nums. The array nums is beautiful if: nums.length is even. nums[i] != nums[i + 1] for all i % 2 == 0. Note that an empty array is considered beautiful. You can delete any number of elements from nums. When you delete an element, all the elements to the right of the deleted element will be shifted one unit to the left to fill the gap created and all the elements to the left of the deleted element will remain unchanged. Return the minimum number of elements to delete from nums to make it beautiful. Example 1: Input: nums = [1,1,2,3,5] Output: 1 Explanation
1509	2671	Frequency Tracker	Design a data structure that keeps track of the values in it and answers some queries regarding their frequencies. Implement the FrequencyTracker class. FrequencyTracker(): Initializes the FrequencyTracker object with an empty array initially. void add(int number): Adds number to the data structure. void deleteOne(int number): Deletes one occurrence of number from the data structure. The data structure may not contain number, and in this case nothing is deleted. bool hasFrequency(int frequency): Returns true if there is a number in the data structure that occurs frequency number of times, othe
1509	3233	Find the Count of Numbers Which Are Not Special	You are given 2 positive integers l and r. For any number x, all positive divisors of x except x are called the proper divisors of x. A number is called special if it has exactly 2 proper divisors. For example: The number 4 is special because it has proper divisors 1 and 2. The number 6 is not special because it has proper divisors 1, 2, and 3. Return the count of numbers in the range [l, r] that are not special. Example 1: Input: l = 5, r = 7 Output: 3 Explanation: There are no special numbers in the range [5, 7]. Example 2: Input: l = 4, r = 16 Output: 11 Explanation: The special numbers in 
1509	3583	Count Special Triplets	You are given an integer array nums. A special triplet is defined as a triplet of indices (i, j, k) such that: 0 <= i < j < k < n, where n = nums.length nums[i] == nums[j] * 2 nums[k] == nums[j] * 2 Return the total number of special triplets in the array. Since the answer may be large, return it modulo 109 + 7. Example 1: Input: nums = [6,3,6] Output: 1 Explanation: The only special triplet is (i, j, k) = (0, 1, 2), where: nums[0] = 6, nums[1] = 3, nums[2] = 6 nums[0] = nums[1] * 2 = 3 * 2 = 6 nums[2] = nums[1] * 2 = 3 * 2 = 6 Example 2: Input: nums = [0,1,0,0] Output: 1 Explanation: The only
1511	1110	Delete Nodes And Return Forest	Given the root of a binary tree, each node in the tree has a distinct value. After deleting all nodes with a value in to_delete, we are left with a forest (a disjoint union of trees). Return the roots of the trees in the remaining forest. You may return the result in any order. Example 1: Input: root = [1,2,3,4,5,6,7], to_delete = [3,5] Output: [[1,2,null,4],[6],[7]] Example 2: Input: root = [1,2,4,null,3], to_delete = [3] Output: [[1,2,4]] Constraints: The number of nodes in the given tree is at most 1000. Each node has a distinct value between 1 and 1000. to_delete.length <= 1000 to_delete c
1512	1557	Minimum Number of Vertices to Reach All Nodes	Given a directed acyclic graph, with n vertices numbered from 0 to n-1, and an array edges where edges[i] = [fromi, toi] represents a directed edge from node fromi to node toi. Find the smallest set of vertices from which all nodes in the graph are reachable. It's guaranteed that a unique solution exists. Notice that you can return the vertices in any order. Example 1: Input: n = 6, edges = [[0,1],[0,2],[2,5],[3,4],[4,2]] Output: [0,3] Explanation: It's not possible to reach all the nodes from a single vertex. From 0 we can reach [0,1,2,5]. From 3 we can reach [3,4,2,5]. So we output [0,3]. Ex
1513	3365	Rearrange K Substrings to Form Target String	You are given two strings s and t, both of which are anagrams of each other, and an integer k. Your task is to determine whether it is possible to split the string s into k equal-sized substrings, rearrange the substrings, and concatenate them in any order to create a new string that matches the given string t. Return true if this is possible, otherwise, return false. An anagram is a word or phrase formed by rearranging the letters of a different word or phrase, using all the original letters exactly once. A substring is a contiguous non-empty sequence of characters within a string. Example 1:
1514	1855	Maximum Distance Between a Pair of Values	You are given two non-increasing 0-indexed integer arrays nums1​​​​​​ and nums2​​​​​​. A pair of indices (i, j), where 0 <= i < nums1.length and 0 <= j < nums2.length, is valid if both i <= j and nums1[i] <= nums2[j]. The distance of the pair is j - i​​​​. Return the maximum distance of any valid pair (i, j). If there are no valid pairs, return 0. An array arr is non-increasing if arr[i-1] >= arr[i] for every 1 <= i < arr.length. Example 1: Input: nums1 = [55,30,5,4,2], nums2 = [100,20,10,10,5] Output: 2 Explanation: The valid pairs are (0,0), (2,2), (2,3), (2,4), (3,3), (3,4), and (4,4). The 
1515	2849	Determine if a Cell Is Reachable at a Given Time	You are given four integers sx, sy, fx, fy, and a non-negative integer t. In an infinite 2D grid, you start at the cell (sx, sy). Each second, you must move to any of its adjacent cells. Return true if you can reach cell (fx, fy) after exactly t seconds, or false otherwise. A cell's adjacent cells are the 8 cells around it that share at least one corner with it. You can visit the same cell several times. Example 1: Input: sx = 2, sy = 4, fx = 7, fy = 7, t = 6 Output: true Explanation: Starting at cell (2, 4), we can reach cell (7, 7) in exactly 6 seconds by going through the cells depicted in 
1515	3106	Lexicographically Smallest String After Operations With Constraint	You are given a string s and an integer k. Define a function distance(s1, s2) between two strings s1 and s2 of the same length n as: The sum of the minimum distance between s1[i] and s2[i] when the characters from 'a' to 'z' are placed in a cyclic order, for all i in the range [0, n - 1]. For example, distance("ab", "cd") == 4, and distance("a", "z") == 1. You can change any letter of s to any other lowercase English letter, any number of times. Return a string denoting the lexicographically smallest string t you can get after some changes, such that distance(s, t) <= k. Example 1: Input: s = 
1516	775	Global and Local Inversions	You are given an integer array nums of length n which represents a permutation of all the integers in the range [0, n - 1]. The number of global inversions is the number of the different pairs (i, j) where: 0 <= i < j < n nums[i] > nums[j] The number of local inversions is the number of indices i where: 0 <= i < n - 1 nums[i] > nums[i + 1] Return true if the number of global inversions is equal to the number of local inversions. Example 1: Input: nums = [1,0,2] Output: true Explanation: There is 1 global inversion and 1 local inversion. Example 2: Input: nums = [1,2,0] Output: false Explanatio
1516	904	Fruit Into Baskets	You are visiting a farm that has a single row of fruit trees arranged from left to right. The trees are represented by an integer array fruits where fruits[i] is the type of fruit the ith tree produces. You want to collect as much fruit as possible. However, the owner has some strict rules that you must follow: You only have two baskets, and each basket can only hold a single type of fruit. There is no limit on the amount of fruit each basket can hold. Starting from any tree of your choice, you must pick exactly one fruit from every tree (including the start tree) while moving to the right. Th
1517	2683	Neighboring Bitwise XOR	A 0-indexed array derived with length n is derived by computing the bitwise XOR (⊕) of adjacent values in a binary array original of length n. Specifically, for each index i in the range [0, n - 1]: If i = n - 1, then derived[i] = original[i] ⊕ original[0]. Otherwise, derived[i] = original[i] ⊕ original[i + 1]. Given an array derived, your task is to determine whether there exists a valid binary array original that could have formed derived. Return true if such an array exists or false otherwise. A binary array is an array containing only 0's and 1's Example 1: Input: derived = [1,1,0] Output:
1517	3160	Find the Number of Distinct Colors Among the Balls	You are given an integer limit and a 2D array queries of size n x 2. There are limit + 1 balls with distinct labels in the range [0, limit]. Initially, all balls are uncolored. For every query in queries that is of the form [x, y], you mark ball x with the color y. After each query, you need to find the number of colors among the balls. Return an array result of length n, where result[i] denotes the number of colors after ith query. Note that when answering a query, lack of a color will not be considered as a color. Example 1: Input: limit = 4, queries = [[1,4],[2,5],[1,3],[3,4]] Output: [1,2,
1518	3334	Find the Maximum Factor Score of Array	You are given an integer array nums. The factor score of an array is defined as the product of the LCM and GCD of all elements of that array. Return the maximum factor score of nums after removing at most one element from it. Note that both the LCM and GCD of a single number are the number itself, and the factor score of an empty array is 0. Example 1: Input: nums = [2,4,8,16] Output: 64 Explanation: On removing 2, the GCD of the rest of the elements is 4 while the LCM is 16, which gives a maximum factor score of 4 * 16 = 64. Example 2: Input: nums = [1,2,3,4,5] Output: 60 Explanation: The max
1518	3531	Count Covered Buildings	You are given a positive integer n, representing an n x n city. You are also given a 2D grid buildings, where buildings[i] = [x, y] denotes a unique building located at coordinates [x, y]. A building is covered if there is at least one building in all four directions: left, right, above, and below. Return the number of covered buildings. Example 1: Input: n = 3, buildings = [[1,2],[2,2],[3,2],[2,1],[2,3]] Output: 1 Explanation: Only building [2,2] is covered as it has at least one building: above ([1,2]) below ([3,2]) left ([2,1]) right ([2,3]) Thus, the count of covered buildings is 1. Exampl
1519	1641	Count Sorted Vowel Strings	Given an integer n, return the number of strings of length n that consist only of vowels (a, e, i, o, u) and are lexicographically sorted. A string s is lexicographically sorted if for all valid i, s[i] is the same as or comes before s[i+1] in the alphabet. Example 1: Input: n = 1 Output: 5 Explanation: The 5 sorted strings that consist of vowels only are ["a","e","i","o","u"]. Example 2: Input: n = 2 Output: 15 Explanation: The 15 sorted strings that consist of vowels only are ["aa","ae","ai","ao","au","ee","ei","eo","eu","ii","io","iu","oo","ou","uu"]. Note that "ea" is not a valid string si
1519	2865	Beautiful Towers I	You are given an array heights of n integers representing the number of bricks in n consecutive towers. Your task is to remove some bricks to form a mountain-shaped tower arrangement. In this arrangement, the tower heights are non-decreasing, reaching a maximum peak value with one or multiple consecutive towers and then non-increasing. Return the maximum possible sum of heights of a mountain-shaped tower arrangement. Example 1: Input: heights = [5,3,4,1,1] Output: 13 Explanation: We remove some bricks to make heights = [5,3,3,1,1], the peak is at index 0. Example 2: Input: heights = [6,5,3,9,2
1521	1041	Robot Bounded In Circle	On an infinite plane, a robot initially stands at (0, 0) and faces north. Note that: The north direction is the positive direction of the y-axis. The south direction is the negative direction of the y-axis. The east direction is the positive direction of the x-axis. The west direction is the negative direction of the x-axis. The robot can receive one of three instructions: "G": go straight 1 unit. "L": turn 90 degrees to the left (i.e., anti-clockwise direction). "R": turn 90 degrees to the right (i.e., clockwise direction). The robot performs the instructions given in order, and repeats them 
1521	1615	Maximal Network Rank	There is an infrastructure of n cities with some number of roads connecting these cities. Each roads[i] = [ai, bi] indicates that there is a bidirectional road between cities ai and bi. The network rank of two different cities is defined as the total number of directly connected roads to either city. If a road is directly connected to both cities, it is only counted once. The maximal network rank of the infrastructure is the maximum network rank of all pairs of different cities. Given the integer n and the array roads, return the maximal network rank of the entire infrastructure. Example 1: In
1521	1763	Longest Nice Substring	A string s is nice if, for every letter of the alphabet that s contains, it appears both in uppercase and lowercase. For example, "abABB" is nice because 'A' and 'a' appear, and 'B' and 'b' appear. However, "abA" is not because 'b' appears, but 'B' does not. Given a string s, return the longest substring of s that is nice. If there are multiple, return the substring of the earliest occurrence. If there are none, return an empty string. Example 1: Input: s = "YazaAay" Output: "aAa" Explanation: "aAa" is a nice string because 'A/a' is the only letter of the alphabet in s, and both 'A' and 'a' ap
1521	2971	Find Polygon With the Largest Perimeter	You are given an array of positive integers nums of length n. A polygon is a closed plane figure that has at least 3 sides. The longest side of a polygon is smaller than the sum of its other sides. Conversely, if you have k (k >= 3) positive real numbers a1, a2, a3, ..., ak where a1 <= a2 <= a3 <= ... <= ak and a1 + a2 + a3 + ... + ak-1 > ak, then there always exists a polygon with k sides whose lengths are a1, a2, a3, ..., ak. The perimeter of a polygon is the sum of lengths of its sides. Return the largest possible perimeter of a polygon whose sides can be formed from nums, or -1 if it is no
1521	3091	Apply Operations to Make Sum of Array Greater Than or Equal to k	You are given a positive integer k. Initially, you have an array nums = [1]. You can perform any of the following operations on the array any number of times (possibly zero): Choose any element in the array and increase its value by 1. Duplicate any element in the array and add it to the end of the array. Return the minimum number of operations required to make the sum of elements of the final array greater than or equal to k. Example 1: Input: k = 11 Output: 5 Explanation: We can do the following operations on the array nums = [1]: Increase the element by 1 three times. The resulting array is
1523	1829	Maximum XOR for Each Query	You are given a sorted array nums of n non-negative integers and an integer maximumBit. You want to perform the following query n times: Find a non-negative integer k < 2maximumBit such that nums[0] XOR nums[1] XOR ... XOR nums[nums.length-1] XOR k is maximized. k is the answer to the ith query. Remove the last element from the current array nums. Return an array answer, where answer[i] is the answer to the ith query. Example 1: Input: nums = [0,1,1,3], maximumBit = 2 Output: [0,3,2,3] Explanation: The queries are answered as follows: 1st query: nums = [0,1,1,3], k = 0 since 0 XOR 1 XOR 1 XOR 
1523	3152	Special Array II	An array is considered special if every pair of its adjacent elements contains two numbers with different parity. You are given an array of integer nums and a 2D integer matrix queries, where for queries[i] = [fromi, toi] your task is to check that subarray nums[fromi..toi] is special or not. Return an array of booleans answer such that answer[i] is true if nums[fromi..toi] is special. Example 1: Input: nums = [3,4,1,2,6], queries = [[0,4]] Output: [false] Explanation: The subarray is [3,4,1,2,6]. 2 and 6 are both even. Example 2: Input: nums = [4,3,1,6], queries = [[0,2],[2,3]] Output: [false
1523	3484	Design Spreadsheet	A spreadsheet is a grid with 26 columns (labeled from 'A' to 'Z') and a given number of rows. Each cell in the spreadsheet can hold an integer value between 0 and 105. Implement the Spreadsheet class: Spreadsheet(int rows) Initializes a spreadsheet with 26 columns (labeled 'A' to 'Z') and the specified number of rows. All cells are initially set to 0. void setCell(String cell, int value) Sets the value of the specified cell. The cell reference is provided in the format "AX" (e.g., "A1", "B10"), where the letter represents the column (from 'A' to 'Z') and the number represents a 1-indexed row. 
1524	1272	Remove Interval	
1524	1442	Count Triplets That Can Form Two Arrays of Equal XOR	Given an array of integers arr. We want to select three indices i, j and k where (0 <= i < j <= k < arr.length). Let's define a and b as follows: a = arr[i] ^ arr[i + 1] ^ ... ^ arr[j - 1] b = arr[j] ^ arr[j + 1] ^ ... ^ arr[k] Note that ^ denotes the bitwise-xor operation. Return the number of triplets (i, j and k) Where a == b. Example 1: Input: arr = [2,3,1,6,7] Output: 4 Explanation: The triplets are (0,1,2), (0,2,2), (2,3,4) and (2,4,4) Example 2: Input: arr = [1,1,1,1,1] Output: 10 Constraints: 1 <= arr.length <= 300 1 <= arr[i] <= 108
1524	1640	Check Array Formation Through Concatenation	You are given an array of distinct integers arr and an array of integer arrays pieces, where the integers in pieces are distinct. Your goal is to form arr by concatenating the arrays in pieces in any order. However, you are not allowed to reorder the integers in each array pieces[i]. Return true if it is possible to form the array arr from pieces. Otherwise, return false. Example 1: Input: arr = [15,88], pieces = [[88],[15]] Output: true Explanation: Concatenate [15] then [88] Example 2: Input: arr = [49,18,16], pieces = [[16,18,49]] Output: false Explanation: Even though the numbers match, we
1524	2997	Minimum Number of Operations to Make Array XOR Equal to K	You are given a 0-indexed integer array nums and a positive integer k. You can apply the following operation on the array any number of times: Choose any element of the array and flip a bit in its binary representation. Flipping a bit means changing a 0 to 1 or vice versa. Return the minimum number of operations required to make the bitwise XOR of all elements of the final array equal to k. Note that you can flip leading zero bits in the binary representation of elements. For example, for the number (101)2 you can flip the fourth bit and obtain (1101)2. Example 1: Input: nums = [2,1,3,4], k = 
1524	3913	Sort Vowels by Frequency	You are given a string s consisting of lowercase English characters. Rearrange only the vowels in the string so that they appear in non-increasing order of their frequency. If multiple vowels have the same frequency, order them by the position of their first occurrence in s. Return the modified string. Vowels are 'a', 'e', 'i', 'o', and 'u'. The frequency of a letter is the number of times it occurs in the string. Example 1: Input: s = "leetcode" Output: "leetcedo" Explanation:​​​​​​​ Vowels in the string are ['e', 'e', 'o', 'e'] with frequencies: e = 3, o = 1. Sorting in non-increasing order 
1525	2201	Count Artifacts That Can Be Extracted	There is an n x n 0-indexed grid with some artifacts buried in it. You are given the integer n and a 0-indexed 2D integer array artifacts describing the positions of the rectangular artifacts where artifacts[i] = [r1i, c1i, r2i, c2i] denotes that the ith artifact is buried in the subgrid where: (r1i, c1i) is the coordinate of the top-left cell of the ith artifact and (r2i, c2i) is the coordinate of the bottom-right cell of the ith artifact. You will excavate some cells of the grid and remove all the mud from them. If the cell has a part of an artifact buried underneath, it will be uncovered. I
1526	2918	Minimum Equal Sum of Two Arrays After Replacing Zeros	You are given two arrays nums1 and nums2 consisting of positive integers. You have to replace all the 0's in both arrays with strictly positive integers such that the sum of elements of both arrays becomes equal. Return the minimum equal sum you can obtain, or -1 if it is impossible. Example 1: Input: nums1 = [3,2,0,1,0], nums2 = [6,5,0] Output: 12 Explanation: We can replace 0's in the following way: - Replace the two 0's in nums1 with the values 2 and 4. The resulting array is nums1 = [3,2,2,1,4]. - Replace the 0 in nums2 with the value 1. The resulting array is nums2 = [6,5,1]. Both arrays 
1527	1921	Eliminate Maximum Number of Monsters	You are playing a video game where you are defending your city from a group of n monsters. You are given a 0-indexed integer array dist of size n, where dist[i] is the initial distance in kilometers of the ith monster from the city. The monsters walk toward the city at a constant speed. The speed of each monster is given to you in an integer array speed of size n, where speed[i] is the speed of the ith monster in kilometers per minute. You have a weapon that, once fully charged, can eliminate a single monster. However, the weapon takes one minute to charge. The weapon is fully charged at the v
1528	1695	Maximum Erasure Value	You are given an array of positive integers nums and want to erase a subarray containing unique elements. The score you get by erasing the subarray is equal to the sum of its elements. Return the maximum score you can get by erasing exactly one subarray. An array b is called to be a subarray of a if it forms a contiguous subsequence of a, that is, if it is equal to a[l],a[l+1],...,a[r] for some (l,r). Example 1: Input: nums = [4,2,4,5,6] Output: 17 Explanation: The optimal subarray here is [2,4,5,6]. Example 2: Input: nums = [5,2,1,2,5,2,1,2,5] Output: 8 Explanation: The optimal subarray here 
1529	3732	Maximum Product of Three Elements After One Replacement	You are given an integer array nums. You must replace exactly one element in the array with any integer value in the range [-105, 105] (inclusive). After performing this single replacement, determine the maximum possible product of any three elements at distinct indices from the modified array. Return an integer denoting the maximum product achievable. Example 1: Input: nums = [-5,7,0] Output: 3500000 Explanation: Replacing 0 with -105 gives the array [-5, 7, -105], which has a product (-5) * 7 * (-105) = 3500000. The maximum product is 3500000. Example 2: Input: nums = [-4,-2,-1,-3] Output: 1
1529	881	Boats to Save People	You are given an array people where people[i] is the weight of the ith person, and an infinite number of boats where each boat can carry a maximum weight of limit. Each boat carries at most two people at the same time, provided the sum of the weight of those people is at most limit. Return the minimum number of boats to carry every given person. Example 1: Input: people = [1,2], limit = 3 Output: 1 Explanation: 1 boat (1, 2) Example 2: Input: people = [3,2,2,1], limit = 3 Output: 3 Explanation: 3 boats (1, 2), (2) and (3) Example 3: Input: people = [3,5,3,4], limit = 5 Output: 4 Explanation: 4
1530	1400	Construct K Palindrome Strings	Given a string s and an integer k, return true if you can use all the characters in s to construct non-empty k palindrome strings or false otherwise. Example 1: Input: s = "annabelle", k = 2 Output: true Explanation: You can construct two palindromes using all characters in s. Some possible constructions "anna" + "elble", "anbna" + "elle", "anellena" + "b" Example 2: Input: s = "leetcode", k = 3 Output: false Explanation: It is impossible to construct 3 palindromes using all the characters of s. Example 3: Input: s = "true", k = 4 Output: true Explanation: The only possible solution is to put 
1530	1657	Determine if Two Strings Are Close	Two strings are considered close if you can attain one from the other using the following operations: Operation 1: Swap any two existing characters. For example, abcde -> aecdb Operation 2: Transform every occurrence of one existing character into another existing character, and do the same with the other character. For example, aacabb -> bbcbaa (all a's turn into b's, and all b's turn into a's) You can use the operations on either string as many times as necessary. Given two strings, word1 and word2, return true if word1 and word2 are close, and false otherwise. Example 1: Input: word1 = "abc
1530	1726	Tuple with Same Product	Given an array nums of distinct positive integers, return the number of tuples (a, b, c, d) such that a * b = c * d where a, b, c, and d are elements of nums, and a != b != c != d. Example 1: Input: nums = [2,3,4,6] Output: 8 Explanation: There are 8 valid tuples: (2,6,3,4) , (2,6,4,3) , (6,2,3,4) , (6,2,4,3) (3,4,2,6) , (4,3,2,6) , (3,4,6,2) , (4,3,6,2) Example 2: Input: nums = [1,2,4,5,10] Output: 16 Explanation: There are 16 valid tuples: (1,10,2,5) , (1,10,5,2) , (10,1,2,5) , (10,1,5,2) (2,5,1,10) , (2,5,10,1) , (5,2,1,10) , (5,2,10,1) (2,10,4,5) , (2,10,5,4) , (10,2,4,5) , (10,2,5,4) (4,5
1530	2591	Distribute Money to Maximum Children	You are given an integer money denoting the amount of money (in dollars) that you have and another integer children denoting the number of children that you must distribute the money to. You have to distribute the money according to the following rules: All money must be distributed. Everyone must receive at least 1 dollar. Nobody receives 4 dollars. Return the maximum number of children who may receive exactly 8 dollars if you distribute the money according to the aforementioned rules. If there is no way to distribute the money, return -1. Example 1: Input: money = 20, children = 3 Output: 1 
1531	3824	Minimum K to Reduce Array Within Limit	You are given a positive integer array nums. For a positive integer k, define nonPositive(nums, k) as the minimum number of operations needed to make every element of nums non-positive. In one operation, you can choose an index i and reduce nums[i] by k. Return an integer denoting the minimum value of k such that nonPositive(nums, k) <= k2. Example 1: Input: nums = [3,7,5] Output: 3 Explanation: When k = 3, nonPositive(nums, k) = 6 <= k2. Reduce nums[0] = 3 one time. nums[0] becomes 3 - 3 = 0. Reduce nums[1] = 7 three times. nums[1] becomes 7 - 3 - 3 - 3 = -2. Reduce nums[2] = 5 two times. num
1532	2429	Minimize XOR	Given two positive integers num1 and num2, find the positive integer x such that: x has the same number of set bits as num2, and The value x XOR num1 is minimal. Note that XOR is the bitwise XOR operation. Return the integer x. The test cases are generated such that x is uniquely determined. The number of set bits of an integer is the number of 1's in its binary representation. Example 1: Input: num1 = 3, num2 = 5 Output: 3 Explanation: The binary representations of num1 and num2 are 0011 and 0101, respectively. The integer 3 has the same number of set bits as num2, and the value 3 XOR 3 = 0 i
1532	900	RLE Iterator	We can use run-length encoding (i.e., RLE) to encode a sequence of integers. In a run-length encoded array of even length encoding (0-indexed), for all even i, encoding[i] tells us the number of times that the non-negative integer value encoding[i + 1] is repeated in the sequence. For example, the sequence arr = [8,8,8,5,5] can be encoded to be encoding = [3,8,2,5]. encoding = [3,8,0,9,2,5] and encoding = [2,8,1,8,2,5] are also valid RLE of arr. Given a run-length encoded array, design an iterator that iterates through it. Implement the RLEIterator class: RLEIterator(int[] encoded) Initializes
1533	1362	Closest Divisors	Given an integer num, find the closest two integers in absolute difference whose product equals num + 1 or num + 2. Return the two integers in any order. Example 1: Input: num = 8 Output: [3,3] Explanation: For num + 1 = 9, the closest divisors are 3 & 3, for num + 2 = 10, the closest divisors are 2 & 5, hence 3 & 3 is chosen. Example 2: Input: num = 123 Output: [5,25] Example 3: Input: num = 999 Output: [40,25] Constraints: 1 <= num <= 10^9
1533	1930	Unique Length-3 Palindromic Subsequences	Given a string s, return the number of unique palindromes of length three that are a subsequence of s. Note that even if there are multiple ways to obtain the same subsequence, it is still only counted once. A palindrome is a string that reads the same forwards and backwards. A subsequence of a string is a new string generated from the original string with some characters (can be none) deleted without changing the relative order of the remaining characters. For example, "ace" is a subsequence of "abcde". Example 1: Input: s = "aabca" Output: 3 Explanation: The 3 palindromic subsequences of len
1533	2770	Maximum Number of Jumps to Reach the Last Index	You are given a 0-indexed array nums of n integers and an integer target. You are initially positioned at index 0. In one step, you can jump from index i to any index j such that: 0 <= i < j < n -target <= nums[j] - nums[i] <= target Return the maximum number of jumps you can make to reach index n - 1. If there is no way to reach index n - 1, return -1. Example 1: Input: nums = [1,3,6,4,1,2], target = 2 Output: 3 Explanation: To go from index 0 to index n - 1 with the maximum number of jumps, you can perform the following jumping sequence: - Jump from index 0 to index 1. - Jump from index 1 to
1533	3016	Minimum Number of Pushes to Type Word II	You are given a string word containing lowercase English letters. Telephone keypads have keys mapped with distinct collections of lowercase English letters, which can be used to form words by pushing them. For example, the key 2 is mapped with ["a","b","c"], we need to push the key one time to type "a", two times to type "b", and three times to type "c" . It is allowed to remap the keys numbered 2 to 9 to distinct collections of letters. The keys can be remapped to any amount of letters, but each letter must be mapped to exactly one key. You need to find the minimum number of times the keys wi
1534	1797	Design Authentication Manager	There is an authentication system that works with authentication tokens. For each session, the user will receive a new authentication token that will expire timeToLive seconds after the currentTime. If the token is renewed, the expiry time will be extended to expire timeToLive seconds after the (potentially different) currentTime. Implement the AuthenticationManager class: AuthenticationManager(int timeToLive) constructs the AuthenticationManager and sets the timeToLive. generate(string tokenId, int currentTime) generates a new token with the given tokenId at the given currentTime in seconds. 
1534	3890	Integers With Multiple Sum of Two Cubes	You are given an integer n. An integer x is considered good if there exist at least two distinct pairs (a, b) such that: a and b are positive integers. a <= b x = a3 + b3 Return an array containing all good integers less than or equal to n, sorted in ascending order. Example 1: Input: n = 4104 Output: [1729,4104] Explanation: Among integers less than or equal to 4104, the good integers are: 1729: 13 + 123 = 1729 and 93 + 103 = 1729. 4104: 23 + 163 = 4104 and 93 + 153 = 4104. Thus, the answer is [1729, 4104]. Example 2: Input: n = 578 Output: [] Explanation: There are no good integers less than
1534	865	Smallest Subtree with all the Deepest Nodes	Given the root of a binary tree, the depth of each node is the shortest distance to the root. Return the smallest subtree such that it contains all the deepest nodes in the original tree. A node is called the deepest if it has the largest depth possible among any node in the entire tree. The subtree of a node is a tree consisting of that node, plus the set of all descendants of that node. Example 1: Input: root = [3,5,1,6,2,0,8,null,null,7,4] Output: [2,7,4] Explanation: We return the node with value 2, colored in yellow in the diagram. The nodes coloured in blue are the deepest nodes of the t
1535	2958	Length of Longest Subarray With at Most K Frequency	You are given an integer array nums and an integer k. The frequency of an element x is the number of times it occurs in an array. An array is called good if the frequency of each element in this array is less than or equal to k. Return the length of the longest good subarray of nums. A subarray is a contiguous non-empty sequence of elements within an array. Example 1: Input: nums = [1,2,3,1,2,3,1,2], k = 2 Output: 6 Explanation: The longest possible good subarray is [1,2,3,1,2,3] since the values 1, 2, and 3 occur at most twice in this subarray. Note that the subarrays [2,3,1,2,3,1] and [3,1,2
1536	1861	Rotating the Box	You are given an m x n matrix of characters boxGrid representing a side-view of a box. Each cell of the box is one of the following: A stone '#' A stationary obstacle '*' Empty '.' The box is rotated 90 degrees clockwise, causing some of the stones to fall due to gravity. Each stone falls down until it lands on an obstacle, another stone, or the bottom of the box. Gravity does not affect the obstacles' positions, and the inertia from the box's rotation does not affect the stones' horizontal positions. It is guaranteed that each stone in boxGrid rests on an obstacle, another stone, or the botto
1536	2933	High-Access Employees	You are given a 2D 0-indexed array of strings, access_times, with size n. For each i where 0 <= i <= n - 1, access_times[i][0] represents the name of an employee, and access_times[i][1] represents the access time of that employee. All entries in access_times are within the same day. The access time is represented as four digits using a 24-hour time format, for example, "0800" or "2250". An employee is said to be high-access if he has accessed the system three or more times within a one-hour period. Times with exactly one hour of difference are not considered part of the same one-hour period. F
1536	3723	Maximize Sum of Squares of Digits	You are given two positive integers num and sum. A positive integer n is good if it satisfies both of the following: The number of digits in n is exactly num. The sum of digits in n is exactly sum. The score of a good integer n is the sum of the squares of digits in n. Return a string denoting the good integer n that achieves the maximum score. If there are multiple possible integers, return the maximum ​​​​​​​one. If no such integer exists, return an empty string. Example 1: Input: num = 2, sum = 3 Output: "30" Explanation: There are 3 good integers: 12, 21, and 30. The score of 12 is 12 + 22
1537	1023	Camelcase Matching	Given an array of strings queries and a string pattern, return a boolean array answer where answer[i] is true if queries[i] matches pattern, and false otherwise. A query word queries[i] matches pattern if you can insert lowercase English letters into the pattern so that it equals the query. You may insert a character at any position in pattern or you may choose not to insert any characters at all. Example 1: Input: queries = ["FooBar","FooBarTest","FootBall","FrameBuffer","ForceFeedBack"], pattern = "FB" Output: [true,false,true,true,false] Explanation: "FooBar" can be generated like this "F" 
1538	2178	Maximum Split of Positive Even Integers	You are given an integer finalSum. Split it into a sum of a maximum number of unique positive even integers. For example, given finalSum = 12, the following splits are valid (unique positive even integers summing up to finalSum): (12), (2 + 10), (2 + 4 + 6), and (4 + 8). Among them, (2 + 4 + 6) contains the maximum number of integers. Note that finalSum cannot be split into (2 + 2 + 4 + 4) as all the numbers should be unique. Return a list of integers that represent a valid split containing a maximum number of integers. If no valid split exists for finalSum, return an empty list. You may retur
1539	1992	Find All Groups of Farmland	You are given a 0-indexed m x n binary matrix land where a 0 represents a hectare of forested land and a 1 represents a hectare of farmland. To keep the land organized, there are designated rectangular areas of hectares that consist entirely of farmland. These rectangular areas are called groups. No two groups are adjacent, meaning farmland in one group is not four-directionally adjacent to another farmland in a different group. land can be represented by a coordinate system where the top left corner of land is (0, 0) and the bottom right corner of land is (m-1, n-1). Find the coordinates of t
1540	1382	Balance a Binary Search Tree	Given the root of a binary search tree, return a balanced binary search tree with the same node values. If there is more than one answer, return any of them. A binary search tree is balanced if the depth of the two subtrees of every node never differs by more than 1. Example 1: Input: root = [1,null,2,null,3,null,4,null,null] Output: [2,1,3,null,null,null,4] Explanation: This is not the only correct answer, [3,1,4,null,2] is also correct. Example 2: Input: root = [2,1,3] Output: [2,1,3] Constraints: The number of nodes in the tree is in the range [1, 104]. 1 <= Node.val <= 105
1540	2349	Design a Number Container System	Design a number container system that can do the following: Insert or Replace a number at the given index in the system. Return the smallest index for the given number in the system. Implement the NumberContainers class: NumberContainers() Initializes the number container system. void change(int index, int number) Fills the container at index with the number. If there is already a number at that index, replace it. int find(int number) Returns the smallest index for the given number, or -1 if there is no index that is filled by number in the system. Example 1: Input ["NumberContainers", "find",
1540	3128	Right Triangles	You are given a 2D boolean matrix grid. A collection of 3 elements of grid is a right triangle if one of its elements is in the same row with another element and in the same column with the third element. The 3 elements may not be next to each other. Return an integer that is the number of right triangles that can be made with 3 elements of grid such that all of them have a value of 1. Example 1: 0 1 0 0 1 1 0 1 0 0 1 0 0 1 1 0 1 0 0 1 0 0 1 1 0 1 0 Input: grid = [[0,1,0],[0,1,1],[0,1,0]] Output: 2 Explanation: There are two right triangles with elements of the value 1. Notice that the blue on
1541	1007	Minimum Domino Rotations For Equal Row	In a row of dominoes, tops[i] and bottoms[i] represent the top and bottom halves of the ith domino. (A domino is a tile with two numbers from 1 to 6 - one on each half of the tile.) We may rotate the ith domino, so that tops[i] and bottoms[i] swap values. Return the minimum number of rotations so that all the values in tops are the same, or all the values in bottoms are the same. If it cannot be done, return -1. Example 1: Input: tops = [2,1,2,4,2,2], bottoms = [5,2,6,2,3,2] Output: 2 Explanation: The first figure represents the dominoes as given by tops and bottoms: before we do any rotations
1541	1209	Remove All Adjacent Duplicates in String II	You are given a string s and an integer k, a k duplicate removal consists of choosing k adjacent and equal letters from s and removing them, causing the left and the right side of the deleted substring to concatenate together. We repeatedly make k duplicate removals on s until we no longer can. Return the final string after all such duplicate removals have been made. It is guaranteed that the answer is unique. Example 1: Input: s = "abcd", k = 2 Output: "abcd" Explanation: There's nothing to delete. Example 2: Input: s = "deeedbbcccbdaa", k = 3 Output: "aa" Explanation: First delete "eee" and 
1541	1229	Meeting Scheduler	
1541	1283	Find the Smallest Divisor Given a Threshold	Given an array of integers nums and an integer threshold, we will choose a positive integer divisor, divide all the array by it, and sum the division's result. Find the smallest divisor such that the result mentioned above is less than or equal to threshold. Each result of the division is rounded to the nearest integer greater than or equal to that element. (For example: 7/3 = 3 and 10/2 = 5). The test cases are generated so that there will be an answer. Example 1: Input: nums = [1,2,5,9], threshold = 6 Output: 5 Explanation: We can get a sum to 17 (1+2+5+9) if the divisor is 1. If the divisor
1541	1749	Maximum Absolute Sum of Any Subarray	You are given an integer array nums. The absolute sum of a subarray [numsl, numsl+1, ..., numsr-1, numsr] is abs(numsl + numsl+1 + ... + numsr-1 + numsr). Return the maximum absolute sum of any (possibly empty) subarray of nums. Note that abs(x) is defined as follows: If x is a negative integer, then abs(x) = -x. If x is a non-negative integer, then abs(x) = x. Example 1: Input: nums = [1,-3,2,3,-4] Output: 5 Explanation: The subarray [2,3] has absolute sum = abs(2+3) = abs(5) = 5. Example 2: Input: nums = [2,-5,1,-4,3,-2] Output: 8 Explanation: The subarray [-5,1,-4] has absolute sum = abs(-5
1541	2575	Find the Divisibility Array of a String	You are given a 0-indexed string word of length n consisting of digits, and a positive integer m. The divisibility array div of word is an integer array of length n such that: div[i] = 1 if the numeric value of word[0,...,i] is divisible by m, or div[i] = 0 otherwise. Return the divisibility array of word. Example 1: Input: word = "998244353", m = 3 Output: [1,1,0,0,0,1,1,0,0] Explanation: There are only 4 prefixes that are divisible by 3: "9", "99", "998244", and "9982443". Example 2: Input: word = "1010", m = 10 Output: [0,1,0,1] Explanation: There are only 2 prefixes that are divisible by 1
1541	3537	Fill a Special Grid	You are given a non-negative integer n representing a 2n x 2n grid. You must fill the grid with integers from 0 to 22n - 1 to make it special. A grid is special if it satisfies all the following conditions: All numbers in the top-right quadrant are smaller than those in the bottom-right quadrant. All numbers in the bottom-right quadrant are smaller than those in the bottom-left quadrant. All numbers in the bottom-left quadrant are smaller than those in the top-left quadrant. Each of its quadrants is also a special grid. Return the special 2n x 2n grid. Note: Any 1x1 grid is special. Example 1:
1541	986	Interval List Intersections	You are given two lists of closed intervals, firstList and secondList, where firstList[i] = [starti, endi] and secondList[j] = [startj, endj]. Each list of intervals is pairwise disjoint and in sorted order. Return the intersection of these two interval lists. A closed interval [a, b] (with a <= b) denotes the set of real numbers x with a <= x <= b. The intersection of two closed intervals is a set of real numbers that are either empty or represented as a closed interval. For example, the intersection of [1, 3] and [2, 4] is [2, 3]. Example 1: Input: firstList = [[0,2],[5,10],[13,23],[24,25]],
1542	812	Largest Triangle Area	Given an array of points on the X-Y plane points where points[i] = [xi, yi], return the area of the largest triangle that can be formed by any three different points. Answers within 10-5 of the actual answer will be accepted. Example 1: Input: points = [[0,0],[0,1],[1,0],[0,2],[2,0]] Output: 2.00000 Explanation: The five points are shown in the above figure. The red triangle is the largest. Example 2: Input: points = [[1,0],[0,0],[0,1]] Output: 0.50000 Constraints: 3 <= points.length <= 50 -50 <= xi, yi <= 50 All the given points are unique.
1543	2811	Check if it is Possible to Split Array	You are given an array nums of length n and an integer m. You need to determine if it is possible to split the array into n arrays of size 1 by performing a series of steps. An array is called good if: The length of the array is one, or The sum of the elements of the array is greater than or equal to m. In each step, you can select an existing array (which may be the result of previous steps) with a length of at least two and split it into two arrays, if both resulting arrays are good. Return true if you can split the given array into n arrays, otherwise return false. Example 1: Input: nums = 
1544	1104	Path In Zigzag Labelled Binary Tree	In an infinite binary tree where every node has two children, the nodes are labelled in row order. In the odd numbered rows (ie., the first, third, fifth,...), the labelling is left to right, while in the even numbered rows (second, fourth, sixth,...), the labelling is right to left. Given the label of a node in this tree, return the labels in the path from the root of the tree to the node with that label. Example 1: Input: label = 14 Output: [1,3,4,14] Example 2: Input: label = 26 Output: [1,2,6,10,26] Constraints: 1 <= label <= 10^6
1544	1233	Remove Sub-Folders from the Filesystem	Given a list of folders folder, return the folders after removing all sub-folders in those folders. You may return the answer in any order. If a folder[i] is located within another folder[j], it is called a sub-folder of it. A sub-folder of folder[j] must start with folder[j], followed by a "/". For example, "/a/b" is a sub-folder of "/a", but "/b" is not a sub-folder of "/a/b/c". The format of a path is one or more concatenated strings of the form: '/' followed by one or more lowercase English letters. For example, "/leetcode" and "/leetcode/problems" are valid paths while an empty string and
1544	3468	Find the Number of Copy Arrays	You are given an array original of length n and a 2D array bounds of length n x 2, where bounds[i] = [ui, vi]. You need to find the number of possible arrays copy of length n such that: (copy[i] - copy[i - 1]) == (original[i] - original[i - 1]) for 1 <= i <= n - 1. ui <= copy[i] <= vi for 0 <= i <= n - 1. Return the number of such arrays. Example 1: Input: original = [1,2,3,4], bounds = [[1,2],[2,3],[3,4],[4,5]] Output: 2 Explanation: The possible arrays are: [1, 2, 3, 4] [2, 3, 4, 5] Example 2: Input: original = [1,2,3,4], bounds = [[1,10],[2,9],[3,8],[4,7]] Output: 4 Explanation: The possibl
1544	794	Valid Tic-Tac-Toe State	Given a Tic-Tac-Toe board as a string array board, return true if and only if it is possible to reach this board position during the course of a valid tic-tac-toe game. The board is a 3 x 3 array that consists of characters ' ', 'X', and 'O'. The ' ' character represents an empty square. Here are the rules of Tic-Tac-Toe: Players take turns placing characters into empty squares ' '. The first player always places 'X' characters, while the second player always places 'O' characters. 'X' and 'O' characters are always placed into empty squares, never filled ones. The game ends when there are thre
1545	2841	Maximum Sum of Almost Unique Subarray	You are given an integer array nums and two positive integers m and k. Return the maximum sum out of all almost unique subarrays of length k of nums. If no such subarray exists, return 0. A subarray of nums is almost unique if it contains at least m distinct elements. A subarray is a contiguous non-empty sequence of elements within an array. Example 1: Input: nums = [2,6,7,3,1,7], m = 3, k = 4 Output: 18 Explanation: There are 3 almost unique subarrays of size k = 4. These subarrays are [2, 6, 7, 3], [6, 7, 3, 1], and [7, 3, 1, 7]. Among these subarrays, the one with the maximum sum is [2, 6, 
1546	3770	Largest Prime from Consecutive Prime Sum	You are given an integer n. Return the largest prime number less than or equal to n that can be expressed as the sum of one or more consecutive prime numbers starting from 2. If no such number exists, return 0. Example 1: Input: n = 20 Output: 17 Explanation: The prime numbers less than or equal to n = 20 which are consecutive prime sums are: 2 = 2 5 = 2 + 3 17 = 2 + 3 + 5 + 7 The largest is 17, so it is the answer. Example 2: Input: n = 2 Output: 2 Explanation: The only consecutive prime sum less than or equal to 2 is 2 itself. Constraints: 1 <= n <= 5 * 105
1547	758	Bold Words in String	
1547	954	Array of Doubled Pairs	Given an integer array of even length arr, return true if it is possible to reorder arr such that arr[2 * i + 1] = 2 * arr[2 * i] for every 0 <= i < len(arr) / 2, or false otherwise. Example 1: Input: arr = [3,1,3,6] Output: false Example 2: Input: arr = [2,1,2,6] Output: false Example 3: Input: arr = [4,-2,2,-4] Output: true Explanation: We can take two groups, [-2,-4] and [2,4] to form [-2,-4,2,4] or [2,4,-2,-4]. Constraints: 2 <= arr.length <= 3 * 104 arr.length is even. -105 <= arr[i] <= 105
1548	1329	Sort the Matrix Diagonally	A matrix diagonal is a diagonal line of cells starting from some cell in either the topmost row or leftmost column and going in the bottom-right direction until reaching the matrix's end. For example, the matrix diagonal starting from mat[2][0], where mat is a 6 x 3 matrix, includes cells mat[2][0], mat[3][1], and mat[4][2]. Given an m x n matrix mat of integers, sort each matrix diagonal in ascending order and return the resulting matrix. Example 1: Input: mat = [[3,3,1,1],[2,2,1,2],[1,1,1,2]] Output: [[1,1,1,1],[1,2,2,2],[1,2,3,3]] Example 2: Input: mat = [[11,25,66,1,69,7],[23,55,17,45,15,5
1548	1599	Maximum Profit of Operating a Centennial Wheel	You are the operator of a Centennial Wheel that has four gondolas, and each gondola has room for up to four people. You have the ability to rotate the gondolas counterclockwise, which costs you runningCost dollars. You are given an array customers of length n where customers[i] is the number of new customers arriving just before the ith rotation (0-indexed). This means you must rotate the wheel i times before the customers[i] customers arrive. You cannot make customers wait if there is room in the gondola. Each customer pays boardingCost dollars when they board on the gondola closest to the gr
1548	2456	Most Popular Video Creator	You are given two string arrays creators and ids, and an integer array views, all of length n. The ith video on a platform was created by creators[i], has an id of ids[i], and has views[i] views. The popularity of a creator is the sum of the number of views on all of the creator's videos. Find the creator with the highest popularity and the id of their most viewed video. If multiple creators have the highest popularity, find all of them. If multiple videos have the highest view count for a creator, find the lexicographically smallest id. Note: It is possible for different videos to have the sa
1548	3503	Longest Palindrome After Substring Concatenation I	You are given two strings, s and t. You can create a new string by selecting a substring from s (possibly empty) and a substring from t (possibly empty), then concatenating them in order. Return the length of the longest palindrome that can be formed this way. Example 1: Input: s = "a", t = "a" Output: 2 Explanation: Concatenating "a" from s and "a" from t results in "aa", which is a palindrome of length 2. Example 2: Input: s = "abc", t = "def" Output: 1 Explanation: Since all characters are different, the longest palindrome is any single character, so the answer is 1. Example 3: Input: s = "
1548	3587	Minimum Adjacent Swaps to Alternate Parity	You are given an array nums of distinct integers. In one operation, you can swap any two adjacent elements in the array. An arrangement of the array is considered valid if the parity of adjacent elements alternates, meaning every pair of neighboring elements consists of one even and one odd number. Return the minimum number of adjacent swaps required to transform nums into any valid arrangement. If it is impossible to rearrange nums such that no two adjacent elements have the same parity, return -1. Example 1: Input: nums = [2,4,6,5,7] Output: 3 Explanation: Swapping 5 and 6, the array becomes
1548	3885	Design Event Manager	You are given an initial list of events, where each event has a unique eventId and a priority. Implement the EventManager class: EventManager(int[][] events) Initializes the manager with the given events, where events[i] = [eventIdi, priority​​​​​​​i]. void updatePriority(int eventId, int newPriority) Updates the priority of the active event with id eventId to newPriority. int pollHighest() Removes and returns the eventId of the active event with the highest priority. If multiple active events have the same priority, return the smallest eventId among them. If there are no active events, return
1548	3932	Count K-th Roots in a Range	You are given three integers l, r, and k. An integer y is said to be a perfect kth power if there exists an integer x such that y = xk. Return the number of integers y in the range [l, r] (inclusive) that are perfect kth powers. Example 1: Input: l = 1, r = 9, k = 3 Output: 2 Explanation: The perfect cubes in the range [1, 9] are: 1 = 13 8 = 23 Hence, the answer is 2. Example 2: Input: l = 8, r = 30, k = 2 Output: 3 Explanation: The perfect squares in the range [8, 30] are: 9 = 32 16 = 42 25 = 52 Hence, the answer is 3. Constraints: 0 <= l <= r <= 109 1 <= k <= 30
1549	2527	Find Xor-Beauty of Array	You are given a 0-indexed integer array nums. The effective value of three indices i, j, and k is defined as ((nums[i] | nums[j]) & nums[k]). The xor-beauty of the array is the XORing of the effective values of all the possible triplets of indices (i, j, k) where 0 <= i, j, k < n. Return the xor-beauty of nums. Note that: val1 | val2 is bitwise OR of val1 and val2. val1 & val2 is bitwise AND of val1 and val2. Example 1: Input: nums = [1,4] Output: 5 Explanation: The triplets and their corresponding effective values are listed below: - (0,0,0) with effective value ((1 | 1) & 1) = 1 - (0,0,1) wi
1549	2780	Minimum Index of a Valid Split	An element x of an integer array arr of length m is dominant if more than half the elements of arr have a value of x. You are given a 0-indexed integer array nums of length n with one dominant element. You can split nums at an index i into two arrays nums[0, ..., i] and nums[i + 1, ..., n - 1], but the split is only valid if: 0 <= i < n - 1 nums[0, ..., i], and nums[i + 1, ..., n - 1] have the same dominant element. Here, nums[i, ..., j] denotes the subarray of nums starting at index i and ending at index j, both ends being inclusive. Particularly, if j < i then nums[i, ..., j] denotes an empt
1550	2207	Maximize Number of Subsequences in a String	You are given a 0-indexed string text and another 0-indexed string pattern of length 2, both of which consist of only lowercase English letters. You can add either pattern[0] or pattern[1] anywhere in text exactly once. Note that the character can be added even at the beginning or at the end of text. Return the maximum number of times pattern can occur as a subsequence of the modified text. A subsequence is a string that can be derived from another string by deleting some or no characters without changing the order of the remaining characters. Example 1: Input: text = "abdcdbc", pattern = "ac"
1550	2208	Minimum Operations to Halve Array Sum	You are given an array nums of positive integers. In one operation, you can choose any number from nums and reduce it to exactly half the number. (Note that you may choose this reduced number in future operations.) Return the minimum number of operations to reduce the sum of nums by at least half. Example 1: Input: nums = [5,19,8,1] Output: 3 Explanation: The initial sum of nums is equal to 5 + 19 + 8 + 1 = 33. The following is one of the ways to reduce the sum by at least half: Pick the number 19 and reduce it to 9.5. Pick the number 9.5 and reduce it to 4.75. Pick the number 8 and reduce it 
1552	2461	Maximum Sum of Distinct Subarrays With Length K	You are given an integer array nums and an integer k. Find the maximum subarray sum of all the subarrays of nums that meet the following conditions: The length of the subarray is k, and All the elements of the subarray are distinct. Return the maximum subarray sum of all the subarrays that meet the conditions. If no subarray meets the conditions, return 0. A subarray is a contiguous non-empty sequence of elements within an array. Example 1: Input: nums = [1,5,4,2,9,9,9], k = 3 Output: 15 Explanation: The subarrays of nums with length 3 are: - [1,5,4] which meets the requirements and has a sum 
1553	3361	Shift Distance Between Two Strings	You are given two strings s and t of the same length, and two integer arrays nextCost and previousCost. In one operation, you can pick any index i of s, and perform either one of the following actions: Shift s[i] to the next letter in the alphabet. If s[i] == 'z', you should replace it with 'a'. This operation costs nextCost[j] where j is the index of s[i] in the alphabet. Shift s[i] to the previous letter in the alphabet. If s[i] == 'a', you should replace it with 'z'. This operation costs previousCost[j] where j is the index of s[i] in the alphabet. The shift distance is the minimum total co
1556	2131	Longest Palindrome by Concatenating Two Letter Words	You are given an array of strings words. Each element of words consists of two lowercase English letters. Create the longest possible palindrome by selecting some elements from words and concatenating them in any order. Each element can be selected at most once. Return the length of the longest palindrome that you can create. If it is impossible to create any palindrome, return 0. A palindrome is a string that reads the same forward and backward. Example 1: Input: words = ["lc","cl","gg"] Output: 6 Explanation: One longest palindrome is "lc" + "gg" + "cl" = "lcggcl", of length 6. Note that "cl
1556	3652	Best Time to Buy and Sell Stock using Strategy	You are given two integer arrays prices and strategy, where: prices[i] is the price of a given stock on the ith day. strategy[i] represents a trading action on the ith day, where: -1 indicates buying one unit of the stock. 0 indicates holding the stock. 1 indicates selling one unit of the stock. You are also given an even integer k, and may perform at most one modification to strategy. A modification consists of: Selecting exactly k consecutive elements in strategy. Set the first k / 2 elements to 0 (hold). Set the last k / 2 elements to 1 (sell). The profit is defined as the sum of strategy[i
1556	3653	XOR After Range Multiplication Queries I	You are given an integer array nums of length n and a 2D integer array queries of size q, where queries[i] = [li, ri, ki, vi]. For each query, you must apply the following operations in order: Set idx = li. While idx <= ri: Update: nums[idx] = (nums[idx] * vi) % (109 + 7) Set idx += ki. Return the bitwise XOR of all elements in nums after processing all queries. Example 1: Input: nums = [1,1,1], queries = [[0,2,1,4]] Output: 4 Explanation: A single query [0, 2, 1, 4] multiplies every element from index 0 through index 2 by 4. The array changes from [1, 1, 1] to [4, 4, 4]. The XOR of all elemen
1556	3849	Maximum Bitwise XOR After Rearrangement	You are given two binary strings s and t​​​​​​​, each of length n. You may rearrange the characters of t in any order, but s must remain unchanged. Return a binary string of length n representing the maximum integer value obtainable by taking the bitwise XOR of s and rearranged t. Example 1: Input: s = "101", t = "011" Output: "110" Explanation: One optimal rearrangement of t is "011". The bitwise XOR of s and rearranged t is "101" XOR "011" = "110", which is the maximum possible. Example 2: Input: s = "0110", t = "1110" Output: "1101" Explanation: One optimal rearrangement of t is "1011". The
1557	2007	Find Original Array From Doubled Array	An integer array original is transformed into a doubled array changed by appending twice the value of every element in original, and then randomly shuffling the resulting array. Given an array changed, return original if changed is a doubled array. If changed is not a doubled array, return an empty array. The elements in original may be returned in any order. Example 1: Input: changed = [1,3,4,2,6,8] Output: [1,3,4] Explanation: One possible original array could be [1,3,4]: - Twice the value of 1 is 1 * 2 = 2. - Twice the value of 3 is 3 * 2 = 6. - Twice the value of 4 is 4 * 2 = 8. Other orig
1558	1101	The Earliest Moment When Everyone Become Friends	
1558	1144	Decrease Elements To Make Array Zigzag	Given an array nums of integers, a move consists of choosing any element and decreasing it by 1. An array A is a zigzag array if either: Every even-indexed element is greater than adjacent elements, ie. A[0] > A[1] < A[2] > A[3] < A[4] > ... OR, every odd-indexed element is greater than adjacent elements, ie. A[0] < A[1] > A[2] < A[3] > A[4] < ... Return the minimum number of moves to transform the given array nums into a zigzag array. Example 1: Input: nums = [1,2,3] Output: 2 Explanation: We can decrease 2 to 0 or 3 to 1. Example 2: Input: nums = [9,6,1,6,2] Output: 4 Constraints: 1 <= nums.
1558	1181	Before and After Puzzle	
1558	1243	Array Transformation	
1558	2310	Sum of Numbers With Units Digit K	Given two integers num and k, consider a set of positive integers with the following properties: The units digit of each integer is k. The sum of the integers is num. Return the minimum possible size of such a set, or -1 if no such set exists. Note: The set can contain multiple instances of the same integer, and the sum of an empty set is considered 0. The units digit of a number is the rightmost digit of the number. Example 1: Input: num = 58, k = 9 Output: 2 Explanation: One valid set is [9,49], as the sum is 58 and each integer has a units digit of 9. Another valid set is [19,39]. It can be
1559	2470	Number of Subarrays With LCM Equal to K	Given an integer array nums and an integer k, return the number of subarrays of nums where the least common multiple of the subarray's elements is k. A subarray is a contiguous non-empty sequence of elements within an array. The least common multiple of an array is the smallest positive integer that is divisible by all the array elements. Example 1: Input: nums = [3,6,2,7,1], k = 6 Output: 4 Explanation: The subarrays of nums where 6 is the least common multiple of all the subarray's elements are: - [3,6,2,7,1] - [3,6,2,7,1] - [3,6,2,7,1] - [3,6,2,7,1] Example 2: Input: nums = [3], k = 2 Outpu
1560	3693	Climbing Stairs II	You are climbing a staircase with n + 1 steps, numbered from 0 to n. You are also given a 1-indexed integer array costs of length n, where costs[i] is the cost of step i. From step i, you can jump only to step i + 1, i + 2, or i + 3. The cost of jumping from step i to step j is defined as: costs[j] + (j - i)2 You start from step 0 with cost = 0. Return the minimum total cost to reach step n. Example 1: Input: n = 4, costs = [1,2,3,4] Output: 13 Explanation: One optimal path is 0 → 1 → 2 → 4 Jump Cost Calculation Cost 0 → 1 costs[1] + (1 - 0)2 = 1 + 1 2 1 → 2 costs[2] + (2 - 1)2 = 2 + 1 3 2 → 4
1561	1256	Encode Number	
1561	1376	Time Needed to Inform All Employees	A company has n employees with a unique ID for each employee from 0 to n - 1. The head of the company is the one with headID. Each employee has one direct manager given in the manager array where manager[i] is the direct manager of the i-th employee, manager[headID] = -1. Also, it is guaranteed that the subordination relationships have a tree structure. The head of the company wants to inform all the company employees of an urgent piece of news. He will inform his direct subordinates, and they will inform their subordinates, and so on until all employees know about the urgent news. The i-th em
1562	1008	Construct Binary Search Tree from Preorder Traversal	Given an array of integers preorder, which represents the preorder traversal of a BST (i.e., binary search tree), construct the tree and return its root. It is guaranteed that there is always possible to find a binary search tree with the given requirements for the given test cases. A binary search tree is a binary tree where for every node, any descendant of Node.left has a value strictly less than Node.val, and any descendant of Node.right has a value strictly greater than Node.val. A preorder traversal of a binary tree displays the value of the node first, then traverses Node.left, then tra
1562	1452	People Whose List of Favorite Companies Is Not a Subset of Another List	Given the array favoriteCompanies where favoriteCompanies[i] is the list of favorites companies for the ith person (indexed from 0). Return the indices of people whose list of favorite companies is not a subset of any other list of favorites companies. You must return the indices in increasing order. Example 1: Input: favoriteCompanies = [["leetcode","google","facebook"],["google","microsoft"],["google","facebook"],["google"],["amazon"]] Output: [0,1,4] Explanation: Person with index=2 has favoriteCompanies[2]=["google","facebook"] which is a subset of favoriteCompanies[0]=["leetcode","google"
1562	2409	Count Days Spent Together	Alice and Bob are traveling to Rome for separate business meetings. You are given 4 strings arriveAlice, leaveAlice, arriveBob, and leaveBob. Alice will be in the city from the dates arriveAlice to leaveAlice (inclusive), while Bob will be in the city from the dates arriveBob to leaveBob (inclusive). Each will be a 5-character string in the format "MM-DD", corresponding to the month and day of the date. Return the total number of days that Alice and Bob are in Rome together. You can assume that all dates occur in the same calendar year, which is not a leap year. Note that the number of days pe
1562	856	Score of Parentheses	Given a balanced parentheses string s, return the score of the string. The score of a balanced parentheses string is based on the following rule: "()" has score 1. AB has score A + B, where A and B are balanced parentheses strings. (A) has score 2 * A, where A is a balanced parentheses string. Example 1: Input: s = "()" Output: 1 Example 2: Input: s = "(())" Output: 2 Example 3: Input: s = "()()" Output: 2 Constraints: 2 <= s.length <= 50 s consists of only '(' and ')'. s is a balanced parentheses string.
1563	2970	Count the Number of Incremovable Subarrays I	You are given a 0-indexed array of positive integers nums. A subarray of nums is called incremovable if nums becomes strictly increasing on removing the subarray. For example, the subarray [3, 4] is an incremovable subarray of [5, 3, 4, 6, 7] because removing this subarray changes the array [5, 3, 4, 6, 7] to [5, 6, 7] which is strictly increasing. Return the total number of incremovable subarrays of nums. Note that an empty array is considered strictly increasing. A subarray is a contiguous non-empty sequence of elements within an array. Example 1: Input: nums = [1,2,3,4] Output: 10 Explanati
1563	3305	Count of Substrings Containing Every Vowel and K Consonants I	You are given a string word and a non-negative integer k. Return the total number of substrings of word that contain every vowel ('a', 'e', 'i', 'o', and 'u') at least once and exactly k consonants. Example 1: Input: word = "aeioqq", k = 1 Output: 0 Explanation: There is no substring with every vowel. Example 2: Input: word = "aeiou", k = 0 Output: 1 Explanation: The only substring with every vowel and zero consonants is word[0..4], which is "aeiou". Example 3: Input: word = "ieaouqqieaouqq", k = 1 Output: 3 Explanation: The substrings with every vowel and one consonant are: word[0..5], which 
1563	800	Similar RGB Color	
1565	3249	Count the Number of Good Nodes	There is an undirected tree with n nodes labeled from 0 to n - 1, and rooted at node 0. You are given a 2D integer array edges of length n - 1, where edges[i] = [ai, bi] indicates that there is an edge between nodes ai and bi in the tree. A node is good if all the subtrees rooted at its children have the same size. Return the number of good nodes in the given tree. A subtree of treeName is a tree consisting of a node in treeName and all of its descendants. Example 1: Input: edges = [[0,1],[0,2],[1,3],[1,4],[2,5],[2,6]] Output: 7 Explanation: All of the nodes of the given tree are good. Example
1565	3493	Properties Graph	You are given a 2D integer array properties having dimensions n x m and an integer k. Define a function intersect(a, b) that returns the number of distinct integers common to both arrays a and b. Construct an undirected graph where each index i corresponds to properties[i]. There is an edge between node i and node j if and only if intersect(properties[i], properties[j]) >= k, where i and j are in the range [0, n - 1] and i != j. Return the number of connected components in the resulting graph. Example 1: Input: properties = [[1,2],[1,1],[3,4],[4,5],[5,6],[7,7]], k = 1 Output: 3 Explanation: Th
1565	846	Hand of Straights	Alice has some number of cards and she wants to rearrange the cards into groups so that each group is of size groupSize, and consists of groupSize consecutive cards. Given an integer array hand where hand[i] is the value written on the ith card and an integer groupSize, return true if she can rearrange the cards, or false otherwise. Example 1: Input: hand = [1,2,3,6,2,3,4,7,8], groupSize = 3 Output: true Explanation: Alice's hand can be rearranged as [1,2,3],[2,3,4],[6,7,8] Example 2: Input: hand = [1,2,3,4,5], groupSize = 4 Output: false Explanation: Alice's hand can not be rearranged into gr
1566	769	Max Chunks To Make Sorted	You are given an integer array arr of length n that represents a permutation of the integers in the range [0, n - 1]. We split arr into some number of chunks (i.e., partitions), and individually sort each chunk. After concatenating them, the result should equal the sorted array. Return the largest number of chunks we can make to sort the array. Example 1: Input: arr = [4,3,2,1,0] Output: 1 Explanation: Splitting into two or more chunks will not return the required result. For example, splitting into [4, 3], [2, 1, 0] will result in [3, 4, 0, 1, 2], which isn't sorted. Example 2: Input: arr = [
1567	2044	Count Number of Maximum Bitwise-OR Subsets	Given an integer array nums, find the maximum possible bitwise OR of a subset of nums and return the number of different non-empty subsets with the maximum bitwise OR. An array a is a subset of an array b if a can be obtained from b by deleting some (possibly zero) elements of b. Two subsets are considered different if the indices of the elements chosen are different. The bitwise OR of an array a is equal to a[0] OR a[1] OR ... OR a[a.length - 1] (0-indexed). Example 1: Input: nums = [3,1] Output: 2 Explanation: The maximum possible bitwise OR of a subset is 3. There are 2 subsets with a bitwi
1567	3243	Shortest Distance After Road Addition Queries I	You are given an integer n and a 2D integer array queries. There are n cities numbered from 0 to n - 1. Initially, there is a unidirectional road from city i to city i + 1 for all 0 <= i < n - 1. queries[i] = [ui, vi] represents the addition of a new unidirectional road from city ui to city vi. After each query, you need to find the length of the shortest path from city 0 to city n - 1. Return an array answer where for each i in the range [0, queries.length - 1], answer[i] is the length of the shortest path from city 0 to city n - 1 after processing the first i + 1 queries. Example 1: Input: n
1568	3567	Minimum Absolute Difference in Sliding Submatrix	You are given an m x n integer matrix grid and an integer k. For every contiguous k x k submatrix of grid, compute the minimum absolute difference between any two distinct values within that submatrix. Return a 2D array ans of size (m - k + 1) x (n - k + 1), where ans[i][j] is the minimum absolute difference in the submatrix whose top-left corner is (i, j) in grid. Note: If all elements in the submatrix have the same value, the answer will be 0. A submatrix (x1, y1, x2, y2) is a matrix that is formed by choosing all cells matrix[x][y] where x1 <= x <= x2 and y1 <= y <= y2. Example 1: Input: gr
1569	1109	Corporate Flight Bookings	There are n flights that are labeled from 1 to n. You are given an array of flight bookings bookings, where bookings[i] = [firsti, lasti, seatsi] represents a booking for flights firsti through lasti (inclusive) with seatsi seats reserved for each flight in the range. Return an array answer of length n, where answer[i] is the total number of seats reserved for flight i. Example 1: Input: bookings = [[1,2,10],[2,3,20],[2,5,25]], n = 5 Output: [10,55,45,25,25] Explanation: Flight labels: 1 2 3 4 5 Booking 1 reserved: 10 10 Booking 2 reserved: 20 20 Booking 3 reserved: 25 25 25 25 Total seats: 10
1569	2592	Maximize Greatness of an Array	You are given a 0-indexed integer array nums. You are allowed to permute nums into a new array perm of your choosing. We define the greatness of nums be the number of indices 0 <= i < nums.length for which perm[i] > nums[i]. Return the maximum possible greatness you can achieve after permuting nums. Example 1: Input: nums = [1,3,5,2,1,3,1] Output: 4 Explanation: One of the optimal rearrangements is perm = [2,5,1,3,3,1,1]. At indices = 0, 1, 3, and 4, perm[i] > nums[i]. Hence, we return 4. Example 2: Input: nums = [1,2,3,4] Output: 3 Explanation: We can prove the optimal perm is [2,3,4,1]. At i
1570	1019	Next Greater Node In Linked List	You are given the head of a linked list with n nodes. For each node in the list, find the value of the next greater node. That is, for each node, find the value of the first node that is next to it and has a strictly larger value than it. Return an integer array answer where answer[i] is the value of the next greater node of the ith node (1-indexed). If the ith node does not have a next greater node, set answer[i] = 0. Example 1: Input: head = [2,1,5] Output: [5,5,0] Example 2: Input: head = [2,7,4,3,5] Output: [7,0,5,5,0] Constraints: The number of nodes in the list is n. 1 <= n <= 104 1 <= N
1571	779	K-th Symbol in Grammar	We build a table of n rows (1-indexed). We start by writing 0 in the 1st row. Now in every subsequent row, we look at the previous row and replace each occurrence of 0 with 01, and each occurrence of 1 with 10. For example, for n = 3, the 1st row is 0, the 2nd row is 01, and the 3rd row is 0110. Given two integer n and k, return the kth (1-indexed) symbol in the nth row of a table of n rows. Example 1: Input: n = 1, k = 1 Output: 0 Explanation: row 1: 0 Example 2: Input: n = 2, k = 1 Output: 0 Explanation: row 1: 0 row 2: 01 Example 3: Input: n = 2, k = 2 Output: 1 Explanation: row 1: 0 row 2:
1573	1268	Search Suggestions System	You are given an array of strings products and a string searchWord. Design a system that suggests at most three product names from products after each character of searchWord is typed. Suggested products should have common prefix with searchWord. If there are more than three products with a common prefix return the three lexicographically minimums products. Return a list of lists of the suggested products after each character of searchWord is typed. Example 1: Input: products = ["mobile","mouse","moneypot","monitor","mousepad"], searchWord = "mouse" Output: [["mobile","moneypot","monitor"],["m
1573	1423	Maximum Points You Can Obtain from Cards	There are several cards arranged in a row, and each card has an associated number of points. The points are given in the integer array cardPoints. In one step, you can take one card from the beginning or from the end of the row. You have to take exactly k cards. Your score is the sum of the points of the cards you have taken. Given the integer array cardPoints and the integer k, return the maximum score you can obtain. Example 1: Input: cardPoints = [1,2,3,4,5,6,1], k = 3 Output: 12 Explanation: After the first step, your score will always be 1. However, choosing the rightmost card first will 
1573	3393	Count Paths With the Given XOR Value	You are given a 2D integer array grid with size m x n. You are also given an integer k. Your task is to calculate the number of paths you can take from the top-left cell (0, 0) to the bottom-right cell (m - 1, n - 1) satisfying the following constraints: You can either move to the right or down. Formally, from the cell (i, j) you may move to the cell (i, j + 1) or to the cell (i + 1, j) if the target cell exists. The XOR of all the numbers on the path must be equal to k. Return the total number of such paths. Since the answer can be very large, return the result modulo 109 + 7. Example 1: Inpu
1573	931	Minimum Falling Path Sum	Given an n x n array of integers matrix, return the minimum sum of any falling path through matrix. A falling path starts at any element in the first row and chooses the element in the next row that is either directly below or diagonally left/right. Specifically, the next element from position (row, col) will be (row + 1, col - 1), (row + 1, col), or (row + 1, col + 1). Example 1: Input: matrix = [[2,1,3],[6,5,4],[7,8,9]] Output: 13 Explanation: There are two falling paths with a minimum sum as shown. Example 2: Input: matrix = [[-19,57],[-40,-5]] Output: -59 Explanation: The falling path with
1574	1578	Minimum Deletion Cost to Avoid Repeating Letters	Alice has n balloons arranged on a rope. You are given a 0-indexed string colors where colors[i] is the color of the ith balloon. Alice wants the rope to be colorful. She does not want two consecutive balloons to be of the same color, so she asks Bob for help. Bob can remove some balloons from the rope to make it colorful. You are given a 0-indexed integer array neededTime where neededTime[i] is the time (in seconds) that Bob needs to remove the ith balloon from the rope. Return the minimum time Bob needs to make the rope colorful. Example 1: Input: colors = "abaac", neededTime = [1,2,3,4,5] O
1574	981	Time Based Key-Value Store	Design a time-based key-value data structure that can store multiple values for the same key at different time stamps and retrieve the key's value at a certain timestamp. Implement the TimeMap class: TimeMap() Initializes the object of the data structure. void set(String key, String value, int timestamp) Stores the key key with the value value at the given time timestamp. String get(String key, int timestamp) Returns a value such that set was called previously, with timestamp_prev <= timestamp. If there are multiple such values, it returns the value associated with the largest timestamp_prev. 
1575	1415	The k-th Lexicographical String of All Happy Strings of Length n	A happy string is a string that: consists only of letters of the set ['a', 'b', 'c']. s[i] != s[i + 1] for all values of i from 1 to s.length - 1 (string is 1-indexed). For example, strings "abc", "ac", "b" and "abcbabcbcb" are all happy strings and strings "aa", "baa" and "ababbc" are not happy strings. Given two integers n and k, consider a list of all happy strings of length n sorted in lexicographical order. Return the kth string of this list or return an empty string if there are less than k happy strings of length n. Example 1: Input: n = 1, k = 3 Output: "c" Explanation: The list ["a", 
1577	2288	Apply Discount to Prices	A sentence is a string of single-space separated words where each word can contain digits, lowercase letters, and the dollar sign '$'. A word represents a price if it is a sequence of digits preceded by a dollar sign. For example, "$100", "$23", and "$6" represent prices while "100", "$", and "$1e5" do not. You are given a string sentence representing a sentence and an integer discount. For each word representing a price, apply a discount of discount% on the price and update the word in the sentence. All updated prices should be represented with exactly two decimal places. Return a string repr
1578	1034	Coloring A Border	You are given an m x n integer matrix grid, and three integers row, col, and color. Each value in the grid represents the color of the grid square at that location. Two squares are called adjacent if they are next to each other in any of the 4 directions. Two squares belong to the same connected component if they have the same color and they are adjacent. The border of a connected component is all the squares in the connected component that are either adjacent to (at least) a square not in the component, or on the boundary of the grid (the first or last row or column). You should color the bor
1578	3412	Find Mirror Score of a String	You are given a string s. We define the mirror of a letter in the English alphabet as its corresponding letter when the alphabet is reversed. For example, the mirror of 'a' is 'z', and the mirror of 'y' is 'b'. Initially, all characters in the string s are unmarked. You start with a score of 0, and you perform the following process on the string s: Iterate through the string from left to right. At each index i, find the closest unmarked index j such that j < i and s[j] is the mirror of s[i]. Then, mark both indices i and j, and add the value i - j to the total score. If no such index j exists 
1578	3868	Minimum Cost to Equalize Arrays Using Swaps	You are given two integer arrays nums1 and nums2 of size n. You can perform the following two operations any number of times on these two arrays: Swap within the same array: Choose two indices i and j. Then, choose either to swap nums1[i] and nums1[j], or nums2[i] and nums2[j]. This operation is free of charge. Swap between two arrays: Choose an index i. Then, swap nums1[i] and nums2[i]. This operation incurs a cost of 1. Return an integer denoting the minimum cost to make nums1 and nums2 identical. If this is not possible, return -1. Example 1: Input: nums1 = [10,20], nums2 = [20,10] Output: 
1579	1743	Restore the Array From Adjacent Pairs	There is an integer array nums that consists of n unique elements, but you have forgotten it. However, you do remember every pair of adjacent elements in nums. You are given a 2D integer array adjacentPairs of size n - 1 where each adjacentPairs[i] = [ui, vi] indicates that the elements ui and vi are adjacent in nums. It is guaranteed that every adjacent pair of elements nums[i] and nums[i+1] will exist in adjacentPairs, either as [nums[i], nums[i+1]] or [nums[i+1], nums[i]]. The pairs can appear in any order. Return the original array nums. If there are multiple solutions, return any of them.
1579	3528	Unit Conversion I	There are n types of units indexed from 0 to n - 1. You are given a 2D integer array conversions of length n - 1, where conversions[i] = [sourceUniti, targetUniti, conversionFactori]. This indicates that a single unit of type sourceUniti is equivalent to conversionFactori units of type targetUniti. Return an array baseUnitConversion of length n, where baseUnitConversion[i] is the number of units of type i equivalent to a single unit of type 0. Since the answer may be large, return each baseUnitConversion[i] modulo 109 + 7. Example 1: Input: conversions = [[0,1,2],[1,2,3]] Output: [1,2,6] Expla
1579	3623	Count Number of Trapezoids I	You are given a 2D integer array points, where points[i] = [xi, yi] represents the coordinates of the ith point on the Cartesian plane. A horizontal trapezoid is a convex quadrilateral with at least one pair of horizontal sides (i.e. parallel to the x-axis). Two lines are parallel if and only if they have the same slope. Return the number of unique horizontal trapezoids that can be formed by choosing any four distinct points from points. Since the answer may be very large, return it modulo 109 + 7. Example 1: Input: points = [[1,0],[2,0],[3,0],[2,2],[3,2]] Output: 3 Explanation: There are thre
1579	3789	Minimum Cost to Acquire Required Items	You are given five integers cost1, cost2, costBoth, need1, and need2. There are three types of items available: An item of type 1 costs cost1 and contributes 1 unit to the type 1 requirement only. An item of type 2 costs cost2 and contributes 1 unit to the type 2 requirement only. An item of type 3 costs costBoth and contributes 1 unit to both type 1 and type 2 requirements. You must collect enough items so that the total contribution toward type 1 is at least need1 and the total contribution toward type 2 is at least need2. Return an integer representing the minimum possible total cost to ach
1580	1839	Longest Substring Of All Vowels in Order	A string is considered beautiful if it satisfies the following conditions: Each of the 5 English vowels ('a', 'e', 'i', 'o', 'u') must appear at least once in it. The letters must be sorted in alphabetical order (i.e. all 'a's before 'e's, all 'e's before 'i's, etc.). For example, strings "aeiou" and "aaaaaaeiiiioou" are considered beautiful, but "uaeio", "aeoiu", and "aaaeeeooo" are not beautiful. Given a string word consisting of English vowels, return the length of the longest beautiful substring of word. If no such substring exists, return 0. A substring is a contiguous sequence of charact
1580	2765	Longest Alternating Subarray	You are given a 0-indexed integer array nums. A subarray s of length m is called alternating if: m is greater than 1. s1 = s0 + 1. The 0-indexed subarray s looks like [s0, s1, s0, s1,...,s(m-1) % 2]. In other words, s1 - s0 = 1, s2 - s1 = -1, s3 - s2 = 1, s4 - s3 = -1, and so on up to s[m - 1] - s[m - 2] = (-1)m. Return the maximum length of all alternating subarrays present in nums or -1 if no such subarray exists. A subarray is a contiguous non-empty sequence of elements within an array. Example 1: Input: nums = [2,3,4,3,4] Output: 4 Explanation: The alternating subarrays are [2, 3], [3,4], 
1581	2211	Count Collisions on a Road	There are n cars on an infinitely long road. The cars are numbered from 0 to n - 1 from left to right and each car is present at a unique point. You are given a 0-indexed string directions of length n. directions[i] can be either 'L', 'R', or 'S' denoting whether the ith car is moving towards the left, towards the right, or staying at its current point respectively. Each moving car has the same speed. The number of collisions can be calculated as follows: When two cars moving in opposite directions collide with each other, the number of collisions increases by 2. When a moving car collides wit
1581	3021	Alice and Bob Playing Flower Game	Alice and Bob are playing a turn-based game on a field, with two lanes of flowers between them. There are x flowers in the first lane between Alice and Bob, and y flowers in the second lane between them. The game proceeds as follows: Alice takes the first turn. In each turn, a player must choose either one of the lane and pick one flower from that side. At the end of the turn, if there are no flowers left at all in either lane, the current player captures their opponent and wins the game. Given two integers, n and m, the task is to compute the number of possible pairs (x, y) that satisfy the c
1583	2536	Increment Submatrices by One	You are given a positive integer n, indicating that we initially have an n x n 0-indexed integer matrix mat filled with zeroes. You are also given a 2D integer array query. For each query[i] = [row1i, col1i, row2i, col2i], you should do the following operation: Add 1 to every element in the submatrix with the top left corner (row1i, col1i) and the bottom right corner (row2i, col2i). That is, add 1 to mat[x][y] for all row1i <= x <= row2i and col1i <= y <= col2i. Return the matrix mat after performing every query. Example 1: Input: n = 3, queries = [[1,1,2,2],[0,0,1,1]] Output: [[1,1,0],[1,2,1]
1583	2874	Maximum Value of an Ordered Triplet II	You are given a 0-indexed integer array nums. Return the maximum value over all triplets of indices (i, j, k) such that i < j < k. If all such triplets have a negative value, return 0. The value of a triplet of indices (i, j, k) is equal to (nums[i] - nums[j]) * nums[k]. Example 1: Input: nums = [12,6,1,2,7] Output: 77 Explanation: The value of the triplet (0, 2, 4) is (nums[0] - nums[2]) * nums[4] = 77. It can be shown that there are no ordered triplets of indices with a value greater than 77. Example 2: Input: nums = [1,10,3,4,19] Output: 133 Explanation: The value of the triplet (1, 2, 4) i
1584	3780	Maximum Sum of Three Numbers Divisible by Three	You are given an integer array nums. Your task is to choose exactly three integers from nums such that their sum is divisible by three. Return the maximum possible sum of such a triplet. If no such triplet exists, return 0. Example 1: Input: nums = [4,2,3,1] Output: 9 Explanation: The valid triplets whose sum is divisible by 3 are: (4, 2, 3) with a sum of 4 + 2 + 3 = 9. (2, 3, 1) with a sum of 2 + 3 + 1 = 6. Thus, the answer is 9. Example 2: Input: nums = [2,1,5] Output: 0 Explanation: No triplet forms a sum divisible by 3, so the answer is 0. Constraints: 3 <= nums.length <= 105 1 <= nums[i] 
1585	1030	Matrix Cells in Distance Order	You are given four integers row, cols, rCenter, and cCenter. There is a rows x cols matrix and you are on the cell with the coordinates (rCenter, cCenter). Return the coordinates of all cells in the matrix, sorted by their distance from (rCenter, cCenter) from the smallest distance to the largest distance. You may return the answer in any order that satisfies this condition. The distance between two cells (r1, c1) and (r2, c2) is |r1 - r2| + |c1 - c2|. Example 1: Input: rows = 1, cols = 2, rCenter = 0, cCenter = 0 Output: [[0,0],[0,1]] Explanation: The distances from (0, 0) to other cells are:
1588	1764	Form Array by Concatenating Subarrays of Another Array	You are given a 2D integer array groups of length n. You are also given an integer array nums. You are asked if you can choose n disjoint subarrays from the array nums such that the ith subarray is equal to groups[i] (0-indexed), and if i > 0, the (i-1)th subarray appears before the ith subarray in nums (i.e. the subarrays must be in the same order as groups). Return true if you can do this task, and false otherwise. Note that the subarrays are disjoint if and only if there is no index k such that nums[k] belongs to more than one subarray. A subarray is a contiguous sequence of elements within
1588	1813	Sentence Similarity III	You are given two strings sentence1 and sentence2, each representing a sentence composed of words. A sentence is a list of words that are separated by a single space with no leading or trailing spaces. Each word consists of only uppercase and lowercase English characters. Two sentences s1 and s2 are considered similar if it is possible to insert an arbitrary sentence (possibly empty) inside one of these sentences such that the two sentences become equal. Note that the inserted sentence must be separated from existing words by spaces. For example, s1 = "Hello Jane" and s2 = "Hello my name is Ja
1588	2844	Minimum Operations to Make a Special Number	You are given a 0-indexed string num representing a non-negative integer. In one operation, you can pick any digit of num and delete it. Note that if you delete all the digits of num, num becomes 0. Return the minimum number of operations required to make num special. An integer x is considered special if it is divisible by 25. Example 1: Input: num = "2245047" Output: 2 Explanation: Delete digits num[5] and num[6]. The resulting number is "22450" which is special since it is divisible by 25. It can be shown that 2 is the minimum number of operations required to get a special number. Example 2
1590	1573	Number of Ways to Split a String	Given a binary string s, you can split s into 3 non-empty strings s1, s2, and s3 where s1 + s2 + s3 = s. Return the number of ways s can be split such that the number of ones is the same in s1, s2, and s3. Since the answer may be too large, return it modulo 109 + 7. Example 1: Input: s = "10101" Output: 4 Explanation: There are four ways to split s in 3 parts where each part contain the same number of letters '1'. "1|010|1" "1|01|01" "10|10|1" "10|1|01" Example 2: Input: s = "1001" Output: 0 Example 3: Input: s = "0000" Output: 3 Explanation: There are three ways to split s in 3 parts. "0|0|00
1590	1664	Ways to Make a Fair Array	You are given an integer array nums. You can choose exactly one index (0-indexed) and remove the element. Notice that the index of the elements may change after the removal. For example, if nums = [6,1,7,4,1]: Choosing to remove index 1 results in nums = [6,7,4,1]. Choosing to remove index 2 results in nums = [6,1,4,1]. Choosing to remove index 4 results in nums = [6,1,7,4]. An array is fair if the sum of the odd-indexed values equals the sum of the even-indexed values. Return the number of indices that you could choose such that after the removal, nums is fair. Example 1: Input: nums = [2,1,6
1590	877	Stone Game	Alice and Bob play a game with piles of stones. There are an even number of piles arranged in a row, and each pile has a positive integer number of stones piles[i]. The objective of the game is to end with the most stones. The total number of stones across all the piles is odd, so there are no ties. Alice and Bob take turns, with Alice starting first. Each turn, a player takes the entire pile of stones either from the beginning or from the end of the row. This continues until there are no more piles left, at which point the person with the most stones wins. Assuming Alice and Bob play optimall
1590	893	Groups of Special-Equivalent Strings	You are given an array of strings of the same length words. In one move, you can swap any two even indexed characters or any two odd indexed characters of a string words[i]. Two strings words[i] and words[j] are special-equivalent if after any number of moves, words[i] == words[j]. For example, words[i] = "zzxy" and words[j] = "xyzz" are special-equivalent because we may make the moves "zzxy" -> "xzzy" -> "xyzz". A group of special-equivalent strings from words is a non-empty subset of words such that: Every pair of strings in the group are special equivalent, and The group is the largest size
1590	969	Pancake Sorting	Given an array of integers arr, sort the array by performing a series of pancake flips. In one pancake flip we do the following steps: Choose an integer k where 1 <= k <= arr.length. Reverse the sub-array arr[0...k-1] (0-indexed). For example, if arr = [3,2,1,4] and we performed a pancake flip choosing k = 3, we reverse the sub-array [3,2,1], so arr = [1,2,3,4] after the pancake flip at k = 3. Return an array of the k-values corresponding to a sequence of pancake flips that sort arr. Any valid answer that sorts the array within 10 * arr.length flips will be judged as correct. Example 1: Input:
1591	1286	Iterator for Combination	Design the CombinationIterator class: CombinationIterator(string characters, int combinationLength) Initializes the object with a string characters of sorted distinct lowercase English letters and a number combinationLength as arguments. next() Returns the next combination of length combinationLength in lexicographical order. hasNext() Returns true if and only if there exists a next combination. Example 1: Input ["CombinationIterator", "next", "hasNext", "next", "hasNext", "next", "hasNext"] [["abc", 2], [], [], [], [], [], []] Output [null, "ab", true, "ac", true, "bc", false] Explanation Com
1591	3207	Maximum Points After Enemy Battles	You are given an integer array enemyEnergies denoting the energy values of various enemies. You are also given an integer currentEnergy denoting the amount of energy you have initially. You start with 0 points, and all the enemies are unmarked initially. You can perform either of the following operations zero or multiple times to gain points: Choose an unmarked enemy, i, such that currentEnergy >= enemyEnergies[i]. By choosing this option: You gain 1 point. Your energy is reduced by the enemy's energy, i.e. currentEnergy = currentEnergy - enemyEnergies[i]. If you have at least 1 point, you can
1591	3355	Zero Array Transformation I	You are given an integer array nums of length n and a 2D array queries, where queries[i] = [li, ri]. For each queries[i]: Select a subset of indices within the range [li, ri] in nums. Decrement the values at the selected indices by 1. A Zero Array is an array where all elements are equal to 0. Return true if it is possible to transform nums into a Zero Array after processing all the queries sequentially, otherwise return false. Example 1: Input: nums = [1,0,1], queries = [[0,2]] Output: true Explanation: For i = 0: Select the subset of indices as [0, 2] and decrement the values at these indice
1591	3828	Final Element After Subarray Deletions	You are given an integer array nums. Two players, Alice and Bob, play a game in turns, with Alice playing first. In each turn, the current player chooses any subarray nums[l..r] such that r - l + 1 < m, where m is the current length of the array. The selected subarray is removed, and the remaining elements are concatenated to form the new array. The game continues until only one element remains. Alice aims to maximize the final element, while Bob aims to minimize it. Assuming both play optimally, return the value of the final remaining element. Example 1: Input: nums = [1,5,2] Output: 2 Explan
1591	930	Binary Subarrays With Sum	Given a binary array nums and an integer goal, return the number of non-empty subarrays with a sum goal. A subarray is a contiguous part of the array. Example 1: Input: nums = [1,0,1,0,1], goal = 2 Output: 4 Explanation: The 4 subarrays are bolded and underlined below: [1,0,1,0,1] [1,0,1,0,1] [1,0,1,0,1] [1,0,1,0,1] Example 2: Input: nums = [0,0,0,0,0], goal = 0 Output: 15 Constraints: 1 <= nums.length <= 3 * 104 nums[i] is either 0 or 1. 0 <= goal <= nums.length
1593	1577	Number of Ways Where Square of Number Is Equal to Product of Two Numbers	Given two arrays of integers nums1 and nums2, return the number of triplets formed (type 1 and type 2) under the following rules: Type 1: Triplet (i, j, k) if nums1[i]2 == nums2[j] * nums2[k] where 0 <= i < nums1.length and 0 <= j < k < nums2.length. Type 2: Triplet (i, j, k) if nums2[i]2 == nums1[j] * nums1[k] where 0 <= i < nums2.length and 0 <= j < k < nums1.length. Example 1: Input: nums1 = [7,4], nums2 = [5,2,8,9] Output: 1 Explanation: Type 1: (1, 1, 2), nums1[1]2 = nums2[1] * nums2[2]. (42 = 2 * 8). Example 2: Input: nums1 = [1,1], nums2 = [1,1,1] Output: 9 Explanation: All Triplets are
1593	3228	Maximum Number of Operations to Move Ones to the End	You are given a binary string s. You can perform the following operation on the string any number of times: Choose any index i from the string where i + 1 < s.length such that s[i] == '1' and s[i + 1] == '0'. Move the character s[i] to the right until it reaches the end of the string or another '1'. For example, for s = "010010", if we choose i = 1, the resulting string will be s = "000110". Return the maximum number of operations that you can perform. Example 1: Input: s = "1001101" Output: 4 Explanation: We can perform the following operations: Choose index i = 0. The resulting string is s =
1593	3790	Smallest All-Ones Multiple	You are given a positive integer k. Find the smallest integer n divisible by k that consists of only the digit 1 in its decimal representation (e.g., 1, 11, 111, ...). Return an integer denoting the number of digits in the decimal representation of n. If no such n exists, return -1. Example 1: Input: k = 3 Output: 3 Explanation: n = 111 because 111 is divisible by 3, but 1 and 11 are not. The length of n = 111 is 3. Example 2: Input: k = 7 Output: 6 Explanation: n = 111111. The length of n = 111111 is 6. Example 3: Input: k = 2 Output: -1 Explanation: There does not exist a valid n that is a m
1593	3829	Design Ride Sharing System	A ride sharing system manages ride requests from riders and availability from drivers. Riders request rides, and drivers become available over time. The system should match riders and drivers in the order they arrive. Implement the RideSharingSystem class: RideSharingSystem() Initializes the system. void addRider(int riderId) Adds a new rider with the given riderId. void addDriver(int driverId) Adds a new driver with the given driverId. int[] matchDriverWithRider() Matches the earliest available driver with the earliest waiting rider and removes both of them from the system. Returns an integer
1594	822	Card Flipping Game	You are given two 0-indexed integer arrays fronts and backs of length n, where the ith card has the positive integer fronts[i] printed on the front and backs[i] printed on the back. Initially, each card is placed on a table such that the front number is facing up and the other is facing down. You may flip over any number of cards (possibly zero). After flipping the cards, an integer is considered good if it is facing down on some card and not facing up on any card. Return the minimum possible good integer after flipping the cards. If there are no good integers, return 0. Example 1: Input: fron
1595	3255	Find the Power of K-Size Subarrays II	You are given an array of integers nums of length n and a positive integer k. The power of an array is defined as: Its maximum element if all of its elements are consecutive and sorted in ascending order. -1 otherwise. You need to find the power of all subarrays of nums of size k. Return an integer array results of size n - k + 1, where results[i] is the power of nums[i..(i + k - 1)]. Example 1: Input: nums = [1,2,3,4,3,2,5], k = 3 Output: [3,4,-1,-1,-1] Explanation: There are 5 subarrays of nums of size 3: [1, 2, 3] with the maximum element 3. [2, 3, 4] with the maximum element 4. [3, 4, 3] w
1596	2476	Closest Nodes Queries in a Binary Search Tree	You are given the root of a binary search tree and an array queries of size n consisting of positive integers. Find a 2D array answer of size n where answer[i] = [mini, maxi]: mini is the largest value in the tree that is smaller than or equal to queries[i]. If a such value does not exist, add -1 instead. maxi is the smallest value in the tree that is greater than or equal to queries[i]. If a such value does not exist, add -1 instead. Return the array answer. Example 1: Input: root = [6,2,13,1,4,9,15,null,null,null,null,null,null,14], queries = [2,5,16] Output: [[2,2],[4,6],[15,-1]] Explanatio
1597	1218	Longest Arithmetic Subsequence of Given Difference	Given an integer array arr and an integer difference, return the length of the longest subsequence in arr which is an arithmetic sequence such that the difference between adjacent elements in the subsequence equals difference. A subsequence is a sequence that can be derived from arr by deleting some or no elements without changing the order of the remaining elements. Example 1: Input: arr = [1,2,3,4], difference = 1 Output: 4 Explanation: The longest arithmetic subsequence is [1,2,3,4]. Example 2: Input: arr = [1,3,5,7], difference = 1 Output: 1 Explanation: The longest arithmetic subsequence 
1597	1247	Minimum Swaps to Make Strings Equal	You are given two strings s1 and s2 of equal length consisting of letters "x" and "y" only. Your task is to make these two strings equal to each other. You can swap any two characters that belong to different strings, which means: swap s1[i] and s2[j]. Return the minimum number of swaps required to make s1 and s2 equal, or return -1 if it is impossible to do so. Example 1: Input: s1 = "xx", s2 = "yy" Output: 1 Explanation: Swap s1[0] and s2[1], s1 = "yx", s2 = "yx". Example 2: Input: s1 = "xy", s2 = "yx" Output: 2 Explanation: Swap s1[0] and s2[0], s1 = "yy", s2 = "xx". Swap s1[0] and s2[1], s
1597	2750	Ways to Split Array Into Good Subarrays	You are given a binary array nums. A subarray of an array is good if it contains exactly one element with the value 1. Return an integer denoting the number of ways to split the array nums into good subarrays. As the number may be too large, return it modulo 109 + 7. A subarray is a contiguous non-empty sequence of elements within an array. Example 1: Input: nums = [0,1,0,0,1] Output: 3 Explanation: There are 3 ways to split nums into good subarrays: - [0,1] [0,0,1] - [0,1,0] [0,1] - [0,1,0,0] [1] Example 2: Input: nums = [0,1,0] Output: 1 Explanation: There is 1 way to split nums into good su
1599	1048	Longest String Chain	You are given an array of words where each word consists of lowercase English letters. wordA is a predecessor of wordB if and only if we can insert exactly one letter anywhere in wordA without changing the order of the other characters to make it equal to wordB. For example, "abc" is a predecessor of "abac", while "cba" is not a predecessor of "bcad". A word chain is a sequence of words [word1, word2, ..., wordk] with k >= 1, where word1 is a predecessor of word2, word2 is a predecessor of word3, and so on. A single word is trivially a word chain with k == 1. Return the length of the longest p
