1401	1198	Find Smallest Common Element in All Rows	
1401	3111	Minimum Rectangles to Cover Points	You are given a 2D integer array points, where points[i] = [xi, yi]. You are also given an integer w. Your task is to cover all the given points with rectangles. Each rectangle has its lower end at some point (x1, 0) and its upper end at some point (x2, y2), where x1 <= x2, y2 >= 0, and the condition x2 - x1 <= w must be satisfied for each rectangle. A point is considered covered by a rectangle if it lies within or on the boundary of the rectangle. Return an integer denoting the minimum number of rectangles needed so that each point is covered by at least one rectangle. Note: A point may be co
1401	3839	Number of Prefix Connected Groups	You are given an array of strings words and an integer k. Two words a and b at distinct indices are prefix-connected if a[0..k-1] == b[0..k-1]. A connected group is a set of words such that each pair of words is prefix-connected. Return the number of connected groups that contain at least two words, formed from the given words. Note: Words with length less than k cannot join any group and are ignored. Duplicate strings are treated as separate words. Example 1: Input: words = ["apple","apply","banana","bandit"], k = 2 Output: 2 Explanation: Words sharing the same first k = 2 letters are grouped
1402	1508	Range Sum of Sorted Subarray Sums	You are given the array nums consisting of n positive integers. You computed the sum of all non-empty continuous subarrays from the array and then sorted them in non-decreasing order, creating a new array of n * (n + 1) / 2 numbers. Return the sum of the numbers from index left to index right (indexed from 1), inclusive, in the new array. Since the answer can be a huge number return it modulo 109 + 7. Example 1: Input: nums = [1,2,3,4], n = 4, left = 1, right = 5 Output: 13 Explanation: All subarray sums are 1, 3, 6, 10, 2, 5, 9, 3, 7, 4. After sorting them in non-decreasing order we have the 
1404	1237	Find Positive Integer Solution for a Given Equation	Given a callable function f(x, y) with a hidden formula and a value z, reverse engineer the formula and return all positive integer pairs x and y where f(x,y) == z. You may return the pairs in any order. While the exact formula is hidden, the function is monotonically increasing, i.e.: f(x, y) < f(x + 1, y) f(x, y) < f(x, y + 1) The function interface is defined like this: interface CustomFunction { public: // Returns some positive integer f(x, y) for two positive integers x and y based on a formula. int f(int x, int y); }; We will judge your solution as follows: The judge has a list of 9 hidd
1404	1700	Number of Students Unable to Eat Lunch	The school cafeteria offers circular and square sandwiches at lunch break, referred to by numbers 0 and 1 respectively. All students stand in a queue. Each student either prefers square or circular sandwiches. The number of sandwiches in the cafeteria is equal to the number of students. The sandwiches are placed in a stack. At each step: If the student at the front of the queue prefers the sandwich on the top of the stack, they will take it and leave the queue. Otherwise, they will leave it and go to the queue's end. This continues until none of the queue students want to take the top sandwich
1404	3101	Count Alternating Subarrays	You are given a binary array nums. We call a subarray alternating if no two adjacent elements in the subarray have the same value. Return the number of alternating subarrays in nums. Example 1: Input: nums = [0,1,1,1] Output: 5 Explanation: The following subarrays are alternating: [0], [1], [1], [1], and [0,1]. Example 2: Input: nums = [1,0,1,0] Output: 10 Explanation: Every subarray of the array is alternating. There are 10 possible subarrays that we can choose. Constraints: 1 <= nums.length <= 105 nums[i] is either 0 or 1.
1404	3751	Total Waviness of Numbers in Range I	You are given two integers num1 and num2 representing an inclusive range [num1, num2]. The waviness of a number is defined as the total count of its peaks and valleys: A digit is a peak if it is strictly greater than both of its immediate neighbors. A digit is a valley if it is strictly less than both of its immediate neighbors. The first and last digits of a number cannot be peaks or valleys. Any number with fewer than 3 digits has a waviness of 0. Return the total sum of waviness for all numbers in the range [num1, num2]. Example 1: Input: num1 = 120, num2 = 130 Output: 3 Explanation: In the
1405	1410	HTML Entity Parser	HTML entity parser is the parser that takes HTML code as input and replace all the entities of the special characters by the characters itself. The special characters and their entities for HTML are: Quotation Mark: the entity is &quot; and symbol character is ". Single Quote Mark: the entity is &apos; and symbol character is '. Ampersand: the entity is &amp; and symbol character is &. Greater Than Sign: the entity is &gt; and symbol character is >. Less Than Sign: the entity is &lt; and symbol character is <. Slash: the entity is &frasl; and symbol character is /. Given the input text string 
1405	1457	Pseudo-Palindromic Paths in a Binary Tree	Given a binary tree where node values are digits from 1 to 9. A path in the binary tree is said to be pseudo-palindromic if at least one permutation of the node values in the path is a palindrome. Return the number of pseudo-palindromic paths going from the root node to leaf nodes. Example 1: Input: root = [2,3,1,3,1,null,1] Output: 2 Explanation: The figure above represents the given binary tree. There are three paths going from the root node to leaf nodes: the red path [2,3,3], the green path [2,1,1], and the path [2,3,1]. Among these paths only red path and green path are pseudo-palindromic
1405	1561	Maximum Number of Coins You Can Get	There are 3n piles of coins of varying size, you and your friends will take piles of coins as follows: In each step, you will choose any 3 piles of coins (not necessarily consecutive). Of your choice, Alice will pick the pile with the maximum number of coins. You will pick the next pile with the maximum number of coins. Your friend Bob will pick the last pile. Repeat until there are no more piles of coins. Given an array of integers piles where piles[i] is the number of coins in the ith pile. Return the maximum number of coins that you can have. Example 1: Input: piles = [2,4,1,2,7,8] Output: 
1405	2734	Lexicographically Smallest String After Substring Operation	Given a string s consisting of lowercase English letters. Perform the following operation: Select any non-empty substring then replace every letter of the substring with the preceding letter of the English alphabet. For example, 'b' is converted to 'a', and 'a' is converted to 'z'. Return the lexicographically smallest string after performing the operation. Example 1: Input: s = "cbabc" Output: "baabc" Explanation: Perform the operation on the substring starting at index 0, and ending at index 1 inclusive. Example 2: Input: s = "aa" Output: "az" Explanation: Perform the operation on the last l
1405	2744	Find Maximum Number of String Pairs	You are given a 0-indexed array words consisting of distinct strings. The string words[i] can be paired with the string words[j] if: The string words[i] is equal to the reversed string of words[j]. 0 <= i < j < words.length. Return the maximum number of pairs that can be formed from the array words. Note that each string can belong in at most one pair. Example 1: Input: words = ["cd","ac","dc","ca","zz"] Output: 2 Explanation: In this example, we can form 2 pair of strings in the following way: - We pair the 0th string with the 2nd string, as the reversed string of word[0] is "dc" and is equal
1405	2946	Matrix Similarity After Cyclic Shifts	You are given an m x n integer matrix mat and an integer k. The matrix rows are 0-indexed. The following proccess happens k times: Even-indexed rows (0, 2, 4, ...) are cyclically shifted to the left. Odd-indexed rows (1, 3, 5, ...) are cyclically shifted to the right. Return true if the final modified matrix after k steps is identical to the original matrix, and false otherwise. Example 1: Input: mat = [[1,2,3],[4,5,6],[7,8,9]], k = 4 Output: false Explanation: In each step left shift is applied to rows 0 and 2 (even indices), and right shift to row 1 (odd index). Example 2: Input: mat = [[1,2
1405	2996	Smallest Missing Integer Greater Than Sequential Prefix Sum	You are given a 0-indexed array of integers nums. A prefix nums[0..i] is sequential if, for all 1 <= j <= i, nums[j] = nums[j - 1] + 1. In particular, the prefix consisting only of nums[0] is sequential. Return the smallest integer x missing from nums such that x is greater than or equal to the sum of the longest sequential prefix. Example 1: Input: nums = [1,2,3,2,5] Output: 6 Explanation: The longest sequential prefix of nums is [1,2,3] with a sum of 6. 6 is not in the array, therefore 6 is the smallest missing integer greater than or equal to the sum of the longest sequential prefix. Exampl
1406	2451	Odd String Difference	You are given an array of equal-length strings words. Assume that the length of each string is n. Each string words[i] can be converted into a difference integer array difference[i] of length n - 1 where difference[i][j] = words[i][j+1] - words[i][j] where 0 <= j <= n - 2. Note that the difference between two letters is the difference between their positions in the alphabet i.e. the position of 'a' is 0, 'b' is 1, and 'z' is 25. For example, for the string "acb", the difference integer array is [2 - 0, 1 - 2] = [2, -1]. All the strings in words have the same difference integer array, except on
1406	3867	Sum of GCD of Formed Pairs	You are given an integer array nums of length n. Construct an array prefixGcd where for each index i: Let mxi = max(nums[0], nums[1], ..., nums[i]). prefixGcd[i] = gcd(nums[i], mxi). After constructing prefixGcd: Sort prefixGcd in non-decreasing order. Form pairs by taking the smallest unpaired element and the largest unpaired element. Repeat this process until no more pairs can be formed. For each formed pair, compute the gcd of the two elements. If n is odd, the middle element in the prefixGcd array remains unpaired and should be ignored. Return an integer denoting the sum of the GCD values 
1407	1006	Clumsy Factorial	The factorial of a positive integer n is the product of all positive integers less than or equal to n. For example, factorial(10) = 10 * 9 * 8 * 7 * 6 * 5 * 4 * 3 * 2 * 1. We make a clumsy factorial using the integers in decreasing order by swapping out the multiply operations for a fixed rotation of operations with multiply '*', divide '/', add '+', and subtract '-' in this order. For example, clumsy(10) = 10 * 9 / 8 + 7 - 6 * 5 / 4 + 3 - 2 * 1. However, these operations are still applied using the usual order of operations of arithmetic. We do all multiplication and division steps before any
1407	1217	Minimum Cost to Move Chips to The Same Position	We have n chips, where the position of the ith chip is position[i]. We need to move all the chips to the same position. In one step, we can change the position of the ith chip from position[i] to: position[i] + 2 or position[i] - 2 with cost = 0. position[i] + 1 or position[i] - 1 with cost = 1. Return the minimum cost needed to move all the chips to the same position. Example 1: Input: position = [1,2,3] Output: 1 Explanation: First step: Move the chip at position 3 to position 1 with cost = 0. Second step: Move the chip at position 2 to position 1 with cost = 1. Total cost is 1. Example 2: I
1407	1325	Delete Leaves With a Given Value	Given a binary tree root and an integer target, delete all the leaf nodes with value target. Note that once you delete a leaf node with value target, if its parent node becomes a leaf node and has the value target, it should also be deleted (you need to continue doing that until you cannot). Example 1: Input: root = [1,2,3,2,null,2,4], target = 2 Output: [1,null,3,null,4] Explanation: Leaf nodes in green with value (target = 2) are removed (Picture in left). After removing, new nodes become leaf nodes with value (target = 2) (Picture in center). Example 2: Input: root = [1,3,3,3,2], target = 3
1407	1886	Determine Whether Matrix Can Be Obtained By Rotation	Given two n x n binary matrices mat and target, return true if it is possible to make mat equal to target by rotating mat in 90-degree increments, or false otherwise. Example 1: Input: mat = [[0,1],[1,0]], target = [[1,0],[0,1]] Output: true Explanation: We can rotate mat 90 degrees clockwise to make mat equal target. Example 2: Input: mat = [[0,1],[1,1]], target = [[1,0],[0,1]] Output: false Explanation: It is impossible to make mat equal to target by rotating mat. Example 3: Input: mat = [[0,0,0],[0,1,0],[1,1,1]], target = [[1,1,1],[0,1,0],[0,0,0]] Output: true Explanation: We can rotate mat
1407	3899	Angles of a Triangle	You are given a positive integer array sides of length 3. Determine if there exists a triangle with positive area whose three side lengths are given by the elements of sides. If such a triangle exists, return an array of three floating-point numbers representing its internal angles (in degrees), sorted in non-decreasing order. Otherwise, return an empty array. Answers within 10-5 of the actual answer will be accepted. Example 1: Input: sides = [3,4,5] Output: [36.86990,53.13010,90.00000] Explanation: You can form a right-angled triangle with side lengths 3, 4, and 5. The internal angles of thi
1408	1588	Sum of All Odd Length Subarrays	Given an array of positive integers arr, return the sum of all possible odd-length subarrays of arr. A subarray is a contiguous subsequence of the array. Example 1: Input: arr = [1,4,2,5,3] Output: 58 Explanation: The odd-length subarrays of arr and their sums are: [1] = 1 [4] = 4 [2] = 2 [5] = 5 [3] = 3 [1,4,2] = 7 [4,2,5] = 11 [2,5,3] = 10 [1,4,2,5,3] = 15 If we add all these together we get 1 + 4 + 2 + 5 + 3 + 7 + 11 + 10 + 15 = 58 Example 2: Input: arr = [1,2] Output: 3 Explanation: There are only 2 subarrays of odd length, [1] and [2]. Their sum is 3. Example 3: Input: arr = [10,11,12] Ou
1408	2110	Number of Smooth Descent Periods of a Stock	You are given an integer array prices representing the daily price history of a stock, where prices[i] is the stock price on the ith day. A smooth descent period of a stock consists of one or more contiguous days such that the price on each day is lower than the price on the preceding day by exactly 1. The first day of the period is exempted from this rule. Return the number of smooth descent periods. Example 1: Input: prices = [3,2,1,4] Output: 7 Explanation: There are 7 smooth descent periods: [3], [2], [1], [4], [3,2], [2,1], and [3,2,1] Note that a period with one day is a smooth descent p
1408	3909	Compare Sums of Bitonic Parts	You are given a bitonic array nums of length n. Split the array into two parts: Ascending part: from index 0 to the peak element (inclusive). Descending part: from the peak element to index n - 1 (inclusive). The peak element belongs to both parts. Return: 0 if the sum of the ascending part is greater. 1 if the sum of the descending part is greater. -1 if both sums are equal. Notes: A bitonic array is an array that is strictly increasing up to a single peak element and then strictly decreasing. An array is said to be strictly increasing if each element is strictly greater than its previous one
1409	2834	Find the Minimum Possible Sum of a Beautiful Array	You are given positive integers n and target. An array nums is beautiful if it meets the following conditions: nums.length == n. nums consists of pairwise distinct positive integers. There doesn't exist two distinct indices, i and j, in the range [0, n - 1], such that nums[i] + nums[j] == target. Return the minimum possible sum that a beautiful array could have modulo 109 + 7. Example 1: Input: n = 2, target = 3 Output: 4 Explanation: We can see that nums = [1,3] is beautiful. - The array nums has length n = 2. - The array nums consists of pairwise distinct positive integers. - There doesn't e
1410	1138	Alphabet Board Path	On an alphabet board, we start at position (0, 0), corresponding to character board[0][0]. Here, board = ["abcde", "fghij", "klmno", "pqrst", "uvwxy", "z"], as shown in the diagram below. We may make the following moves: 'U' moves our position up one row, if the position exists on the board; 'D' moves our position down one row, if the position exists on the board; 'L' moves our position left one column, if the position exists on the board; 'R' moves our position right one column, if the position exists on the board; '!' adds the character board[r][c] at our current position (r, c) to the answe
1411	3121	Count the Number of Special Characters II	You are given a string word. A letter c is called special if it appears both in lowercase and uppercase in word, and every lowercase occurrence of c appears before the first uppercase occurrence of c. Return the number of special letters in word. Example 1: Input: word = "aaAbcBC" Output: 3 Explanation: The special characters are 'a', 'b', and 'c'. Example 2: Input: word = "abc" Output: 0 Explanation: There are no special characters in word. Example 3: Input: word = "AbBCab" Output: 0 Explanation: There are no special characters in word. Constraints: 1 <= word.length <= 2 * 105 word consists o
1411	3546	Equal Sum Grid Partition I	You are given an m x n matrix grid of positive integers. Your task is to determine if it is possible to make either one horizontal or one vertical cut on the grid such that: Each of the two resulting sections formed by the cut is non-empty. The sum of the elements in both sections is equal. Return true if such a partition exists; otherwise return false. Example 1: Input: grid = [[1,4],[2,3]] Output: true Explanation: A horizontal cut between row 0 and row 1 results in two non-empty sections, each with a sum of 5. Thus, the answer is true. Example 2: Input: grid = [[1,3],[2,4]] Output: false Ex
1412	1823	Find the Winner of the Circular Game	There are n friends that are playing a game. The friends are sitting in a circle and are numbered from 1 to n in clockwise order. More formally, moving clockwise from the ith friend brings you to the (i+1)th friend for 1 <= i < n, and moving clockwise from the nth friend brings you to the 1st friend. The rules of the game are as follows: Start at the 1st friend. Count the next k friends in the clockwise direction including the friend you started at. The counting wraps around the circle and may count some friends more than once. The last friend you counted leaves the circle and loses the game. 
1412	841	Keys and Rooms	There are n rooms labeled from 0 to n - 1 and all the rooms are locked except for room 0. Your goal is to visit all the rooms. However, you cannot enter a locked room without having its key. When you visit a room, you may find a set of distinct keys in it. Each key has a number on it, denoting which room it unlocks, and you can take all of them with you to unlock the other rooms. Given an array rooms where rooms[i] is the set of keys that you can obtain if you visited room i, return true if you can visit all the rooms, or false otherwise. Example 1: Input: rooms = [[1],[2],[3],[]] Output: true
1413	2383	Minimum Hours of Training to Win a Competition	You are entering a competition, and are given two positive integers initialEnergy and initialExperience denoting your initial energy and initial experience respectively. You are also given two 0-indexed integer arrays energy and experience, both of length n. You will face n opponents in order. The energy and experience of the ith opponent is denoted by energy[i] and experience[i] respectively. When you face an opponent, you need to have both strictly greater experience and energy to defeat them and move to the next opponent if available. Defeating the ith opponent increases your experience by 
1413	2521	Distinct Prime Factors of Product of Array	Given an array of positive integers nums, return the number of distinct prime factors in the product of the elements of nums. Note that: A number greater than 1 is called prime if it is divisible by only 1 and itself. An integer val1 is a factor of another integer val2 if val2 / val1 is an integer. Example 1: Input: nums = [2,4,3,7,10,6] Output: 4 Explanation: The product of all the elements in nums is: 2 * 4 * 3 * 7 * 10 * 6 = 10080 = 25 * 32 * 5 * 7. There are 4 distinct prime factors so we return 4. Example 2: Input: nums = [2,4,8,16] Output: 1 Explanation: The product of all the elements i
1414	1985	Find the Kth Largest Integer in the Array	You are given an array of strings nums and an integer k. Each string in nums represents an integer without leading zeros. Return the string that represents the kth largest integer in nums. Note: Duplicate numbers should be counted distinctly. For example, if nums is ["1","2","2"], "2" is the first largest integer, "2" is the second-largest integer, and "1" is the third-largest integer. Example 1: Input: nums = ["3","6","7","10"], k = 4 Output: "3" Explanation: The numbers in nums sorted in non-decreasing order are ["3","6","7","10"]. The 4th largest integer in nums is "3". Example 2: Input: nu
1414	2825	Make String a Subsequence Using Cyclic Increments	You are given two 0-indexed strings str1 and str2. In an operation, you select a set of indices in str1, and for each index i in the set, increment str1[i] to the next character cyclically. That is 'a' becomes 'b', 'b' becomes 'c', and so on, and 'z' becomes 'a'. Return true if it is possible to make str2 a subsequence of str1 by performing the operation at most once, and false otherwise. Note: A subsequence of a string is a new string that is formed from the original string by deleting some (possibly none) of the characters without disturbing the relative positions of the remaining characters
1414	3675	Minimum Operations to Transform String	You are given a string s consisting only of lowercase English letters. You can perform the following operation any number of times (including zero): Choose any character c in the string and replace every occurrence of c with the next lowercase letter in the English alphabet. Return the minimum number of operations required to transform s into a string consisting of only 'a' characters. Note: Consider the alphabet as circular, thus 'a' comes after 'z'. Example 1: Input: s = "yz" Output: 2 Explanation: Change 'y' to 'z' to get "zz". Change 'z' to 'a' to get "aa". Thus, the answer is 2. Example 2
1414	3722	Lexicographically Smallest String After Reverse	You are given a string s of length n consisting of lowercase English letters. You must perform exactly one operation by choosing any integer k such that 1 <= k <= n and either: reverse the first k characters of s, or reverse the last k characters of s. Return the lexicographically smallest string that can be obtained after exactly one such operation. Example 1: Input: s = "dcab" Output: "acdb" Explanation: Choose k = 3, reverse the first 3 characters. Reverse "dca" to "acd", resulting string s = "acdb", which is the lexicographically smallest string achievable. Example 2: Input: s = "abba" Out
1414	890	Find and Replace Pattern	Given a list of strings words and a string pattern, return a list of words[i] that match pattern. You may return the answer in any order. A word matches the pattern if there exists a permutation of letters p so that after replacing every letter x in the pattern with p(x), we get the desired word. Recall that a permutation of letters is a bijection from letters to letters: every letter maps to another letter, and no two letters map to the same letter. Example 1: Input: words = ["abc","deq","mee","aqq","dkd","ccc"], pattern = "abb" Output: ["mee","aqq"] Explanation: "mee" matches the pattern bec
1416	1652	Defuse the Bomb	You have a bomb to defuse, and your time is running out! Your informer will provide you with a circular array code of length of n and a key k. To decrypt the code, you must replace every number. All the numbers are replaced simultaneously. If k > 0, replace the ith number with the sum of the next k numbers. If k < 0, replace the ith number with the sum of the previous -k numbers. If k == 0, replace the ith number with 0. As code is circular, the next element of code[n-1] is code[0], and the previous element of code[0] is code[n-1]. Given the circular array code and an integer key k, return the
1416	2294	Partition Array Such That Maximum Difference Is K	You are given an integer array nums and an integer k. You may partition nums into one or more subsequences such that each element in nums appears in exactly one of the subsequences. Return the minimum number of subsequences needed such that the difference between the maximum and minimum values in each subsequence is at most k. A subsequence is a sequence that can be derived from another sequence by deleting some or no elements without changing the order of the remaining elements. Example 1: Input: nums = [3,6,1,2,5], k = 2 Output: 2 Explanation: We can partition nums into the two subsequences 
1416	3462	Maximum Sum With at Most K Elements	You are given a 2D integer matrix grid of size n x m, an integer array limits of length n, and an integer k. The task is to find the maximum sum of at most k elements from the matrix grid such that: The number of elements taken from the ith row of grid does not exceed limits[i]. Return the maximum sum. Example 1: Input: grid = [[1,2],[3,4]], limits = [1,2], k = 2 Output: 7 Explanation: From the second row, we can take at most 2 elements. The elements taken are 4 and 3. The maximum possible sum of at most 2 selected elements is 4 + 3 = 7. Example 2: Input: grid = [[5,3,7],[8,2,6]], limits = [2,
1417	2139	Minimum Moves to Reach Target Score	You are playing a game with integers. You start with the integer 1 and you want to reach the integer target. In one move, you can either: Increment the current integer by one (i.e., x = x + 1). Double the current integer (i.e., x = 2 * x). You can use the increment operation any number of times, however, you can only use the double operation at most maxDoubles times. Given the two integers target and maxDoubles, return the minimum number of moves needed to reach target starting with 1. Example 1: Input: target = 5, maxDoubles = 0 Output: 4 Explanation: Keep incrementing by 1 until you reach ta
1418	1052	Grumpy Bookstore Owner	There is a bookstore owner that has a store open for n minutes. You are given an integer array customers of length n where customers[i] is the number of the customers that enter the store at the start of the ith minute and all those customers leave after the end of that minute. During certain minutes, the bookstore owner is grumpy. You are given a binary array grumpy where grumpy[i] is 1 if the bookstore owner is grumpy during the ith minute, and is 0 otherwise. When the bookstore owner is grumpy, the customers entering during that minute are not satisfied. Otherwise, they are satisfied. The b
1418	1656	Design an Ordered Stream	There is a stream of n (idKey, value) pairs arriving in an arbitrary order, where idKey is an integer between 1 and n and value is a string. No two pairs have the same id. Design a stream that returns the values in increasing order of their IDs by returning a chunk (list) of values after each insertion. The concatenation of all the chunks should result in a list of the sorted values. Implement the OrderedStream class: OrderedStream(int n) Constructs the stream to take n values. String[] insert(int idKey, String value) Inserts the pair (idKey, value) into the stream, then returns the largest po
1418	1962	Remove Stones to Minimize the Total	You are given a 0-indexed integer array piles, where piles[i] represents the number of stones in the ith pile, and an integer k. You should apply the following operation exactly k times: Choose any piles[i] and remove floor(piles[i] / 2) stones from it. Notice that you can apply the operation on the same pile more than once. Return the minimum possible total number of stones remaining after applying the k operations. floor(x) is the largest integer that is smaller than or equal to x (i.e., rounds x down). Example 1: Input: piles = [5,4,9], k = 2 Output: 12 Explanation: Steps of a possible scen
1418	2374	Node With Highest Edge Score	You are given a directed graph with n nodes labeled from 0 to n - 1, where each node has exactly one outgoing edge. The graph is represented by a given 0-indexed integer array edges of length n, where edges[i] indicates that there is a directed edge from node i to node edges[i]. The edge score of a node i is defined as the sum of the labels of all the nodes that have an edge pointing to i. Return the node with the highest edge score. If multiple nodes have the same edge score, return the node with the smallest index. Example 1: Input: edges = [1,0,0,0,0,7,7,5] Output: 7 Explanation: - The node
1419	3275	K-th Nearest Obstacle Queries	There is an infinite 2D plane. You are given a positive integer k. You are also given a 2D array queries, which contains the following queries: queries[i] = [x, y]: Build an obstacle at coordinate (x, y) in the plane. It is guaranteed that there is no obstacle at this coordinate when this query is made. After each query, you need to find the distance of the kth nearest obstacle from the origin. Return an integer array results where results[i] denotes the kth nearest obstacle after query i, or results[i] == -1 if there are less than k obstacles. Note that initially there are no obstacles anywhe
1420	2760	Longest Even Odd Subarray With Threshold	You are given a 0-indexed integer array nums and an integer threshold. Find the length of the longest subarray of nums starting at index l and ending at index r (0 <= l <= r < nums.length) that satisfies the following conditions: nums[l] % 2 == 0 For all indices i in the range [l, r - 1], nums[i] % 2 != nums[i + 1] % 2 For all indices i in the range [l, r], nums[i] <= threshold Return an integer denoting the length of the longest such subarray. Note: A subarray is a contiguous non-empty sequence of elements within an array. Example 1: Input: nums = [3,2,5,4], threshold = 5 Output: 3 Explanatio
1420	3848	Check Digitorial Permutation	You are given an integer n. A number is called digitorial if the sum of the factorials of its digits is equal to the number itself. Determine whether any permutation of n (including the original order) forms a digitorial number. Return true if such a permutation exists, otherwise return false. Note: The factorial of a non-negative integer x, denoted as x!, is the product of all positive integers less than or equal to x, and 0! = 1. A permutation is a rearrangement of all the digits of a number that does not start with zero. Any arrangement starting with zero is invalid. Example 1: Input: n = 1
1421	1033	Moving Stones Until Consecutive	There are three stones in different positions on the X-axis. You are given three integers a, b, and c, the positions of the stones. In one move, you pick up a stone at an endpoint (i.e., either the lowest or highest position stone), and move it to an unoccupied position between those endpoints. Formally, let's say the stones are currently at positions x, y, and z with x < y < z. You pick up the stone at either position x or position z, and move that stone to an integer position k, with x < k < z and k != y. The game ends when you cannot make any more moves (i.e., the stones are in three consec
1421	1360	Number of Days Between Two Dates	Write a program to count the number of days between two dates. The two dates are given as strings, their format is YYYY-MM-DD as shown in the examples. Example 1: Input: date1 = "2019-06-29", date2 = "2019-06-30" Output: 1 Example 2: Input: date1 = "2020-01-15", date2 = "2019-12-31" Output: 15 Constraints: The given dates are valid dates between the years 1971 and 2100.
1421	1630	Arithmetic Subarrays	A sequence of numbers is called arithmetic if it consists of at least two elements, and the difference between every two consecutive elements is the same. More formally, a sequence s is arithmetic if and only if s[i+1] - s[i] == s[1] - s[0] for all valid i. For example, these are arithmetic sequences: 1, 3, 5, 7, 9 7, 7, 7, 7 3, -1, -5, -9 The following sequence is not arithmetic: 1, 1, 2, 5, 7 You are given an array of n integers, nums, and two arrays of m integers each, l and r, representing the m range queries, where the ith query is the range [l[i], r[i]]. All the arrays are 0-indexed. Ret
1421	2326	Spiral Matrix IV	You are given two integers m and n, which represent the dimensions of a matrix. You are also given the head of a linked list of integers. Generate an m x n matrix that contains the integers in the linked list presented in spiral order (clockwise), starting from the top-left of the matrix. If there are remaining empty spaces, fill them with -1. Return the generated matrix. Example 1: Input: m = 3, n = 5, head = [3,0,2,6,8,1,7,9,4,2,5,5,0] Output: [[3,0,2,6,8],[5,0,-1,-1,1],[5,2,4,9,7]] Explanation: The diagram above shows how the values are printed in the matrix. Note that the remaining spaces 
1422	2606	Find the Substring With Maximum Cost	You are given a string s, a string chars of distinct characters and an integer array vals of the same length as chars. The cost of the substring is the sum of the values of each character in the substring. The cost of an empty string is considered 0. The value of the character is defined in the following way: If the character is not in the string chars, then its value is its corresponding position (1-indexed) in the alphabet. For example, the value of 'a' is 1, the value of 'b' is 2, and so on. The value of 'z' is 26. Otherwise, assuming i is the index where the character occurs in the string 
1422	2938	Separate Black and White Balls	There are n balls on a table, each ball has a color black or white. You are given a 0-indexed binary string s of length n, where 1 and 0 represent black and white balls, respectively. In each step, you can choose two adjacent balls and swap them. Return the minimum number of steps to group all the black balls to the right and all the white balls to the left. Example 1: Input: s = "101" Output: 1 Explanation: We can group all the black balls to the right in the following way: - Swap s[0] and s[1], s = "011". Initially, 1s are not grouped together, requiring at least 1 step to group them to the 
1422	3737	Count Subarrays With Majority Element I	You are given an integer array nums and an integer target. Return the number of subarrays of nums in which target is the majority element. The majority element of a subarray is the element that appears strictly more than half of the times in that subarray. Example 1: Input: nums = [1,2,2,3], target = 2 Output: 5 Explanation: Valid subarrays with target = 2 as the majority element: nums[1..1] = [2] nums[2..2] = [2] nums[1..2] = [2,2] nums[0..2] = [1,2,2] nums[1..3] = [2,2,3] So there are 5 such subarrays. Example 2: Input: nums = [1,1,1,1], target = 1 Output: 10 Explanation: ​​​​​​​All 10 subar
1423	1333	Filter Restaurants by Vegan-Friendly, Price and Distance	Given the array restaurants where restaurants[i] = [idi, ratingi, veganFriendlyi, pricei, distancei]. You have to filter the restaurants using three filters. The veganFriendly filter will be either true (meaning you should only include restaurants with veganFriendlyi set to true) or false (meaning you can include any restaurant). In addition, you have the filters maxPrice and maxDistance which are the maximum value for price and distance of restaurants you should consider respectively. Return the array of restaurant IDs after filtering, ordered by rating from highest to lowest. For restaurants
1423	1493	Longest Subarray of 1's After Deleting One Element	Given a binary array nums, you should delete one element from it. Return the size of the longest non-empty subarray containing only 1's in the resulting array. Return 0 if there is no such subarray. Example 1: Input: nums = [1,1,0,1] Output: 3 Explanation: After deleting the number in position 2, [1,1,1] contains 3 numbers with value of 1's. Example 2: Input: nums = [0,1,1,1,0,1,1,0,1] Output: 5 Explanation: After deleting the number in position 4, [0,1,1,1,1,1,0,1] longest subarray with value of 1's is [1,1,1,1,1]. Example 3: Input: nums = [1,1,1] Output: 2 Explanation: You must delete one el
1423	3039	Apply Operations to Make String Empty	You are given a string s. Consider performing the following operation until s becomes empty: For every alphabet character from 'a' to 'z', remove the first occurrence of that character in s (if it exists). For example, let initially s = "aabcbbca". We do the following operations: Remove the underlined characters s = "aabcbbca". The resulting string is s = "abbca". Remove the underlined characters s = "abbca". The resulting string is s = "ba". Remove the underlined characters s = "ba". The resulting string is s = "". Return the value of the string s right before applying the last operation. In 
1423	791	Custom Sort String	You are given two strings order and s. All the characters of order are unique and were sorted in some custom order previously. Permute the characters of s so that they match the order that order was sorted. More specifically, if a character x occurs before a character y in order, then x should occur before y in the permuted string. Return any permutation of s that satisfies this property. Example 1: Input: order = "cba", s = "abcd" Output: "cbad" Explanation: "a", "b", "c" appear in order, so the order of "a", "b", "c" should be "c", "b", and "a". Since "d" does not appear in order, it can be 
1425	840	Magic Squares In Grid	A 3 x 3 magic square is a 3 x 3 grid filled with distinct numbers from 1 to 9 such that each row, column, and both diagonals all have the same sum. Given a row x col grid of integers, how many 3 x 3 magic square subgrids are there? Note: while a magic square can only contain numbers from 1 to 9, grid may contain numbers up to 15. Example 1: Input: grid = [[4,3,8,4],[9,5,1,9],[2,7,6,2]] Output: 1 Explanation: The following subgrid is a 3 x 3 magic square: while this one is not: In total, there is only one magic square inside the given grid. Example 2: Input: grid = [[8]] Output: 0 Constraints: 
1425	883	Projection Area of 3D Shapes	You are given an n x n grid where we place some 1 x 1 x 1 cubes that are axis-aligned with the x, y, and z axes. Each value v = grid[i][j] represents a tower of v cubes placed on top of the cell (i, j). We view the projection of these cubes onto the xy, yz, and zx planes. A projection is like a shadow, that maps our 3-dimensional figure to a 2-dimensional plane. We are viewing the "shadow" when looking at the cubes from the top, the front, and the side. Return the total area of all three projections. Example 1: Input: grid = [[1,2],[3,4]] Output: 17 Explanation: Here are the three projections 
1426	1003	Check If Word Is Valid After Substitutions	Given a string s, determine if it is valid. A string s is valid if, starting with an empty string t = "", you can transform t into s after performing the following operation any number of times: Insert string "abc" into any position in t. More formally, t becomes tleft + "abc" + tright, where t == tleft + tright. Note that tleft and tright may be empty. Return true if s is a valid string, otherwise, return false. Example 1: Input: s = "aabcbc" Output: true Explanation: "" -> "abc" -> "aabcbc" Thus, "aabcbc" is valid. Example 2: Input: s = "abcabcababcc" Output: true Explanation: "" -> "abc" ->
1426	1315	Sum of Nodes with Even-Valued Grandparent	Given the root of a binary tree, return the sum of values of nodes with an even-valued grandparent. If there are no nodes with an even-valued grandparent, return 0. A grandparent of a node is the parent of its parent if it exists. Example 1: Input: root = [6,7,8,2,7,1,3,9,null,1,4,null,null,null,5] Output: 18 Explanation: The red nodes are the nodes with even-value grandparent while the blue nodes are the even-value grandparents. Example 2: Input: root = [1] Output: 0 Constraints: The number of nodes in the tree is in the range [1, 104]. 1 <= Node.val <= 100
1426	1432	Max Difference You Can Get From Changing an Integer	You are given an integer num. You will apply the following steps to num two separate times: Pick a digit x (0 <= x <= 9). Pick another digit y (0 <= y <= 9). Note y can be equal to x. Replace all the occurrences of x in the decimal representation of num by y. Let a and b be the two results from applying the operation to num independently. Return the max difference between a and b. Note that neither a nor b may have any leading zeros, and must not be 0. Example 1: Input: num = 555 Output: 888 Explanation: The first time pick x = 5 and y = 9 and store the new integer in a. The second time pick x
1426	2437	Number of Valid Clock Times	You are given a string of length 5 called time, representing the current time on a digital clock in the format "hh:mm". The earliest possible time is "00:00" and the latest possible time is "23:59". In the string time, the digits represented by the ? symbol are unknown, and must be replaced with a digit from 0 to 9. Return an integer answer, the number of valid clock times that can be created by replacing every ? with a digit from 0 to 9. Example 1: Input: time = "?5:00" Output: 2 Explanation: We can replace the ? with either a 0 or 1, producing "05:00" or "15:00". Note that we cannot replace 
1427	1887	Reduction Operations to Make the Array Elements Equal	Given an integer array nums, your goal is to make all elements in nums equal. To complete one operation, follow these steps: Find the largest value in nums. Let its index be i (0-indexed) and its value be largest. If there are multiple elements with the largest value, pick the smallest i. Find the next largest value in nums strictly smaller than largest. Let its value be nextLargest. Reduce nums[i] to nextLargest. Return the number of operations to make all elements in nums equal. Example 1: Input: nums = [5,1,3] Output: 3 Explanation: It takes 3 operations to make all elements in nums equal: 
1428	1669	Merge In Between Linked Lists	You are given two linked lists: list1 and list2 of sizes n and m respectively. Remove list1's nodes from the ath node to the bth node, and put list2 in their place. The blue edges and nodes in the following figure indicate the result: Build the result list and return its head. Example 1: Input: list1 = [10,1,13,6,9,5], a = 3, b = 4, list2 = [1000000,1000001,1000002] Output: [10,1,13,1000000,1000001,1000002,5] Explanation: We remove the nodes 3 and 4 and put the entire list2 in their place. The blue edges and nodes in the above figure indicate the result. Example 2: Input: list1 = [0,1,2,3,4,5,
1428	1845	Seat Reservation Manager	Design a system that manages the reservation state of n seats that are numbered from 1 to n. Implement the SeatManager class: SeatManager(int n) Initializes a SeatManager object that will manage n seats numbered from 1 to n. All seats are initially available. int reserve() Fetches the smallest-numbered unreserved seat, reserves it, and returns its number. void unreserve(int seatNumber) Unreserves the seat with the given seatNumber. Example 1: Input ["SeatManager", "reserve", "reserve", "unreserve", "reserve", "reserve", "reserve", "reserve", "unreserve"] [[5], [], [], [2], [], [], [], [], [5]]
1428	2711	Difference of Number of Distinct Values on Diagonals	Given a 2D grid of size m x n, you should find the matrix answer of size m x n. The cell answer[r][c] is calculated by looking at the diagonal values of the cell grid[r][c]: Let leftAbove[r][c] be the number of distinct values on the diagonal to the left and above the cell grid[r][c] not including the cell grid[r][c] itself. Let rightBelow[r][c] be the number of distinct values on the diagonal to the right and below the cell grid[r][c], not including the cell grid[r][c] itself. Then answer[r][c] = |leftAbove[r][c] - rightBelow[r][c]|. A matrix diagonal is a diagonal line of cells starting from
1428	3834	Merge Adjacent Equal Elements	You are given an integer array nums. You must repeatedly apply the following merge operation until no more changes can be made: If any two adjacent elements are equal, choose the leftmost such adjacent pair in the current array and replace them with a single element equal to their sum. After each merge operation, the array size decreases by 1. Repeat the process on the updated array until no more changes can be made. Return the final array after all possible merge operations. Example 1: Input: nums = [3,1,1,2] Output: [3,4] Explanation: The middle two elements are equal and merged into 1 + 1 =
1428	817	Linked List Components	You are given the head of a linked list containing unique integer values and an integer array nums that is a subset of the linked list values. Return the number of connected components in nums where two values are connected if they appear consecutively in the linked list. Example 1: Input: head = [0,1,2,3], nums = [0,1,3] Output: 2 Explanation: 0 and 1 are connected, so [0, 1] and [3] are the two connected components. Example 2: Input: head = [0,1,2,3,4], nums = [0,3,1,4] Output: 2 Explanation: 0 and 1 are connected, 3 and 4 are connected, so [0, 1] and [3, 4] are the two connected components.
1429	1357	Apply Discount Every n Orders	There is a supermarket that is frequented by many customers. The products sold at the supermarket are represented as two parallel integer arrays products and prices, where the ith product has an ID of products[i] and a price of prices[i]. When a customer is paying, their bill is represented as two parallel integer arrays product and amount, where the jth product they purchased has an ID of product[j], and amount[j] is how much of the product they bought. Their subtotal is calculated as the sum of each amount[j] * (price of the jth product). The supermarket decided to have a sale. Every nth cus
1429	2957	Remove Adjacent Almost-Equal Characters	You are given a 0-indexed string word. In one operation, you can pick any index i of word and change word[i] to any lowercase English letter. Return the minimum number of operations needed to remove all adjacent almost-equal characters from word. Two characters a and b are almost-equal if a == b or a and b are adjacent in the alphabet. Example 1: Input: word = "aaaaa" Output: 2 Explanation: We can change word into "acaca" which does not have any adjacent almost-equal characters. It can be shown that the minimum number of operations needed to remove all adjacent almost-equal characters from wor
1429	988	Smallest String Starting From Leaf	You are given the root of a binary tree where each node has a value in the range [0, 25] representing the letters 'a' to 'z'. Return the lexicographically smallest string that starts at a leaf of this tree and ends at the root. As a reminder, any shorter prefix of a string is lexicographically smaller. For example, "ab" is lexicographically smaller than "aba". A leaf of a node is a node that has no children. Example 1: Input: root = [0,1,2,3,4,3,4] Output: "dba" Example 2: Input: root = [25,1,3,1,3,0,2] Output: "adz" Example 3: Input: root = [2,2,1,null,1,0,null,0] Output: "abc" Constraints: T
1430	1636	Sort Array by Increasing Frequency	Given an array of integers nums, sort the array in increasing order based on the frequency of the values. If multiple values have the same frequency, sort them in decreasing order. Return the sorted array. Example 1: Input: nums = [1,1,2,2,2,3] Output: [3,1,1,2,2,2] Explanation: '3' has a frequency of 1, '1' has a frequency of 2, and '2' has a frequency of 3. Example 2: Input: nums = [2,3,1,3,2] Output: [1,3,3,2,2] Explanation: '2' and '3' both have a frequency of 2, so they are sorted in decreasing order. Example 3: Input: nums = [-1,1,-6,4,5,-6,1,4,1] Output: [5,-1,4,4,-6,-6,1,1,1] Constrain
1430	2924	Find Champion II	There are n teams numbered from 0 to n - 1 in a tournament; each team is also a node in a DAG. You are given the integer n and a 0-indexed 2D integer array edges of length m representing the DAG, where edges[i] = [ui, vi] indicates that there is a directed edge from team ui to team vi in the graph. A directed edge from a to b in the graph means that team a is stronger than team b and team b is weaker than team a. Team a will be the champion of the tournament if there is no team b that is stronger than team a. Return the team that will be the champion of the tournament if there is a unique cham
1431	1170	Compare Strings by Frequency of the Smallest Character	Let the function f(s) be the frequency of the lexicographically smallest character in a non-empty string s. For example, if s = "dcce" then f(s) = 2 because the lexicographically smallest character is 'c', which has a frequency of 2. You are given an array of strings words and another array of query strings queries. For each query queries[i], count the number of words in words such that f(queries[i]) < f(W) for each W in words. Return an integer array answer, where each answer[i] is the answer to the ith query. Example 1: Input: queries = ["cbd"], words = ["zaaaz"] Output: [1] Explanation: On 
1431	2415	Reverse Odd Levels of Binary Tree	Given the root of a perfect binary tree, reverse the node values at each odd level of the tree. For example, suppose the node values at level 3 are [2,1,3,4,7,11,29,18], then it should become [18,29,11,7,4,3,1,2]. Return the root of the reversed tree. A binary tree is perfect if all parent nodes have two children and all leaves are on the same level. The level of a node is the number of edges along the path between it and the root node. Example 1: Input: root = [2,3,5,8,13,21,34] Output: [2,5,3,8,13,21,34] Explanation: The tree has only one odd level. The nodes at level 1 are 3, 5 respectively
1432	1785	Minimum Elements to Add to Form a Given Sum	You are given an integer array nums and two integers limit and goal. The array nums has an interesting property that abs(nums[i]) <= limit. Return the minimum number of elements you need to add to make the sum of the array equal to goal. The array must maintain its property that abs(nums[i]) <= limit. Note that abs(x) equals x if x >= 0, and -x otherwise. Example 1: Input: nums = [1,-1,1], limit = 3, goal = -4 Output: 2 Explanation: You can add -2 and -3, then the sum of the array will be 1 - 1 + 1 - 2 - 3 = -4. Example 2: Input: nums = [1,-10,9,1], limit = 100, goal = 0 Output: 1 Constraints:
1432	3192	Minimum Operations to Make Binary Array Elements Equal to One II	You are given a binary array nums. You can do the following operation on the array any number of times (possibly zero): Choose any index i from the array and flip all the elements from index i to the end of the array. Flipping an element means changing its value from 0 to 1, and from 1 to 0. Return the minimum number of operations required to make all elements in nums equal to 1. Example 1: Input: nums = [0,1,1,0,1] Output: 4 Explanation: We can do the following operations: Choose the index i = 1. The resulting array will be nums = [0,0,0,1,0]. Choose the index i = 0. The resulting array will 
1432	967	Numbers With Same Consecutive Differences	Given two integers n and k, return an array of all the integers of length n where the difference between every two consecutive digits is k. You may return the answer in any order. Note that the integers should not have leading zeros. Integers as 02 and 043 are not allowed. Example 1: Input: n = 3, k = 7 Output: [181,292,707,818,929] Explanation: Note that 070 is not a valid number, because it has leading zeroes. Example 2: Input: n = 2, k = 1 Output: [10,12,21,23,32,34,43,45,54,56,65,67,76,78,87,89,98] Constraints: 2 <= n <= 9 0 <= k <= 9
1432	994	Rotting Oranges	You are given an m x n grid where each cell can have one of three values: 0 representing an empty cell, 1 representing a fresh orange, or 2 representing a rotten orange. Every minute, any fresh orange that is 4-directionally adjacent to a rotten orange becomes rotten. Return the minimum number of minutes that must elapse until no cell has a fresh orange. If this is impossible, return -1. Example 1: Input: grid = [[2,1,1],[1,1,0],[0,1,1]] Output: 4 Example 2: Input: grid = [[2,1,1],[0,1,1],[1,0,1]] Output: -1 Explanation: The orange in the bottom left corner (row 2, column 0) is never rotten, b
1433	1535	Find the Winner of an Array Game	Given an integer array arr of distinct integers and an integer k. A game will be played between the first two elements of the array (i.e. arr[0] and arr[1]). In each round of the game, we compare arr[0] with arr[1], the larger integer wins and remains at position 0, and the smaller integer moves to the end of the array. The game ends when an integer wins k consecutive rounds. Return the integer which will win the game. It is guaranteed that there will be a winner of the game. Example 1: Input: arr = [2,1,3,5,4,6,7], k = 2 Output: 5 Explanation: Let's see the rounds of the game: Round | arr | w
1434	2600	K Items With the Maximum Sum	There is a bag that consists of items, each item has a number 1, 0, or -1 written on it. You are given four non-negative integers numOnes, numZeros, numNegOnes, and k. The bag initially contains: numOnes items with 1s written on them. numZeroes items with 0s written on them. numNegOnes items with -1s written on them. We want to pick exactly k items among the available items. Return the maximum possible sum of numbers written on the items. Example 1: Input: numOnes = 3, numZeros = 2, numNegOnes = 0, k = 2 Output: 2 Explanation: We have a bag of items with numbers written on them {1, 1, 1, 0, 0}
1435	1025	Divisor Game	Alice and Bob take turns playing a game, with Alice starting first. Initially, there is a number n on the chalkboard. On each player's turn, that player makes a move consisting of: Choosing any integer x with 0 < x < n and n % x == 0. Replacing the number n on the chalkboard with n - x. Also, if a player cannot make a move, they lose the game. Return true if and only if Alice wins the game, assuming both players play optimally. Example 1: Input: n = 2 Output: true Explanation: Alice chooses 1, and Bob has no more moves. Example 2: Input: n = 3 Output: false Explanation: Alice chooses 1, Bob ch
1435	2001	Number of Pairs of Interchangeable Rectangles	You are given n rectangles represented by a 0-indexed 2D integer array rectangles, where rectangles[i] = [widthi, heighti] denotes the width and height of the ith rectangle. Two rectangles i and j (i < j) are considered interchangeable if they have the same width-to-height ratio. More formally, two rectangles are interchangeable if widthi/heighti == widthj/heightj (using decimal division, not integer division). Return the number of pairs of interchangeable rectangles in rectangles. Example 1: Input: rectangles = [[4,8],[3,6],[10,20],[15,30]] Output: 6 Explanation: The following are the interch
1435	2559	Count Vowel Strings in Ranges	You are given a 0-indexed array of strings words and a 2D array of integers queries. Each query queries[i] = [li, ri] asks us to find the number of strings present at the indices ranging from li to ri (both inclusive) of words that start and end with a vowel. Return an array ans of size queries.length, where ans[i] is the answer to the ith query. Note that the vowel letters are 'a', 'e', 'i', 'o', and 'u'. Example 1: Input: words = ["aba","bcb","ece","aa","e"], queries = [[0,2],[1,4],[1,1]] Output: [2,3,0] Explanation: The strings starting and ending with a vowel are "aba", "ece", "aa" and "e"
1435	3523	Make Array Non-decreasing	You are given an integer array nums. In one operation, you can select a subarray and replace it with a single element equal to its maximum value. Return the maximum possible size of the array after performing zero or more operations such that the resulting array is non-decreasing. Example 1: Input: nums = [4,2,5,3,5] Output: 3 Explanation: One way to achieve the maximum size is: Replace subarray nums[1..2] = [2, 5] with 5 → [4, 5, 3, 5]. Replace subarray nums[2..3] = [3, 5] with 5 → [4, 5, 5]. The final array [4, 5, 5] is non-decreasing with size 3. Example 2: Input: nums = [1,2,3] Output: 3 E
1435	3896	Minimum Operations to Transform Array into Alternating Prime	You are given an integer array nums. An array is considered alternating prime if: Elements at even indices (0-based) are prime numbers. Elements at odd indices are non-prime numbers. In one operation, you may increment any element by 1. Return the minimum number of operations required to transform nums into an alternating prime array. A prime number is a natural number greater than 1 with only two factors, 1 and itself. Example 1: Input: nums = [1,2,3,4] Output: 3 Explanation: The element at index 0 must be prime. Increment nums[0] = 1 to 2, using 1 operation. The element at index 1 must be no
1436	1433	Check If a String Can Break Another String	Given two strings: s1 and s2 with the same size, check if some permutation of string s1 can break some permutation of string s2 or vice-versa. In other words s2 can break s1 or vice-versa. A string x can break string y (both of size n) if x[i] >= y[i] (in alphabetical order) for all i between 0 and n-1. Example 1: Input: s1 = "abc", s2 = "xya" Output: true Explanation: "ayx" is a permutation of s2="xya" which can break to string "abc" which is a permutation of s1="abc". Example 2: Input: s1 = "abe", s2 = "acd" Output: false Explanation: All permutations for s1="abe" are: "abe", "aeb", "bae", "
1436	1701	Average Waiting Time	There is a restaurant with a single chef. You are given an array customers, where customers[i] = [arrivali, timei]: arrivali is the arrival time of the ith customer. The arrival times are sorted in non-decreasing order. timei is the time needed to prepare the order of the ith customer. When a customer arrives, he gives the chef his order, and the chef starts preparing it once he is idle. The customer waits till the chef finishes preparing his order. The chef does not prepare food for more than one customer at a time. The chef prepares food for customers in the order they were given in the inpu
1436	845	Longest Mountain in Array	You may recall that an array arr is a mountain array if and only if: arr.length >= 3 There exists some index i (0-indexed) with 0 < i < arr.length - 1 such that: arr[0] < arr[1] < ... < arr[i - 1] < arr[i] arr[i] > arr[i + 1] > ... > arr[arr.length - 1] Given an integer array arr, return the length of the longest subarray, which is a mountain. Return 0 if there is no mountain subarray. Example 1: Input: arr = [2,1,4,7,3,2,5] Output: 5 Explanation: The largest mountain is [1,4,7,3,2] which has length 5. Example 2: Input: arr = [2,2,2] Output: 0 Explanation: There is no mountain. Constraints: 1 
1438	1375	Number of Times Binary String Is Prefix-Aligned	You have a 1-indexed binary string of length n where all the bits are 0 initially. We will flip all the bits of this binary string (i.e., change them from 0 to 1) one by one. You are given a 1-indexed integer array flips where flips[i] indicates that the bit at index flips[i] will be flipped in the ith step. A binary string is prefix-aligned if, after the ith step, all the bits in the inclusive range [1, i] are ones and all the other bits are zeros. Return the number of times the binary string is prefix-aligned during the flipping process. Example 1: Input: flips = [3,2,4,1,5] Output: 2 Explan
1438	1609	Even Odd Tree	A binary tree is named Even-Odd if it meets the following conditions: The root of the binary tree is at level index 0, its children are at level index 1, their children are at level index 2, etc. For every even-indexed level, all nodes at the level have odd integer values in strictly increasing order (from left to right). For every odd-indexed level, all nodes at the level have even integer values in strictly decreasing order (from left to right). Given the root of a binary tree, return true if the binary tree is Even-Odd, otherwise return false. Example 1: Input: root = [1,10,4,3,null,7,9,12,
1439	1261	Find Elements in a Contaminated Binary Tree	Given a binary tree with the following rules: root.val == 0 For any treeNode: If treeNode.val has a value x and treeNode.left != null, then treeNode.left.val == 2 * x + 1 If treeNode.val has a value x and treeNode.right != null, then treeNode.right.val == 2 * x + 2 Now the binary tree is contaminated, which means all treeNode.val have been changed to -1. Implement the FindElements class: FindElements(TreeNode* root) Initializes the object with a contaminated binary tree and recovers it. bool find(int target) Returns true if the target value exists in the recovered binary tree. Example 1: Input
1439	3556	Sum of Largest Prime Substrings	Given a string s, find the sum of the 3 largest unique prime numbers that can be formed using any of its substrings. Return the sum of the three largest unique prime numbers that can be formed. If fewer than three exist, return the sum of all available primes. If no prime numbers can be formed, return 0. Note: Each prime number should be counted only once, even if it appears in multiple substrings. Additionally, when converting a substring to an integer, any leading zeros are ignored. Example 1: Input: s = "12234" Output: 1469 Explanation: The unique prime numbers formed from the substrings of
1439	3659	Partition Array Into K-Distinct Groups	You are given an integer array nums and an integer k. Your task is to determine whether it is possible to partition all elements of nums into one or more groups such that: Each group contains exactly k elements. All elements in each group are distinct. Each element in nums must be assigned to exactly one group. Return true if such a partition is possible, otherwise return false. Example 1: Input: nums = [1,2,3,4], k = 2 Output: true Explanation: One possible partition is to have 2 groups: Group 1: [1, 2] Group 2: [3, 4] Each group contains k = 2 distinct elements, and all elements are used exa
1441	1094	Car Pooling	There is a car with capacity empty seats. The vehicle only drives east (i.e., it cannot turn around and drive west). You are given the integer capacity and an array trips where trips[i] = [numPassengersi, fromi, toi] indicates that the ith trip has numPassengersi passengers and the locations to pick them up and drop them off are fromi and toi respectively. The locations are given as the number of kilometers due east from the car's initial location. Return true if it is possible to pick up and drop off all passengers for all the given trips, or false otherwise. Example 1: Input: trips = [[2,1,5
1442	836	Rectangle Overlap	An axis-aligned rectangle is represented as a list [x1, y1, x2, y2], where (x1, y1) is the coordinate of its bottom-left corner, and (x2, y2) is the coordinate of its top-right corner. Its top and bottom edges are parallel to the X-axis, and its left and right edges are parallel to the Y-axis. Two rectangles overlap if the area of their intersection is positive. To be clear, two rectangles that only touch at the corner or edges do not overlap. Given two axis-aligned rectangles rec1 and rec2, return true if they overlap, otherwise return false. Example 1: Input: rec1 = [0,0,2,2], rec2 = [1,1,3,
1443	1560	Most Visited Sector in  a Circular Track	Given an integer n and an integer array rounds. We have a circular track which consists of n sectors labeled from 1 to n. A marathon will be held on this track, the marathon consists of m rounds. The ith round starts at sector rounds[i - 1] and ends at sector rounds[i]. For example, round 1 starts at sector rounds[0] and ends at sector rounds[1] Return an array of the most visited sectors sorted in ascending order. Notice that you circulate the track in ascending order of sector numbers in the counter-clockwise direction (See the first example). Example 1: Input: n = 4, rounds = [1,3,1,2] Outp
1443	3411	Maximum Subarray With Equal Products	You are given an array of positive integers nums. An array arr is called product equivalent if prod(arr) == lcm(arr) * gcd(arr), where: prod(arr) is the product of all elements of arr. gcd(arr) is the GCD of all elements of arr. lcm(arr) is the LCM of all elements of arr. Return the length of the longest product equivalent subarray of nums. Example 1: Input: nums = [1,2,1,2,1,1,1] Output: 5 Explanation: The longest product equivalent subarray is [1, 2, 1, 1, 1], where prod([1, 2, 1, 1, 1]) = 2, gcd([1, 2, 1, 1, 1]) = 1, and lcm([1, 2, 1, 1, 1]) = 2. Example 2: Input: nums = [2,3,4,5,6] Output:
1443	3876	Construct Uniform Parity Array II	You are given an array nums1 of n distinct integers. You want to construct another array nums2 of length n such that the elements in nums2 are either all odd or all even. For each index i, you must choose exactly one of the following (in any order): nums2[i] = nums1[i]​​​​​​​ nums2[i] = nums1[i] - nums1[j], for an index j != i, such that nums1[i] - nums1[j] >= 1 Return true if it is possible to construct such an array, otherwise return false. Example 1: Input: nums1 = [1,4,7] Output: true Explanation:​​​​​​​​​​​​​​ Set nums2[0] = nums1[0] = 1. Set nums2[1] = nums1[1] - nums1[0] = 4 - 1 = 3. Se
1443	763	Partition Labels	You are given a string s. We want to partition the string into as many parts as possible so that each letter appears in at most one part. For example, the string "ababcc" can be partitioned into ["abab", "cc"], but partitions such as ["aba", "bcc"] or ["ab", "ab", "cc"] are invalid. Note that the partition is done so that after concatenating all the parts in order, the resultant string should be s. Return a list of integers representing the size of these parts. Example 1: Input: s = "ababcbacadefegdehijhklij" Output: [9,7,8] Explanation: The partition is "ababcbaca", "defegde", "hijhklij". Thi
1444	1465	Maximum Area of a Piece of Cake After Horizontal and Vertical Cuts	You are given a rectangular cake of size h x w and two arrays of integers horizontalCuts and verticalCuts where: horizontalCuts[i] is the distance from the top of the rectangular cake to the ith horizontal cut and similarly, and verticalCuts[j] is the distance from the left of the rectangular cake to the jth vertical cut. Return the maximum area of a piece of cake after you cut at each horizontal and vertical position provided in the arrays horizontalCuts and verticalCuts. Since the answer can be a large number, return this modulo 109 + 7. Example 1: Input: h = 5, w = 4, horizontalCuts = [1,2,
1444	2028	Find Missing Observations	You have observations of n + m 6-sided dice rolls with each face numbered from 1 to 6. n of the observations went missing, and you only have the observations of m rolls. Fortunately, you have also calculated the average value of the n + m rolls. You are given an integer array rolls of length m where rolls[i] is the value of the ith observation. You are also given the two integers mean and n. Return an array of length n containing the missing observations such that the average value of the n + m rolls is exactly mean. If there are multiple valid answers, return any of them. If no such array exi
1444	2526	Find Consecutive Integers from a Data Stream	For a stream of integers, implement a data structure that checks if the last k integers parsed in the stream are equal to value. Implement the DataStream class: DataStream(int value, int k) Initializes the object with an empty integer stream and the two integers value and k. boolean consec(int num) Adds num to the stream of integers. Returns true if the last k integers are equal to value, and false otherwise. If there are less than k integers, the condition does not hold true, so returns false. Example 1: Input ["DataStream", "consec", "consec", "consec", "consec"] [[4, 3], [4], [4], [4], [3]]
1444	3779	Minimum Number of Operations to Have Distinct Elements	You are given an integer array nums. In one operation, you remove the first three elements of the current array. If there are fewer than three elements remaining, all remaining elements are removed. Repeat this operation until the array is empty or contains no duplicate values. Return an integer denoting the number of operations required. Example 1: Input: nums = [3,8,3,6,5,8] Output: 1 Explanation: In the first operation, we remove the first three elements. The remaining elements [6, 5, 8] are all distinct, so we stop. Only one operation is needed. Example 2: Input: nums = [2,2] Output: 1 Exp
1444	942	DI String Match	A permutation perm of n + 1 integers of all the integers in the range [0, n] can be represented as a string s of length n where: s[i] == 'I' if perm[i] < perm[i + 1], and s[i] == 'D' if perm[i] > perm[i + 1]. Given a string s, reconstruct the permutation perm and return it. If there are multiple valid permutations perm, return any of them. Example 1: Input: s = "IDID" Output: [0,4,1,3,2] Example 2: Input: s = "III" Output: [0,1,2,3] Example 3: Input: s = "DDI" Output: [3,2,0,1] Constraints: 1 <= s.length <= 105 s[i] is either 'I' or 'D'.
1445	1946	Largest Number After Mutating Substring	You are given a string num, which represents a large integer. You are also given a 0-indexed integer array change of length 10 that maps each digit 0-9 to another digit. More formally, digit d maps to digit change[d]. You may choose to mutate a single substring of num. To mutate a substring, replace each digit num[i] with the digit it maps to in change (i.e. replace num[i] with change[num[i]]). Return a string representing the largest possible integer after mutating (or choosing not to) a single substring of num. A substring is a contiguous sequence of characters within the string. Example 1: 
1445	2295	Replace Elements in an Array	You are given a 0-indexed array nums that consists of n distinct positive integers. Apply m operations to this array, where in the ith operation you replace the number operations[i][0] with operations[i][1]. It is guaranteed that in the ith operation: operations[i][0] exists in nums. operations[i][1] does not exist in nums. Return the array obtained after applying all the operations. Example 1: Input: nums = [1,2,4,6], operations = [[1,3],[4,7],[6,1]] Output: [3,2,7,1] Explanation: We perform the following operations on nums: - Replace the number 1 with 3. nums becomes [3,2,4,6]. - Replace the
1445	3223	Minimum Length of String After Operations	You are given a string s. You can perform the following process on s any number of times: Choose an index i in the string such that there is at least one character to the left of index i that is equal to s[i], and at least one character to the right that is also equal to s[i]. Delete the closest occurrence of s[i] located to the left of i. Delete the closest occurrence of s[i] located to the right of i. Return the minimum length of the final string s that you can achieve. Example 1: Input: s = "abaacbcbb" Output: 5 Explanation: We do the following operations: Choose index 2, then remove the ch
1446	1026	Maximum Difference Between Node and Ancestor	Given the root of a binary tree, find the maximum value v for which there exist different nodes a and b where v = |a.val - b.val| and a is an ancestor of b. A node a is an ancestor of b if either: any child of a is equal to b or any child of a is an ancestor of b. Example 1: Input: root = [8,3,10,1,6,null,14,null,null,4,7,13] Output: 7 Explanation: We have various ancestor-node differences, some of which are given below : |8 - 3| = 5 |3 - 7| = 4 |8 - 1| = 7 |10 - 13| = 3 Among all possible differences, the maximum value of 7 is obtained by |8 - 1| = 7. Example 2: Input: root = [1,null,2,null,0
1447	2099	Find Subsequence of Length K With the Largest Sum	You are given an integer array nums and an integer k. You want to find a subsequence of nums of length k that has the largest sum. Return any such subsequence as an integer array of length k. A subsequence is an array that can be derived from another array by deleting some or no elements without changing the order of the remaining elements. Example 1: Input: nums = [2,1,3,3], k = 2 Output: [3,3] Explanation: The subsequence has the largest sum of 3 + 3 = 6. Example 2: Input: nums = [-1,-2,3,4], k = 3 Output: [-1,3,4] Explanation: The subsequence has the largest sum of -1 + 3 + 4 = 6. Example 3
1448	2596	Check Knight Tour Configuration	There is a knight on an n x n chessboard. In a valid configuration, the knight starts at the top-left cell of the board and visits every cell on the board exactly once. You are given an n x n integer matrix grid consisting of distinct integers from the range [0, n * n - 1] where grid[row][col] indicates that the cell (row, col) is the grid[row][col]th cell that the knight visited. The moves are 0-indexed. Return true if grid represents a valid configuration of the knight's movements or false otherwise. Note that a valid knight move consists of moving two squares vertically and one square horiz
1448	3301	Maximize the Total Height of Unique Towers	You are given an array maximumHeight, where maximumHeight[i] denotes the maximum height the ith tower can be assigned. Your task is to assign a height to each tower so that: The height of the ith tower is a positive integer and does not exceed maximumHeight[i]. No two towers have the same height. Return the maximum possible total sum of the tower heights. If it's not possible to assign heights, return -1. Example 1: Input: maximumHeight = [2,3,4,3] Output: 10 Explanation: We can assign heights in the following way: [1, 2, 4, 3]. Example 2: Input: maximumHeight = [15,10] Output: 25 Explanation:
1448	945	Minimum Increment to Make Array Unique	You are given an integer array nums. In one move, you can pick an index i where 0 <= i < nums.length and increment nums[i] by 1. Return the minimum number of moves to make every value in nums unique. The test cases are generated so that the answer fits in a 32-bit integer. Example 1: Input: nums = [1,2,2] Output: 1 Explanation: After 1 move, the array could be [1, 2, 3]. Example 2: Input: nums = [3,2,1,2,1,7] Output: 6 Explanation: After 6 moves, the array could be [3, 4, 1, 2, 5, 7]. It can be shown that it is impossible for the array to have all unique values with 5 or less moves. Constraint
1449	3741	Minimum Distance Between Three Equal Elements II	You are given an integer array nums. A tuple (i, j, k) of 3 distinct indices is good if nums[i] == nums[j] == nums[k]. The distance of a good tuple is abs(i - j) + abs(j - k) + abs(k - i), where abs(x) denotes the absolute value of x. Return an integer denoting the minimum possible distance of a good tuple. If no good tuples exist, return -1. Example 1: Input: nums = [1,2,1,1,3] Output: 6 Explanation: The minimum distance is achieved by the good tuple (0, 2, 3). (0, 2, 3) is a good tuple because nums[0] == nums[2] == nums[3] == 1. Its distance is abs(0 - 2) + abs(2 - 3) + abs(3 - 0) = 2 + 1 + 
1450	2511	Maximum Enemy Forts That Can Be Captured	You are given a 0-indexed integer array forts of length n representing the positions of several forts. forts[i] can be -1, 0, or 1 where: -1 represents there is no fort at the ith position. 0 indicates there is an enemy fort at the ith position. 1 indicates the fort at the ith the position is under your command. Now you have decided to move your army from one of your forts at position i to an empty position j such that: 0 <= i, j <= n - 1 The army travels over enemy forts only. Formally, for all k where min(i,j) < k < max(i,j), forts[k] == 0. While moving the army, all the enemy forts that com
1450	2947	Count Beautiful Substrings I	You are given a string s and a positive integer k. Let vowels and consonants be the number of vowels and consonants in a string. A string is beautiful if: vowels == consonants. (vowels * consonants) % k == 0, in other terms the multiplication of vowels and consonants is divisible by k. Return the number of non-empty beautiful substrings in the given string s. A substring is a contiguous sequence of characters in a string. Vowel letters in English are 'a', 'e', 'i', 'o', and 'u'. Consonant letters in English are every letter except vowels. Example 1: Input: s = "baeyh", k = 2 Output: 2 Explanat
1450	2961	Double Modular Exponentiation	You are given a 0-indexed 2D array variables where variables[i] = [ai, bi, ci, mi], and an integer target. An index i is good if the following formula holds: 0 <= i < variables.length ((aibi % 10)ci) % mi == target Return an array consisting of good indices in any order. Example 1: Input: variables = [[2,3,3,10],[3,3,3,1],[6,1,1,4]], target = 2 Output: [0,2] Explanation: For each index i in the variables array: 1) For the index 0, variables[0] = [2,3,3,10], (23 % 10)3 % 10 = 2. 2) For the index 1, variables[1] = [3,3,3,1], (33 % 10)3 % 1 = 0. 3) For the index 2, variables[2] = [6,1,1,4], (61 %
1450	831	Masking Personal Information	You are given a personal information string s, representing either an email address or a phone number. Return the masked personal information using the below rules. Email address: An email address is: A name consisting of uppercase and lowercase English letters, followed by The '@' symbol, followed by The domain consisting of uppercase and lowercase English letters with a dot '.' somewhere in the middle (not the first or last character). To mask an email: The uppercase letters in the name and domain must be converted to lowercase letters. The middle letters of the name (i.e., all but the first
1451	3200	Maximum Height of a Triangle	You are given two integers red and blue representing the count of red and blue colored balls. You have to arrange these balls to form a triangle such that the 1st row will have 1 ball, the 2nd row will have 2 balls, the 3rd row will have 3 balls, and so on. All the balls in a particular row should be the same color, and adjacent rows should have different colors. Return the maximum height of the triangle that can be achieved. Example 1: Input: red = 2, blue = 4 Output: 3 Explanation: The only possible arrangement is shown above. Example 2: Input: red = 2, blue = 1 Output: 2 Explanation: The on
1451	3227	Vowels Game in a String	Alice and Bob are playing a game on a string. You are given a string s, Alice and Bob will take turns playing the following game where Alice starts first: On Alice's turn, she has to remove any non-empty substring from s that contains an odd number of vowels. On Bob's turn, he has to remove any non-empty substring from s that contains an even number of vowels. The first player who cannot make a move on their turn loses the game. We assume that both Alice and Bob play optimally. Return true if Alice wins the game, and false otherwise. The English vowels are: a, e, i, o, and u. Example 1: Input:
1453	1472	Design Browser History	You have a browser of one tab where you start on the homepage and you can visit another url, get back in the history number of steps or move forward in the history number of steps. Implement the BrowserHistory class: BrowserHistory(string homepage) Initializes the object with the homepage of the browser. void visit(string url) Visits url from the current page. It clears up all the forward history. string back(int steps) Move steps back in history. If you can only return x steps in the history and steps > x, you will return only x steps. Return the current url after moving back in history at mo
1453	3634	Minimum Removals to Balance Array	You are given an integer array nums and an integer k. An array is considered balanced if the value of its maximum element is at most k times the minimum element. You may remove any number of elements from nums​​​​​​​ without making it empty. Return the minimum number of elements to remove so that the remaining array is balanced. Note: An array of size 1 is considered balanced as its maximum and minimum are equal, and the condition always holds true. Example 1: Input: nums = [2,1,5], k = 2 Output: 1 Explanation: Remove nums[2] = 5 to get nums = [2, 1]. Now max = 2, min = 1 and max <= min * k as
1453	781	Rabbits in Forest	There is a forest with an unknown number of rabbits. We asked n rabbits "How many other rabbits have the same color as you?" and collected the answers in an integer array answers where answers[i] is the answer of the ith rabbit. Given the array answers, return the minimum number of rabbits that could be in the forest. Example 1: Input: answers = [1,1,2] Output: 5 Explanation: The two rabbits that answered "1" could both be the same color, say red. The rabbit that answered "2" can't be red or the answers would be inconsistent. Say the rabbit that answered "2" was blue. Then there should be 2 ot
1454	1846	Maximum Element After Decreasing and Rearranging	You are given an array of positive integers arr. Perform some operations (possibly none) on arr so that it satisfies these conditions: The value of the first element in arr must be 1. The absolute difference between any 2 adjacent elements must be less than or equal to 1. In other words, abs(arr[i] - arr[i - 1]) <= 1 for each i where 1 <= i < arr.length (0-indexed). abs(x) is the absolute value of x. There are 2 types of operations that you can perform any number of times: Decrease the value of any element of arr to a smaller positive integer. Rearrange the elements of arr to be in any order. 
1454	2094	Finding 3-Digit Even Numbers	You are given an integer array digits, where each element is a digit. The array may contain duplicates. You need to find all the unique integers that follow the given requirements: The integer consists of the concatenation of three elements from digits in any arbitrary order. The integer does not have leading zeros. The integer is even. For example, if the given digits were [1, 2, 3], integers 132 and 312 follow the requirements. Return a sorted array of the unique integers. Example 1: Input: digits = [2,1,3,0] Output: [102,120,130,132,210,230,302,310,312,320] Explanation: All the possible int
1454	2487	Remove Nodes From Linked List	You are given the head of a linked list. Remove every node which has a node with a greater value anywhere to the right side of it. Return the head of the modified linked list. Example 1: Input: head = [5,2,13,3,8] Output: [13,8] Explanation: The nodes that should be removed are 5, 2 and 3. - Node 13 is to the right of node 5. - Node 13 is to the right of node 2. - Node 8 is to the right of node 3. Example 2: Input: head = [1,1,1,1] Output: [1,1,1,1] Explanation: Every node has value 1, so no nodes are removed. Constraints: The number of the nodes in the given list is in the range [1, 105]. 1 <
1454	3325	Count Substrings With K-Frequency Characters I	Given a string s and an integer k, return the total number of substrings of s where at least one character appears at least k times. Example 1: Input: s = "abacb", k = 2 Output: 4 Explanation: The valid substrings are: "aba" (character 'a' appears 2 times). "abac" (character 'a' appears 2 times). "abacb" (character 'a' appears 2 times). "bacb" (character 'b' appears 2 times). Example 2: Input: s = "abcde", k = 1 Output: 15 Explanation: All substrings are valid because every character appears at least once. Constraints: 1 <= s.length <= 3000 1 <= k <= s.length s consists only of lowercase Engli
1454	3727	Maximum Alternating Sum of Squares	You are given an integer array nums. You may rearrange the elements in any order. The alternating score of an array arr is defined as: score = arr[0]2 - arr[1]2 + arr[2]2 - arr[3]2 + ... Return an integer denoting the maximum possible alternating score of nums after rearranging its elements. Example 1: Input: nums = [1,2,3] Output: 12 Explanation: A possible rearrangement for nums is [2,1,3], which gives the maximum alternating score among all possible rearrangements. The alternating score is calculated as: score = 22 - 12 + 32 = 4 - 1 + 9 = 12 Example 2: Input: nums = [1,-1,2,-2,3,-3] Output:
1455	2391	Minimum Amount of Time to Collect Garbage	You are given a 0-indexed array of strings garbage where garbage[i] represents the assortment of garbage at the ith house. garbage[i] consists only of the characters 'M', 'P' and 'G' representing one unit of metal, paper and glass garbage respectively. Picking up one unit of any type of garbage takes 1 minute. You are also given a 0-indexed integer array travel where travel[i] is the number of minutes needed to go from house i to house i + 1. There are three garbage trucks in the city, each responsible for picking up one type of garbage. Each garbage truck starts at house 0 and must visit each
1457	3318	Find X-Sum of All K-Long Subarrays I	You are given an array nums of n integers and two integers k and x. The x-sum of an array is calculated by the following procedure: Count the occurrences of all elements in the array. Keep only the occurrences of the top x most frequent elements. If two elements have the same number of occurrences, the element with the bigger value is considered more frequent. Calculate the sum of the resulting array. Note that if an array has less than x distinct elements, its x-sum is the sum of the array. Return an integer array answer of length n - k + 1 where answer[i] is the x-sum of the subarray nums[i.
1458	2062	Count Vowel Substrings of a String	A substring is a contiguous (non-empty) sequence of characters within a string. A vowel substring is a substring that only consists of vowels ('a', 'e', 'i', 'o', and 'u') and has all five vowels present in it. Given a string word, return the number of vowel substrings in word. Example 1: Input: word = "aeiouu" Output: 2 Explanation: The vowel substrings of word are as follows (underlined): - "aeiouu" - "aeiouu" Example 2: Input: word = "unicornarihan" Output: 0 Explanation: Not all 5 vowels are present, so there are no vowel substrings. Example 3: Input: word = "cuaieuouac" Output: 7 Explanat
1459	1310	XOR Queries of a Subarray	You are given an array arr of positive integers. You are also given the array queries where queries[i] = [lefti, righti]. For each query i compute the XOR of elements from lefti to righti (that is, arr[lefti] XOR arr[lefti + 1] XOR ... XOR arr[righti] ). Return an array answer where answer[i] is the answer to the ith query. Example 1: Input: arr = [1,3,4,8], queries = [[0,1],[1,2],[0,3],[3,3]] Output: [2,7,14,8] Explanation: The binary representation of the elements in the array are: 1 = 0001 3 = 0011 4 = 0100 8 = 1000 The XOR values for queries are: [0,1] = 1 xor 3 = 2 [1,2] = 3 xor 4 = 7 [0,
1459	2452	Words Within Two Edits of Dictionary	You are given two string arrays, queries and dictionary. All words in each array comprise of lowercase English letters and have the same length. In one edit you can take a word from queries, and change any letter in it to any other letter. Find all words from queries that, after a maximum of two edits, equal some word from dictionary. Return a list of all words from queries, that match with some word from dictionary after a maximum of two edits. Return the words in the same order they appear in queries. Example 1: Input: queries = ["word","note","ants","wood"], dictionary = ["wood","joke","moa
1459	3566	Partition Array into Two Equal Product Subsets	You are given an integer array nums containing distinct positive integers and an integer target. Determine if you can partition nums into two non-empty disjoint subsets, with each element belonging to exactly one subset, such that the product of the elements in each subset is equal to target. Return true if such a partition exists and false otherwise. A subset of an array is a selection of elements of the array. Example 1: Input: nums = [3,1,6,8,4], target = 24 Output: true Explanation: The subsets [3, 8] and [1, 6, 4] each have a product of 24. Hence, the output is true. Example 2: Input: num
1460	1663	Smallest String With A Given Numeric Value	The numeric value of a lowercase character is defined as its position (1-indexed) in the alphabet, so the numeric value of a is 1, the numeric value of b is 2, the numeric value of c is 3, and so on. The numeric value of a string consisting of lowercase characters is defined as the sum of its characters' numeric values. For example, the numeric value of the string "abe" is equal to 1 + 2 + 5 = 8. You are given two integers n and k. Return the lexicographically smallest string with length equal to n and numeric value equal to k. Note that a string x is lexicographically smaller than string y if
1460	1910	Remove All Occurrences of a Substring	Given two strings s and part, perform the following operation on s until all occurrences of the substring part are removed: Find the leftmost occurrence of the substring part and remove it from s. Return s after removing all occurrences of part. A substring is a contiguous sequence of characters in a string. Example 1: Input: s = "daabcbaabcbc", part = "abc" Output: "dab" Explanation: The following operations are done: - s = "daabcbaabcbc", remove "abc" starting at index 2, so s = "dabaabcbc". - s = "dabaabcbc", remove "abc" starting at index 4, so s = "dababc". - s = "dababc", remove "abc" st
1460	3147	Taking Maximum Energy From the Mystic Dungeon	In a mystic dungeon, n magicians are standing in a line. Each magician has an attribute that gives you energy. Some magicians can give you negative energy, which means taking energy from you. You have been cursed in such a way that after absorbing energy from magician i, you will be instantly transported to magician (i + k). This process will be repeated until you reach the magician where (i + k) does not exist. In other words, you will choose a starting point and then teleport with k jumps until you reach the end of the magicians' sequence, absorbing all the energy during the journey. You are
1460	833	Find And Replace in String	You are given a 0-indexed string s that you must perform k replacement operations on. The replacement operations are given as three 0-indexed parallel arrays, indices, sources, and targets, all of length k. To complete the ith replacement operation: Check if the substring sources[i] occurs at index indices[i] in the original string s. If it does not occur, do nothing. Otherwise if it does occur, replace that substring with targets[i]. For example, if s = "abcd", indices[i] = 0, sources[i] = "ab", and targets[i] = "eee", then the result of this replacement will be "eeecd". All replacement opera
1461	1909	Remove One Element to Make the Array Strictly Increasing	Given a 0-indexed integer array nums, return true if it can be made strictly increasing after removing exactly one element, or false otherwise. If the array is already strictly increasing, return true. The array nums is strictly increasing if nums[i - 1] < nums[i] for each index (1 <= i < nums.length). Example 1: Input: nums = [1,2,10,5,7] Output: true Explanation: By removing 10 at index 2 from nums, it becomes [1,2,5,7]. [1,2,5,7] is strictly increasing, so return true. Example 2: Input: nums = [2,3,1,2] Output: false Explanation: [3,1,2] is the result of removing the element at index 0. [2,
1461	3619	Count Islands With Total Value Divisible by K	You are given an m x n matrix grid and a positive integer k. An island is a group of positive integers (representing land) that are 4-directionally connected (horizontally or vertically). The total value of an island is the sum of the values of all cells in the island. Return the number of islands with a total value divisible by k. Example 1: Input: grid = [[0,2,1,0,0],[0,5,0,0,5],[0,0,1,0,0],[0,1,4,7,0],[0,2,0,0,8]], k = 5 Output: 2 Explanation: The grid contains four islands. The islands highlighted in blue have a total value that is divisible by 5, while the islands highlighted in red do no
1461	946	Validate Stack Sequences	Given two integer arrays pushed and popped each with distinct values, return true if this could have been the result of a sequence of push and pop operations on an initially empty stack, or false otherwise. Example 1: Input: pushed = [1,2,3,4,5], popped = [4,5,3,2,1] Output: true Explanation: We might do the following sequence: push(1), push(2), push(3), push(4), pop() -> 4, push(5), pop() -> 5, pop() -> 3, pop() -> 2, pop() -> 1 Example 2: Input: pushed = [1,2,3,4,5], popped = [4,3,5,1,2] Output: false Explanation: 1 cannot be popped before 2. Constraints: 1 <= pushed.length <= 1000 0 <= push
1462	1022	Sum of Root To Leaf Binary Numbers	You are given the root of a binary tree where each node has a value 0 or 1. Each root-to-leaf path represents a binary number starting with the most significant bit. For example, if the path is 0 -> 1 -> 1 -> 0 -> 1, then this could represent 01101 in binary, which is 13. For all leaves in the tree, consider the numbers represented by the path from the root to that leaf. Return the sum of these numbers. The test cases are generated so that the answer fits in a 32-bits integer. Example 1: Input: root = [1,0,1,0,1,0,1] Output: 22 Explanation: (100) + (101) + (110) + (111) = 4 + 5 + 6 + 7 = 22 Ex
1463	3638	Maximum Balanced Shipments	You are given an integer array weight of length n, representing the weights of n parcels arranged in a straight line. A shipment is defined as a contiguous subarray of parcels. A shipment is considered balanced if the weight of the last parcel is strictly less than the maximum weight among all parcels in that shipment. Select a set of non-overlapping, contiguous, balanced shipments such that each parcel appears in at most one shipment (parcels may remain unshipped). Return the maximum possible number of balanced shipments that can be formed. Example 1: Input: weight = [2,5,1,4,3] Output: 2 Exp
1464	1361	Validate Binary Tree Nodes	You have n binary tree nodes numbered from 0 to n - 1 where node i has two children leftChild[i] and rightChild[i], return true if and only if all the given nodes form exactly one valid binary tree. If node i has no left child then leftChild[i] will equal -1, similarly for the right child. Note that the nodes have no values and that we only use the node numbers in this problem. Example 1: Input: n = 4, leftChild = [1,-1,3,-1], rightChild = [2,-1,-1,-1] Output: true Example 2: Input: n = 4, leftChild = [1,-1,3,-1], rightChild = [2,3,-1,-1] Output: false Example 3: Input: n = 2, leftChild = [1,0
1464	1396	Design Underground System	An underground railway system is keeping track of customer travel times between different stations. They are using this data to calculate the average time it takes to travel from one station to another. Implement the UndergroundSystem class: void checkIn(int id, string stationName, int t) A customer with a card ID equal to id, checks in at the station stationName at time t. A customer can only be checked into one place at a time. void checkOut(int id, string stationName, int t) A customer with a card ID equal to id, checks out from the station stationName at time t. double getAverageTime(strin
1465	1414	Find the Minimum Number of Fibonacci Numbers Whose Sum Is K	Given an integer k, return the minimum number of Fibonacci numbers whose sum is equal to k. The same Fibonacci number can be used multiple times. The Fibonacci numbers are defined as: F1 = 1 F2 = 1 Fn = Fn-1 + Fn-2 for n > 2. It is guaranteed that for the given constraints we can always find such Fibonacci numbers that sum up to k. Example 1: Input: k = 7 Output: 2 Explanation: The Fibonacci numbers are: 1, 1, 2, 3, 5, 8, 13, ... For k = 7 we can use 2 + 5 = 7. Example 2: Input: k = 10 Output: 2 Explanation: For k = 10 we can use 2 + 8 = 10. Example 3: Input: k = 19 Output: 3 Explanation: For 
1467	2012	Sum of Beauty in the Array	You are given a 0-indexed integer array nums. For each index i (1 <= i <= nums.length - 2) the beauty of nums[i] equals: 2, if nums[j] < nums[i] < nums[k], for all 0 <= j < i and for all i < k <= nums.length - 1. 1, if nums[i - 1] < nums[i] < nums[i + 1], and the previous condition is not satisfied. 0, if none of the previous conditions holds. Return the sum of beauty of all nums[i] where 1 <= i <= nums.length - 2. Example 1: Input: nums = [1,2,3] Output: 2 Explanation: For each index i in the range 1 <= i <= 1: - The beauty of nums[1] equals 2. Example 2: Input: nums = [2,4,6,4] Output: 1 Exp
1467	2038	Remove Colored Pieces if Both Neighbors are the Same Color	There are n pieces arranged in a line, and each piece is colored either by 'A' or by 'B'. You are given a string colors of length n where colors[i] is the color of the ith piece. Alice and Bob are playing a game where they take alternating turns removing pieces from the line. In this game, Alice moves first. Alice is only allowed to remove a piece colored 'A' if both its neighbors are also colored 'A'. She is not allowed to remove pieces that are colored 'B'. Bob is only allowed to remove a piece colored 'B' if both its neighbors are also colored 'B'. He is not allowed to remove pieces that ar
1467	3719	Longest Balanced Subarray I	You are given an integer array nums. A subarray is called balanced if the number of distinct even numbers in the subarray is equal to the number of distinct odd numbers. Return the length of the longest balanced subarray. Example 1: Input: nums = [2,5,4,3] Output: 4 Explanation: The longest balanced subarray is [2, 5, 4, 3]. It has 2 distinct even numbers [2, 4] and 2 distinct odd numbers [5, 3]. Thus, the answer is 4. Example 2: Input: nums = [3,2,2,5,4] Output: 5 Explanation: The longest balanced subarray is [3, 2, 2, 5, 4]. It has 2 distinct even numbers [2, 4] and 2 distinct odd numbers [3
1468	2900	Longest Unequal Adjacent Groups Subsequence I	You are given a string array words and a binary array groups both of length n. A subsequence of words is alternating if for any two consecutive strings in the sequence, their corresponding elements at the same indices in groups are different (that is, there cannot be consecutive 0 or 1). Your task is to select the longest alternating subsequence from words. Return the selected subsequence. If there are multiple answers, return any of them. Note: The elements in words are distinct. Example 1: Input: words = ["e","a","b"], groups = [0,0,1] Output: ["e","b"] Explanation: A subsequence that can be
1471	1093	Statistics from a Large Sample	You are given a large sample of integers in the range [0, 255]. Since the sample is so large, it is represented by an array count where count[k] is the number of times that k appears in the sample. Calculate the following statistics: minimum: The minimum element in the sample. maximum: The maximum element in the sample. mean: The average of the sample, calculated as the total sum of all elements divided by the total number of elements. median: If the sample has an odd number of elements, then the median is the middle element once the sample is sorted. If the sample has an even number of elemen
1471	2047	Number of Valid Words in a Sentence	A sentence consists of lowercase letters ('a' to 'z'), digits ('0' to '9'), hyphens ('-'), punctuation marks ('!', '.', and ','), and spaces (' ') only. Each sentence can be broken down into one or more tokens separated by one or more spaces ' '. A token is a valid word if all three of the following are true: It only contains lowercase letters, hyphens, and/or punctuation (no digits). There is at most one hyphen '-'. If present, it must be surrounded by lowercase characters ("a-b" is valid, but "-ab" and "ab-" are not valid). There is at most one punctuation mark. If present, it must be at the
1471	3853	Merge Close Characters	You are given a string s consisting of lowercase English letters and an integer k. Two equal characters in the current string s are considered close if the distance between their indices is at most k. When two characters are close, the right one merges into the left. Merges happen one at a time, and after each merge, the string updates until no more merges are possible. Return the resulting string after performing all possible merges. Note: If multiple merges are possible, always merge the pair with the smallest left index. If multiple pairs share the smallest left index, choose the pair with 
1472	2265	Count Nodes Equal to Average of Subtree	Given the root of a binary tree, return the number of nodes where the value of the node is equal to the average of the values in its subtree. Note: The average of n elements is the sum of the n elements divided by n and rounded down to the nearest integer. A subtree of root is a tree consisting of root and all of its descendants. Example 1: Input: root = [4,8,5,0,1,null,6] Output: 5 Explanation: For the node with value 4: The average of its subtree is (4 + 8 + 5 + 0 + 1 + 6) / 6 = 24 / 6 = 4. For the node with value 5: The average of its subtree is (5 + 6) / 2 = 11 / 2 = 5. For the node with v
1472	3407	Substring Matching Pattern	You are given a string s and a pattern string p, where p contains exactly one '*' character. The '*' in p can be replaced with any sequence of zero or more characters. Return true if p can be made a substring of s, and false otherwise. Example 1: Input: s = "leetcode", p = "ee*e" Output: true Explanation: By replacing the '*' with "tcod", the substring "eetcode" matches the pattern. Example 2: Input: s = "car", p = "c*v" Output: false Explanation: There is no substring matching the pattern. Example 3: Input: s = "luck", p = "u*" Output: true Explanation: The substrings "u", "uc", and "uck" mat
1473	1328	Break a Palindrome	Given a palindromic string of lowercase English letters palindrome, replace exactly one character with any lowercase English letter so that the resulting string is not a palindrome and that it is the lexicographically smallest one possible. Return the resulting string. If there is no way to replace a character to make it not a palindrome, return an empty string. A string a is lexicographically smaller than a string b (of the same length) if in the first position where a and b differ, a has a character strictly smaller than the corresponding character in b. For example, "abcc" is lexicographica
1473	1352	Product of the Last K Numbers	Design an algorithm that accepts a stream of integers and retrieves the product of the last k integers of the stream. Implement the ProductOfNumbers class: ProductOfNumbers() Initializes the object with an empty stream. void add(int num) Appends the integer num to the stream. int getProduct(int k) Returns the product of the last k numbers in the current list. You can assume that always the current list has at least k numbers. The test cases are generated so that, at any time, the product of any contiguous sequence of numbers will fit into a single 32-bit integer without overflowing. Example: I
1473	897	Increasing Order Search Tree	Given the root of a binary search tree, rearrange the tree in in-order so that the leftmost node in the tree is now the root of the tree, and every node has no left child and only one right child. Example 1: Input: root = [5,3,6,2,4,null,8,1,null,null,null,7,9] Output: [1,null,2,null,3,null,4,null,5,null,6,null,7,null,8,null,9] Example 2: Input: root = [5,1,7] Output: [1,null,5,null,7] Constraints: The number of nodes in the given tree will be in the range [1, 100]. 0 <= Node.val <= 1000
1474	984	String Without AAA or BBB	Given two integers a and b, return any string s such that: s has length a + b and contains exactly a 'a' letters, and exactly b 'b' letters, The substring 'aaa' does not occur in s, and The substring 'bbb' does not occur in s. Example 1: Input: a = 1, b = 2 Output: "abb" Explanation: "abb", "bab" and "bba" are all correct answers. Example 2: Input: a = 4, b = 1 Output: "aabaa" Constraints: 0 <= a, b <= 100 It is guaranteed such an s exists for the given a and b.
1476	2300	Successful Pairs of Spells and Potions	You are given two positive integer arrays spells and potions, of length n and m respectively, where spells[i] represents the strength of the ith spell and potions[j] represents the strength of the jth potion. You are also given an integer success. A spell and potion pair is considered successful if the product of their strengths is at least success. Return an integer array pairs of length n where pairs[i] is the number of potions that will form a successful pair with the ith spell. Example 1: Input: spells = [5,1,3], potions = [1,2,3,4,5], success = 7 Output: [4,0,3] Explanation: - 0th spell: 
1476	2368	Reachable Nodes With Restrictions	There is an undirected tree with n nodes labeled from 0 to n - 1 and n - 1 edges. You are given a 2D integer array edges of length n - 1 where edges[i] = [ai, bi] indicates that there is an edge between nodes ai and bi in the tree. You are also given an integer array restricted which represents restricted nodes. Return the maximum number of nodes you can reach from node 0 without visiting a restricted node. Note that node 0 will not be a restricted node. Example 1: Input: n = 7, edges = [[0,1],[1,2],[3,1],[4,0],[0,5],[5,6]], restricted = [4,5] Output: 4 Explanation: The diagram above shows the
1477	2645	Minimum Additions to Make Valid String	Given a string word to which you can insert letters "a", "b" or "c" anywhere and any number of times, return the minimum number of letters that must be inserted so that word becomes valid. A string is called valid if it can be formed by concatenating the string "abc" several times. Example 1: Input: word = "b" Output: 2 Explanation: Insert the letter "a" right before "b", and the letter "c" right next to "b" to obtain the valid string "abc". Example 2: Input: word = "aaa" Output: 6 Explanation: Insert letters "b" and "c" next to each "a" to obtain the valid string "abcabcabc". Example 3: Input
1477	951	Flip Equivalent Binary Trees	For a binary tree T, we can define a flip operation as follows: choose any node, and swap the left and right child subtrees. A binary tree X is flip equivalent to a binary tree Y if and only if we can make X equal to Y after some number of flip operations. Given the roots of two binary trees root1 and root2, return true if the two trees are flip equivalent or false otherwise. Example 1: Input: root1 = [1,2,3,4,5,6,null,null,null,7,8], root2 = [1,3,2,null,6,4,5,null,null,null,null,8,7] Output: true Explanation: We flipped at nodes with values 1, 3, and 5. Example 2: Input: root1 = [], root2 = [
1478	1390	Four Divisors	Given an integer array nums, return the sum of divisors of the integers in that array that have exactly four divisors. If there is no such integer in the array, return 0. Example 1: Input: nums = [21,4,7] Output: 32 Explanation: 21 has 4 divisors: 1, 3, 7, 21 4 has 3 divisors: 1, 2, 4 7 has 2 divisors: 1, 7 The answer is the sum of divisors of 21 only. Example 2: Input: nums = [21,21] Output: 64 Example 3: Input: nums = [1,2,3,4,5] Output: 0 Constraints: 1 <= nums.length <= 104 1 <= nums[i] <= 105
1478	2909	Minimum Sum of Mountain Triplets II	You are given a 0-indexed array nums of integers. A triplet of indices (i, j, k) is a mountain if: i < j < k nums[i] < nums[j] and nums[k] < nums[j] Return the minimum possible sum of a mountain triplet of nums. If no such triplet exists, return -1. Example 1: Input: nums = [8,6,1,5,3] Output: 9 Explanation: Triplet (2, 3, 4) is a mountain triplet of sum 9 since: - 2 < 3 < 4 - nums[2] < nums[3] and nums[4] < nums[3] And the sum of this triplet is nums[2] + nums[3] + nums[4] = 9. It can be shown that there are no mountain triplets with a sum of less than 9. Example 2: Input: nums = [5,4,8,7,10,
1479	1166	Design File System	
1479	1545	Find Kth Bit in Nth Binary String	Given two positive integers n and k, the binary string Sn is formed as follows: S1 = "0" Si = Si - 1 + "1" + reverse(invert(Si - 1)) for i > 1 Where + denotes the concatenation operation, reverse(x) returns the reversed string x, and invert(x) inverts all the bits in x (0 changes to 1 and 1 changes to 0). For example, the first four strings in the above sequence are: S1 = "0" S2 = "011" S3 = "0111001" S4 = "011100110110001" Return the kth bit in Sn. It is guaranteed that k is valid for the given n. Example 1: Input: n = 3, k = 1 Output: "0" Explanation: S3 is "0111001". The 1st bit is "0". Exa
1479	2501	Longest Square Streak in an Array	You are given an integer array nums. A subsequence of nums is called a square streak if: The length of the subsequence is at least 2, and after sorting the subsequence, each element (except the first element) is the square of the previous number. Return the length of the longest square streak in nums, or return -1 if there is no square streak. A subsequence is an array that can be derived from another array by deleting some or no elements without changing the order of the remaining elements. Example 1: Input: nums = [4,3,6,16,8,2] Output: 3 Explanation: Choose the subsequence [4,16,2]. After s
1479	2914	Minimum Number of Changes to Make Binary String Beautiful	You are given a 0-indexed binary string s having an even length. A string is beautiful if it's possible to partition it into one or more substrings such that: Each substring has an even length. Each substring contains only 1's or only 0's. You can change any character in s to 0 or 1. Return the minimum number of changes required to make the string s beautiful. Example 1: Input: s = "1001" Output: 2 Explanation: We change s[1] to 1 and s[3] to 0 to get string "1100". It can be seen that the string "1100" is beautiful because we can partition it into "11|00". It can be proven that 2 is the minim
1480	1087	Brace Expansion	
1480	3006	Find Beautiful Indices in the Given Array I	You are given a 0-indexed string s, a string a, a string b, and an integer k. An index i is beautiful if: 0 <= i <= s.length - a.length s[i..(i + a.length - 1)] == a There exists an index j such that: 0 <= j <= s.length - b.length s[j..(j + b.length - 1)] == b |j - i| <= k Return the array that contains beautiful indices in sorted order from smallest to largest. Example 1: Input: s = "isawsquirrelnearmysquirrelhouseohmy", a = "my", b = "squirrel", k = 15 Output: [16,33] Explanation: There are 2 beautiful indices: [16,33]. - The index 16 is beautiful as s[16..17] == "my" and there exists an ind
1481	1167	Minimum Cost to Connect Sticks	
1481	1807	Evaluate the Bracket Pairs of a String	You are given a string s that contains some bracket pairs, with each pair containing a non-empty key. For example, in the string "(name)is(age)yearsold", there are two bracket pairs that contain the keys "name" and "age". You know the values of a wide range of keys. This is represented by a 2D string array knowledge where each knowledge[i] = [keyi, valuei] indicates that key keyi has a value of valuei. You are tasked to evaluate all of the bracket pairs. When you evaluate a bracket pair that contains some key keyi, you will: Replace keyi and the bracket pair with the key's corresponding valuei
1481	2380	Time Needed to Rearrange a Binary String	You are given a binary string s. In one second, all occurrences of "01" are simultaneously replaced with "10". This process repeats until no occurrences of "01" exist. Return the number of seconds needed to complete this process. Example 1: Input: s = "0110101" Output: 4 Explanation: After one second, s becomes "1011010". After another second, s becomes "1101100". After the third second, s becomes "1110100". After the fourth second, s becomes "1111000". No occurrence of "01" exists any longer, and the process needed 4 seconds to complete, so we return 4. Example 2: Input: s = "11100" Output: 0
1483	1314	Matrix Block Sum	Given a m x n matrix mat and an integer k, return a matrix answer where each answer[i][j] is the sum of all elements mat[r][c] for: i - k <= r <= i + k, j - k <= c <= j + k, and (r, c) is a valid position in the matrix. Example 1: Input: mat = [[1,2,3],[4,5,6],[7,8,9]], k = 1 Output: [[12,21,16],[27,45,33],[24,39,28]] Example 2: Input: mat = [[1,2,3],[4,5,6],[7,8,9]], k = 2 Output: [[45,45,45],[45,45,45],[45,45,45]] Constraints: m == mat.length n == mat[i].length 1 <= m, n, k <= 100 1 <= mat[i][j] <= 100
1483	2904	Shortest and Lexicographically Smallest Beautiful String	You are given a binary string s and a positive integer k. A substring of s is beautiful if the number of 1's in it is exactly k. Let len be the length of the shortest beautiful substring. Return the lexicographically smallest beautiful substring of string s with length equal to len. If s doesn't contain a beautiful substring, return an empty string. A string a is lexicographically larger than a string b (of the same length) if in the first position where a and b differ, a has a character strictly larger than the corresponding character in b. For example, "abcd" is lexicographically larger than
1483	3169	Count Days Without Meetings	You are given a positive integer days representing the total number of days an employee is available for work (starting from day 1). You are also given a 2D array meetings of size n where, meetings[i] = [start_i, end_i] represents the starting and ending days of meeting i (inclusive). Return the count of days when the employee is available for work but no meetings are scheduled. Note: The meetings may overlap. Example 1: Input: days = 10, meetings = [[5,7],[1,3],[9,10]] Output: 2 Explanation: There is no meeting scheduled on the 4th and 8th days. Example 2: Input: days = 5, meetings = [[2,4],[
1483	3259	Maximum Energy Boost From Two Drinks	You are given two integer arrays energyDrinkA and energyDrinkB of the same length n by a futuristic sports scientist. These arrays represent the energy boosts per hour provided by two different energy drinks, A and B, respectively. You want to maximize your total energy boost by drinking one energy drink per hour. However, if you want to switch from consuming one energy drink to the other, you need to wait for one hour to cleanse your system (meaning you won't get any energy boost in that hour). Return the maximum total energy boost you can gain in the next n hours. Note that you can start con
1484	2789	Largest Element in an Array after Merge Operations	You are given a 0-indexed array nums consisting of positive integers. You can do the following operation on the array any number of times: Choose an index i such that 0 <= i < nums.length - 1 and nums[i] <= nums[i + 1]. Replace the element nums[i + 1] with nums[i] + nums[i + 1] and delete the element nums[i] from the array. Return the value of the largest element that you can possibly obtain in the final array. Example 1: Input: nums = [2,3,7,9,3] Output: 21 Explanation: We can apply the following operations on the array: - Choose i = 0. The resulting array will be nums = [5,7,9,3]. - Choose i
1485	1190	Reverse Substrings Between Each Pair of Parentheses	You are given a string s that consists of lower case English letters and brackets. Reverse the strings in each pair of matching parentheses, starting from the innermost one. Your result should not contain any brackets. Example 1: Input: s = "(abcd)" Output: "dcba" Example 2: Input: s = "(u(love)i)" Output: "iloveu" Explanation: The substring "love" is reversed first, then the whole string is reversed. Example 3: Input: s = "(ed(et(oc))el)" Output: "leetcode" Explanation: First, we reverse the substring "oc", then "etco", and finally, the whole string. Constraints: 1 <= s.length <= 2000 s only 
1485	1418	Display Table of Food Orders in a Restaurant	Given the array orders, which represents the orders that customers have done in a restaurant. More specifically orders[i]=[customerNamei,tableNumberi,foodItemi] where customerNamei is the name of the customer, tableNumberi is the table customer sit at, and foodItemi is the item customer orders. Return the restaurant's “display table”. The “display table” is a table whose row entries denote how many of each food item each table ordered. The first column is the table number and the remaining columns correspond to each food item in alphabetical order. The first row should be a header whose first 
1486	1566	Detect Pattern of Length M Repeated K or More Times	Given an array of positive integers arr, find a pattern of length m that is repeated k or more times. A pattern is a subarray (consecutive sub-sequence) that consists of one or more values, repeated multiple times consecutively without overlapping. A pattern is defined by its length and the number of repetitions. Return true if there exists a pattern of length m that is repeated k or more times, otherwise return false. Example 1: Input: arr = [1,2,4,4,4,4], m = 1, k = 3 Output: true Explanation: The pattern (4) of length 1 is repeated 4 consecutive times. Notice that pattern can be repeated k 
1486	1637	Widest Vertical Area Between Two Points Containing No Points	Given n points on a 2D plane where points[i] = [xi, yi], Return the widest vertical area between two points such that no points are inside the area. A vertical area is an area of fixed-width extending infinitely along the y-axis (i.e., infinite height). The widest vertical area is the one with the maximum width. Note that points on the edge of a vertical area are not considered included in the area. Example 1: ​ Input: points = [[8,7],[9,9],[7,4],[9,7]] Output: 1 Explanation: Both the red and the blue area are optimal. Example 2: Input: points = [[3,1],[9,0],[1,0],[1,4],[5,3],[8,8]] Output: 3 
1486	2840	Check if Strings Can be Made Equal With Operations II	You are given two strings s1 and s2, both of length n, consisting of lowercase English letters. You can apply the following operation on any of the two strings any number of times: Choose any two indices i and j such that i < j and the difference j - i is even, then swap the two characters at those indices in the string. Return true if you can make the strings s1 and s2 equal, and false otherwise. Example 1: Input: s1 = "abcdba", s2 = "cabdab" Output: true Explanation: We can apply the following operations on s1: - Choose the indices i = 0, j = 2. The resulting string is s1 = "cbadba". - Choos
1487	1753	Maximum Score From Removing Stones	You are playing a solitaire game with three piles of stones of sizes a​​​​​​, b,​​​​​​ and c​​​​​​ respectively. Each turn you choose two different non-empty piles, take one stone from each, and add 1 point to your score. The game stops when there are fewer than two non-empty piles (meaning there are no more available moves). Given three integers a​​​​​, b,​​​​​ and c​​​​​, return the maximum score you can get. Example 1: Input: a = 2, b = 4, c = 6 Output: 6 Explanation: The starting state is (2, 4, 6). One optimal set of moves is: - Take from 1st and 3rd piles, state is now (1, 4, 5) - Take f
1488	3175	Find The First Player to win K Games in a Row	A competition consists of n players numbered from 0 to n - 1. You are given an integer array skills of size n and a positive integer k, where skills[i] is the skill level of player i. All integers in skills are unique. All players are standing in a queue in order from player 0 to player n - 1. The competition process is as follows: The first two players in the queue play a game, and the player with the higher skill level wins. After the game, the winner stays at the beginning of the queue, and the loser goes to the end of it. The winner of the competition is the first player who wins k games i
1489	1175	Prime Arrangements	Return the number of permutations of 1 to n so that prime numbers are at prime indices (1-indexed.) (Recall that an integer is prime if and only if it is greater than 1, and cannot be written as a product of two positive integers both smaller than it.) Since the answer may be large, return the answer modulo 10^9 + 7. Example 1: Input: n = 5 Output: 12 Explanation: For example [1,2,5,4,3] is a valid permutation, but [5,2,3,4,1] is not because the prime number 5 is at index 1. Example 2: Input: n = 100 Output: 682289015 Constraints: 1 <= n <= 100
1489	2658	Maximum Number of Fish in a Grid	You are given a 0-indexed 2D matrix grid of size m x n, where (r, c) represents: A land cell if grid[r][c] = 0, or A water cell containing grid[r][c] fish, if grid[r][c] > 0. A fisher can start at any water cell (r, c) and can do the following operations any number of times: Catch all the fish at cell (r, c), or Move to any adjacent water cell. Return the maximum number of fish the fisher can catch if he chooses his starting cell optimally, or 0 if no water cell exists. An adjacent cell of the cell (r, c), is one of the cells (r, c + 1), (r, c - 1), (r + 1, c) or (r - 1, c) if it exists. Examp
1489	3576	Transform Array to All Equal Elements	You are given an integer array nums of size n containing only 1 and -1, and an integer k. You can perform the following operation at most k times: Choose an index i (0 <= i < n - 1), and multiply both nums[i] and nums[i + 1] by -1. Note that you can choose the same index i more than once in different operations. Return true if it is possible to make all elements of the array equal after at most k operations, and false otherwise. Example 1: Input: nums = [1,-1,1,-1,1], k = 3 Output: true Explanation: We can make all elements in the array equal in 2 operations as follows: Choose index i = 1, and
1489	3702	Longest Subsequence With Non-Zero Bitwise XOR	You are given an integer array nums. Return the length of the longest subsequence in nums whose bitwise XOR is non-zero. If no such subsequence exists, return 0. Example 1: Input: nums = [1,2,3] Output: 2 Explanation: One longest subsequence is [2, 3]. The bitwise XOR is computed as 2 XOR 3 = 1, which is non-zero. Example 2: Input: nums = [2,3,4] Output: 3 Explanation: The longest subsequence is [2, 3, 4]. The bitwise XOR is computed as 2 XOR 3 XOR 4 = 5, which is non-zero. Constraints: 1 <= nums.length <= 105 0 <= nums[i] <= 109
1490	1296	Divide Array in Sets of K Consecutive Numbers	Given an array of integers nums and a positive integer k, check whether it is possible to divide this array into sets of k consecutive numbers. Return true if it is possible. Otherwise, return false. Example 1: Input: nums = [1,2,3,3,4,4,5,6], k = 4 Output: true Explanation: Array can be divided into [1,2,3,4] and [3,4,5,6]. Example 2: Input: nums = [3,2,1,2,3,4,3,4,5,9,10,11], k = 3 Output: true Explanation: Array can be divided into [1,2,3] , [2,3,4] , [3,4,5] and [9,10,11]. Example 3: Input: nums = [1,2,3,4], k = 3 Output: false Explanation: Each array should be divided in subarrays of size
1490	1759	Count Number of Homogenous Substrings	Given a string s, return the number of homogenous substrings of s. Since the answer may be too large, return it modulo 109 + 7. A string is homogenous if all the characters of the string are the same. A substring is a contiguous sequence of characters within a string. Example 1: Input: s = "abbcccaa" Output: 13 Explanation: The homogenous substrings are listed as below: "a" appears 3 times. "aa" appears 1 time. "b" appears 2 times. "bb" appears 1 time. "c" appears 3 times. "cc" appears 2 times. "ccc" appears 1 time. 3 + 1 + 2 + 1 + 3 + 2 + 1 = 13. Example 2: Input: s = "xy" Output: 2 Explanati
1490	3713	Longest Balanced Substring I	You are given a string s consisting of lowercase English letters. A substring of s is called balanced if all distinct characters in the substring appear the same number of times. Return the length of the longest balanced substring of s. Example 1: Input: s = "abbac" Output: 4 Explanation: The longest balanced substring is "abba" because both distinct characters 'a' and 'b' each appear exactly 2 times. Example 2: Input: s = "zzabccy" Output: 4 Explanation: The longest balanced substring is "zabc" because the distinct characters 'z', 'a', 'b', and 'c' each appear exactly 1 time.​​​​​​​ Example 3
1491	1806	Minimum Number of Operations to Reinitialize a Permutation	You are given an even integer n​​​​​​. You initially have a permutation perm of size n​​ where perm[i] == i​ (0-indexed)​​​​. In one operation, you will create a new array arr, and for each i: If i % 2 == 0, then arr[i] = perm[i / 2]. If i % 2 == 1, then arr[i] = perm[n / 2 + (i - 1) / 2]. You will then assign arr​​​​ to perm. Return the minimum non-zero number of operations you need to perform on perm to return the permutation to its initial value. Example 1: Input: n = 2 Output: 1 Explanation: perm = [0,1] initially. After the 1st operation, perm = [0,1] So it takes only 1 operation. Example
1491	3137	Minimum Number of Operations to Make Word K-Periodic	You are given a string word of size n, and an integer k such that k divides n. In one operation, you can pick any two indices i and j, that are divisible by k, then replace the substring of length k starting at i with the substring of length k starting at j. That is, replace the substring word[i..i + k - 1] with the substring word[j..j + k - 1]. Return the minimum number of operations required to make word k-periodic. We say that word is k-periodic if there is some string s of length k such that word can be obtained by concatenating s an arbitrary number of times. For example, if word == “abab
1492	3810	Minimum Operations to Reach Target Array	You are given two integer arrays nums and target, each of length n, where nums[i] is the current value at index i and target[i] is the desired value at index i. You may perform the following operation any number of times (including zero): Choose an integer value x Find all maximal contiguous segments where nums[i] == x (a segment is maximal if it cannot be extended to the left or right while keeping all values equal to x) For each such segment [l, r], update simultaneously: nums[l] = target[l], nums[l + 1] = target[l + 1], ..., nums[r] = target[r] Return the minimum number of operations requir
1494	2483	Minimum Penalty for a Shop	You are given the customer visit log of a shop represented by a 0-indexed string customers consisting only of characters 'N' and 'Y': if the ith character is 'Y', it means that customers come at the ith hour whereas 'N' indicates that no customers come at the ith hour. If the shop closes at the jth hour (0 <= j <= n), the penalty is calculated as follows: For every hour when the shop is open and no customers come, the penalty increases by 1. For every hour when the shop is closed and customers come, the penalty increases by 1. Return the earliest hour at which the shop must be closed to incur 
1495	1685	Sum of Absolute Differences in a Sorted Array	You are given an integer array nums sorted in non-decreasing order. Build and return an integer array result with the same length as nums such that result[i] is equal to the summation of absolute differences between nums[i] and all the other elements in the array. In other words, result[i] is equal to sum(|nums[i]-nums[j]|) where 0 <= j < nums.length and j != i (0-indexed). Example 1: Input: nums = [2,3,5] Output: [4,3,5] Explanation: Assuming the arrays are 0-indexed, then result[0] = |2-2| + |2-3| + |2-5| = 0 + 1 + 3 = 4, result[1] = |3-2| + |3-3| + |3-5| = 1 + 0 + 2 = 3, result[2] = |5-2| +
1495	2419	Longest Subarray With Maximum Bitwise AND	You are given an integer array nums of size n. Consider a non-empty subarray from nums that has the maximum possible bitwise AND. In other words, let k be the maximum value of the bitwise AND of any subarray of nums. Then, only subarrays with a bitwise AND equal to k should be considered. Return the length of the longest such subarray. The bitwise AND of an array is the bitwise AND of all the numbers in it. A subarray is a contiguous sequence of elements within an array. Example 1: Input: nums = [1,2,3,3,2,2] Output: 2 Explanation: The maximum possible bitwise AND of a subarray is 3. The longe
1495	949	Largest Time for Given Digits	Given an array arr of 4 digits, find the latest 24-hour time that can be made using each digit exactly once. 24-hour times are formatted as "HH:MM", where HH is between 00 and 23, and MM is between 00 and 59. The earliest 24-hour time is 00:00, and the latest is 23:59. Return the latest 24-hour time in "HH:MM" format. If no valid time can be made, return an empty string. Example 1: Input: arr = [1,2,3,4] Output: "23:41" Explanation: The valid 24-hour times are "12:34", "12:43", "13:24", "13:42", "14:23", "14:32", "21:34", "21:43", "23:14", and "23:41". Of these times, "23:41" is the latest. Ex
1496	1208	Get Equal Substrings Within Budget	You are given two strings s and t of the same length and an integer maxCost. You want to change s to t. Changing the ith character of s to ith character of t costs |s[i] - t[i]| (i.e., the absolute difference between the ASCII values of the characters). Return the maximum length of a substring of s that can be changed to be the same as the corresponding substring of t with a cost less than or equal to maxCost. If there is no substring from s that can be changed to its corresponding substring from t, return 0. Example 1: Input: s = "abcd", t = "bcdf", maxCost = 3 Output: 3 Explanation: "abc" of
1496	2191	Sort the Jumbled Numbers	You are given a 0-indexed integer array mapping which represents the mapping rule of a shuffled decimal system. mapping[i] = j means digit i should be mapped to digit j in this system. The mapped value of an integer is the new integer obtained by replacing each occurrence of digit i in the integer with mapping[i] for all 0 <= i <= 9. You are also given another integer array nums. Return the array nums sorted in non-decreasing order based on the mapped values of its elements. Notes: Elements with the same mapped values should appear in the same relative order as in the input. The elements of nu
1496	2285	Maximum Total Importance of Roads	You are given an integer n denoting the number of cities in a country. The cities are numbered from 0 to n - 1. You are also given a 2D integer array roads where roads[i] = [ai, bi] denotes that there exists a bidirectional road connecting cities ai and bi. You need to assign each city with an integer value from 1 to n, where each value can only be used once. The importance of a road is then defined as the sum of the values of the two cities it connects. Return the maximum total importance of all roads possible after assigning the values optimally. Example 1: Input: n = 5, roads = [[0,1],[1,2]
1496	3011	Find if Array Can Be Sorted	You are given a 0-indexed array of positive integers nums. In one operation, you can swap any two adjacent elements if they have the same number of set bits. You are allowed to do this operation any number of times (including zero). Return true if you can sort the array in ascending order, else return false. Example 1: Input: nums = [8,4,2,30,15] Output: true Explanation: Let's look at the binary representation of every element. The numbers 2, 4, and 8 have one set bit each with binary representation "10", "100", and "1000" respectively. The numbers 15 and 30 have four set bits each with binar
1497	998	Maximum Binary Tree II	A maximum tree is a tree where every node has a value greater than any other value in its subtree. You are given the root of a maximum binary tree and an integer val. Just as in the previous problem, the given tree was constructed from a list a (root = Construct(a)) recursively with the following Construct(a) routine: If a is empty, return null. Otherwise, let a[i] be the largest element of a. Create a root node with the value a[i]. The left child of root will be Construct([a[0], a[1], ..., a[i - 1]]). The right child of root will be Construct([a[i + 1], a[i + 2], ..., a[a.length - 1]]). Retur
1498	1904	The Number of Full Rounds You Have Played	You are participating in an online chess tournament. There is a chess round that starts every 15 minutes. The first round of the day starts at 00:00, and after every 15 minutes, a new round starts. For example, the second round starts at 00:15, the fourth round starts at 00:45, and the seventh round starts at 01:30. You are given two strings loginTime and logoutTime where: loginTime is the time you will login to the game, and logoutTime is the time you will logout from the game. If logoutTime is earlier than loginTime, this means you have played from loginTime to midnight and from midnight to 
1498	3070	Count Submatrices with Top-Left Element and Sum Less Than k	You are given a 0-indexed integer matrix grid and an integer k. Return the number of submatrices that contain the top-left element of the grid, and have a sum less than or equal to k. Example 1: Input: grid = [[7,6,3],[6,6,1]], k = 18 Output: 4 Explanation: There are only 4 submatrices, shown in the image above, that contain the top-left element of grid, and have a sum less than or equal to 18. Example 2: Input: grid = [[7,2,9],[1,5,0],[2,6,6]], k = 20 Output: 6 Explanation: There are only 6 submatrices, shown in the image above, that contain the top-left element of grid, and have a sum less t
1499	1525	Number of Good Ways to Split a String	You are given a string s. A split is called good if you can split s into two non-empty strings sleft and sright where their concatenation is equal to s (i.e., sleft + sright = s) and the number of distinct letters in sleft and sright is the same. Return the number of good splits you can make in s. Example 1: Input: s = "aacaba" Output: 2 Explanation: There are 5 ways to split "aacaba" and 2 of them are good. ("a", "acaba") Left string and right string contains 1 and 3 different letters respectively. ("aa", "caba") Left string and right string contains 1 and 3 different letters respectively. ("
1499	1968	Array With Elements Not Equal to Average of Neighbors	You are given a 0-indexed array nums of distinct integers. You want to rearrange the elements in the array such that every element in the rearranged array is not equal to the average of its neighbors. More formally, the rearranged array should have the property such that for every i in the range 1 <= i < nums.length - 1, (nums[i-1] + nums[i+1]) / 2 is not equal to nums[i]. Return any rearrangement of nums that meets the requirements. Example 1: Input: nums = [1,2,3,4,5] Output: [1,2,4,5,3] Explanation: When i=1, nums[i] = 2, and the average of its neighbors is (1+4) / 2 = 2.5. When i=2, nums[i
1499	2507	Smallest Value After Replacing With Sum of Prime Factors	You are given a positive integer n. Continuously replace n with the sum of its prime factors. Note that if a prime factor divides n multiple times, it should be included in the sum as many times as it divides n. Return the smallest value n will take on. Example 1: Input: n = 15 Output: 5 Explanation: Initially, n = 15. 15 = 3 * 5, so replace n with 3 + 5 = 8. 8 = 2 * 2 * 2, so replace n with 2 + 2 + 2 = 6. 6 = 2 * 3, so replace n with 2 + 3 = 5. 5 is the smallest value n will take on. Example 2: Input: n = 3 Output: 3 Explanation: Initially, n = 3. 3 is the smallest value n will take on. Const
