1802	1673	Find the Most Competitive Subsequence	Given an integer array nums and a positive integer k, return the most competitive subsequence of nums of size k. An array's subsequence is a resulting sequence obtained by erasing some (possibly zero) elements from the array. We define that a subsequence a is more competitive than a subsequence b (of the same length) if in the first position where a and b differ, subsequence a has a number less than the corresponding number in b. For example, [1,3,4] is more competitive than [1,3,5] because the first position they differ is at the final number, and 4 is less than 5. Example 1: Input: nums = [3
1802	2934	Minimum Operations to Maximize Last Elements in Arrays	You are given two 0-indexed integer arrays, nums1 and nums2, both having length n. You are allowed to perform a series of operations (possibly none). In an operation, you select an index i in the range [0, n - 1] and swap the values of nums1[i] and nums2[i]. Your task is to find the minimum number of operations required to satisfy the following conditions: nums1[n - 1] is equal to the maximum value among all elements of nums1, i.e., nums1[n - 1] = max(nums1[0], nums1[1], ..., nums1[n - 1]). nums2[n - 1] is equal to the maximum value among all elements of nums2, i.e., nums2[n - 1] = max(nums2[0
1802	3703	Remove K-Balanced Substrings	You are given a string s consisting of '(' and ')', and an integer k. A string is k-balanced if it is exactly k consecutive '(' followed by k consecutive ')', i.e., '(' * k + ')' * k. For example, if k = 3, k-balanced is "((()))". You must repeatedly remove all non-overlapping k-balanced substrings from s, and then join the remaining parts. Continue this process until no k-balanced substring exists. Return the final string after all possible removals. ​​​​​​​Example 1: Input: s = "(())", k = 1 Output: "" Explanation: k-balanced substring is "()" Step Current s k-balanced Result s 1 (()) (()) (
1803	1953	Maximum Number of Weeks for Which You Can Work	There are n projects numbered from 0 to n - 1. You are given an integer array milestones where each milestones[i] denotes the number of milestones the ith project has. You can work on the projects following these two rules: Every week, you will finish exactly one milestone of one project. You must work every week. You cannot work on two milestones from the same project for two consecutive weeks. Once all the milestones of all the projects are finished, or if the only milestones that you can work on will cause you to violate the above rules, you will stop working. Note that you may not be able 
1804	1080	Insufficient Nodes in Root to Leaf Paths	Given the root of a binary tree and an integer limit, delete all insufficient nodes in the tree simultaneously, and return the root of the resulting binary tree. A node is insufficient if every root to leaf path intersecting this node has a sum strictly less than limit. A leaf is a node with no children. Example 1: Input: root = [1,2,3,4,-99,-99,7,8,9,-99,-99,12,13,-99,14], limit = 1 Output: [1,2,3,4,null,null,7,8,9,null,14] Example 2: Input: root = [5,4,8,11,null,17,4,7,1,null,null,5,3], limit = 22 Output: [5,4,8,11,null,17,4,7,null,null,null,5] Example 3: Input: root = [1,2,-3,-5,null,4,null
1804	2096	Step-By-Step Directions From a Binary Tree Node to Another	You are given the root of a binary tree with n nodes. Each node is uniquely assigned a value from 1 to n. You are also given an integer startValue representing the value of the start node s, and a different integer destValue representing the value of the destination node t. Find the shortest path starting from node s and ending at node t. Generate step-by-step directions of such path as a string consisting of only the uppercase letters 'L', 'R', and 'U'. Each letter indicates a specific direction: 'L' means to go from a node to its left child node. 'R' means to go from a node to its right chil
1804	3742	Maximum Path Score in a Grid	You are given an m x n grid where each cell contains one of the values 0, 1, or 2. You are also given an integer k. You start from the top-left corner (0, 0) and want to reach the bottom-right corner (m - 1, n - 1) by moving only right or down. Each cell contributes a specific score and incurs an associated cost, according to their cell values: 0: adds 0 to your score and costs 0. 1: adds 1 to your score and costs 1. 2: adds 2 to your score and costs 1. ​​​​​​​ Return the maximum score achievable without exceeding a total cost of k, or -1 if no valid path exists. Note: If you reach the last ce
1805	1035	Uncrossed Lines	You are given two integer arrays nums1 and nums2. We write the integers of nums1 and nums2 (in the order they are given) on two separate horizontal lines. We may draw connecting lines: a straight line connecting two numbers nums1[i] and nums2[j] such that: nums1[i] == nums2[j], and the line we draw does not intersect any other connecting (non-horizontal) line. Note that a connecting line cannot intersect even at the endpoints (i.e., each number can only belong to one connecting line). Return the maximum number of connecting lines we can draw in this way. Example 1: Input: nums1 = [1,4,2], nums
1806	1073	Adding Two Negabinary Numbers	Given two numbers arr1 and arr2 in base -2, return the result of adding them together. Each number is given in array format: as an array of 0s and 1s, from most significant bit to least significant bit. For example, arr = [1,1,0,1] represents the number (-2)^3 + (-2)^2 + (-2)^0 = -3. A number arr in array, format is also guaranteed to have no leading zeros: either arr == [0] or arr[0] == 1. Return the result of adding arr1 and arr2 in the same format: as an array of 0s and 1s with no leading zeros. Example 1: Input: arr1 = [1,1,1,1,1], arr2 = [1,0,1] Output: [1,0,0,0,0] Explanation: arr1 repre
1806	3335	Total Characters in String After Transformations I	You are given a string s and an integer t, representing the number of transformations to perform. In one transformation, every character in s is replaced according to the following rules: If the character is 'z', replace it with the string "ab". Otherwise, replace it with the next character in the alphabet. For example, 'a' is replaced with 'b', 'b' is replaced with 'c', and so on. Return the length of the resulting string after exactly t transformations. Since the answer may be very large, return it modulo 109 + 7. Example 1: Input: s = "abcyy", t = 2 Output: 7 Explanation: First Transformati
1806	3408	Design Task Manager	There is a task management system that allows users to manage their tasks, each associated with a priority. The system should efficiently handle adding, modifying, executing, and removing tasks. Implement the TaskManager class: TaskManager(vector<vector<int>>& tasks) initializes the task manager with a list of user-task-priority triples. Each element in the input list is of the form [userId, taskId, priority], which adds a task to the specified user with the given priority. void add(int userId, int taskId, int priority) adds a task with the specified taskId and priority to the user with userId
1807	1594	Maximum Non Negative Product in a Matrix	You are given a m x n matrix grid. Initially, you are located at the top-left corner (0, 0), and in each step, you can only move right or down in the matrix. Among all possible paths starting from the top-left corner (0, 0) and ending in the bottom-right corner (m - 1, n - 1), find the path with the maximum non-negative product. The product of a path is the product of all integers in the grid cells visited along the path. Return the maximum non-negative product modulo 109 + 7. If the maximum product is negative, return -1. Notice that the modulo is performed after getting the maximum product. 
1808	1230	Toss Strange Coins	
1808	1519	Number of Nodes in the Sub-Tree With the Same Label	You are given a tree (i.e. a connected, undirected graph that has no cycles) consisting of n nodes numbered from 0 to n - 1 and exactly n - 1 edges. The root of the tree is the node 0, and each node of the tree has a label which is a lower-case character given in the string labels (i.e. The node with the number i has the label labels[i]). The edges array is given on the form edges[i] = [ai, bi], which means there is an edge between nodes ai and bi in the tree. Return an array of size n where ans[i] is the number of nodes in the subtree of the ith node which have the same label as node i. A sub
1808	2302	Count Subarrays With Score Less Than K	The score of an array is defined as the product of its sum and its length. For example, the score of [1, 2, 3, 4, 5] is (1 + 2 + 3 + 4 + 5) * 5 = 75. Given a positive integer array nums and an integer k, return the number of non-empty subarrays of nums whose score is strictly less than k. A subarray is a contiguous sequence of elements within an array. Example 1: Input: nums = [2,1,4,3,5], k = 10 Output: 6 Explanation: The 6 subarrays having scores less than 10 are: - [2] with score 2 * 1 = 2. - [1] with score 1 * 1 = 1. - [4] with score 4 * 1 = 4. - [3] with score 3 * 1 = 3. - [5] with score 
1809	1345	Jump Game IV	Given an array of integers arr, you are initially positioned at the first index of the array. In one step you can jump from index i to index: i + 1 where: i + 1 < arr.length. i - 1 where: i - 1 >= 0. j where: arr[i] == arr[j] and i != j. Return the minimum number of steps to reach the last index of the array. Notice that you can not jump outside of the array at any time. Example 1: Input: arr = [100,-23,-23,404,100,23,23,23,3,404] Output: 3 Explanation: You need three jumps from index 0 --> 4 --> 3 --> 9. Note that index 9 is the last index of the array. Example 2: Input: arr = [7] Output: 0 E
1809	776	Split BST	
1810	1284	Minimum Number of Flips to Convert Binary Matrix to Zero Matrix	Given a m x n binary matrix mat. In one step, you can choose one cell and flip it and all the four neighbors of it if they exist (Flip is changing 1 to 0 and 0 to 1). A pair of cells are called neighbors if they share one edge. Return the minimum number of steps required to convert mat to a zero matrix or -1 if you cannot. A binary matrix is a matrix with all cells equal to 0 or 1 only. A zero matrix is a matrix with all cells equal to 0. Example 1: Input: mat = [[0,0],[0,1]] Output: 3 Explanation: One possible solution is to flip (1, 0) then (0, 1) and finally (1, 1) as shown. Example 2: Inpu
1810	2642	Design Graph With Shortest Path Calculator	There is a directed weighted graph that consists of n nodes numbered from 0 to n - 1. The edges of the graph are initially represented by the given array edges where edges[i] = [fromi, toi, edgeCosti] meaning that there is an edge from fromi to toi with the cost edgeCosti. Implement the Graph class: Graph(int n, int[][] edges) initializes the object with n nodes and the given edges. addEdge(int[] edge) adds an edge to the list of edges where edge = [from, to, edgeCost]. It is guaranteed that there is no edge between the two nodes before adding this one. int shortestPath(int node1, int node2) r
1811	3738	Longest Non-Decreasing Subarray After Replacing at Most One Element	You are given an integer array nums. You are allowed to replace at most one element in the array with any other integer value of your choice. Return the length of the longest non-decreasing subarray that can be obtained after performing at most one replacement. An array is said to be non-decreasing if each element is greater than or equal to its previous one (if it exists). Example 1: Input: nums = [1,2,3,1,2] Output: 4 Explanation: Replacing nums[3] = 1 with 3 gives the array [1, 2, 3, 3, 2]. The longest non-decreasing subarray is [1, 2, 3, 3], which has a length of 4. Example 2: Input: nums 
1815	773	Sliding Puzzle	On an 2 x 3 board, there are five tiles labeled from 1 to 5, and an empty square represented by 0. A move consists of choosing 0 and a 4-directionally adjacent number and swapping it. The state of the board is solved if and only if the board is [[1,2,3],[4,5,0]]. Given the puzzle board board, return the least number of moves required so that the state of the board is solved. If it is impossible for the state of the board to be solved, return -1. Example 1: Input: board = [[1,2,3],[4,0,5]] Output: 1 Explanation: Swap the 0 and the 5 in one move. Example 2: Input: board = [[1,2,3],[5,4,0]] Outpu
1816	3026	Maximum Good Subarray Sum	You are given an array nums of length n and a positive integer k. A subarray of nums is called good if the absolute difference between its first and last element is exactly k, in other words, the subarray nums[i..j] is good if |nums[i] - nums[j]| == k. Return the maximum sum of a good subarray of nums. If there are no good subarrays, return 0. Example 1: Input: nums = [1,2,3,4,5,6], k = 1 Output: 11 Explanation: The absolute difference between the first and last element must be 1 for a good subarray. All the good subarrays are: [1,2], [2,3], [3,4], [4,5], and [5,6]. The maximum subarray sum is
1817	1658	Minimum Operations to Reduce X to Zero	You are given an integer array nums and an integer x. In one operation, you can either remove the leftmost or the rightmost element from the array nums and subtract its value from x. Note that this modifies the array for future operations. Return the minimum number of operations to reduce x to exactly 0 if it is possible, otherwise, return -1. Example 1: Input: nums = [1,1,4,2,3], x = 5 Output: 2 Explanation: The optimal solution is to remove the last two elements to reduce x to zero. Example 2: Input: nums = [5,6,7,8,9], x = 4 Output: -1 Example 3: Input: nums = [3,2,20,1,1,3], x = 10 Output:
1817	1792	Maximum Average Pass Ratio	There is a school that has classes of students and each class will be having a final exam. You are given a 2D integer array classes, where classes[i] = [passi, totali]. You know beforehand that in the ith class, there are totali total students, but only passi number of students will pass the exam. You are also given an integer extraStudents. There are another extraStudents brilliant students that are guaranteed to pass the exam of any class they are assigned to. You want to assign each of the extraStudents students to a class in a way that maximizes the average pass ratio across all the classe
1817	2787	Ways to Express an Integer as Sum of Powers	Given two positive integers n and x. Return the number of ways n can be expressed as the sum of the xth power of unique positive integers, in other words, the number of sets of unique integers [n1, n2, ..., nk] where n = n1x + n2x + ... + nkx. Since the result can be very large, return it modulo 109 + 7. For example, if n = 160 and x = 3, one way to express n is n = 23 + 33 + 53. Example 1: Input: n = 10, x = 2 Output: 1 Explanation: We can express n as the following: n = 32 + 12 = 10. It can be shown that it is the only way to express 10 as the sum of the 2nd power of unique integers. Example
1817	795	Number of Subarrays with Bounded Maximum	Given an integer array nums and two integers left and right, return the number of contiguous non-empty subarrays such that the value of the maximum array element in that subarray is in the range [left, right]. The test cases are generated so that the answer will fit in a 32-bit integer. Example 1: Input: nums = [2,1,4,3], left = 2, right = 3 Output: 3 Explanation: There are three subarrays that meet the requirements: [2], [2, 1], [3]. Example 2: Input: nums = [2,9,2,5,6], left = 2, right = 8 Output: 7 Constraints: 1 <= nums.length <= 105 0 <= nums[i] <= 109 0 <= left <= right <= 109
1818	3588	Find Maximum Area of a Triangle	You are given a 2D array coords of size n x 2, representing the coordinates of n points in an infinite Cartesian plane. Find twice the maximum area of a triangle with its corners at any three elements from coords, such that at least one side of this triangle is parallel to the x-axis or y-axis. Formally, if the maximum area of such a triangle is A, return 2 * A. If no such triangle exists, return -1. Note that a triangle cannot have zero area. Example 1: Input: coords = [[1,1],[1,2],[3,2],[3,3]] Output: 2 Explanation: The triangle shown in the image has a base 1 and height 2. Hence its area is
1818	861	Score After Flipping Matrix	You are given an m x n binary matrix grid. A move consists of choosing any row or column and toggling each value in that row or column (i.e., changing all 0's to 1's, and all 1's to 0's). Every row of the matrix is interpreted as a binary number, and the score of the matrix is the sum of these numbers. Return the highest possible score after making any number of moves (including zero moves). Example 1: Input: grid = [[0,0,1,1],[1,0,1,0],[1,1,0,0]] Output: 39 Explanation: 0b1111 + 0b1001 + 0b1111 = 15 + 9 + 15 = 39 Example 2: Input: grid = [[0]] Output: 1 Constraints: m == grid.length n == grid
1819	2055	Plates Between Candles	There is a long table with a line of plates and candles arranged on top of it. You are given a 0-indexed string s consisting of characters '*' and '|' only, where a '*' represents a plate and a '|' represents a candle. You are also given a 0-indexed 2D integer array queries where queries[i] = [lefti, righti] denotes the substring s[lefti...righti] (inclusive). For each query, you need to find the number of plates between candles that are in the substring. A plate is considered between candles if there is at least one candle to its left and at least one candle to its right in the substring. For
1819	3148	Maximum Difference Score in a Grid	You are given an m x n matrix grid consisting of positive integers. You can move from a cell in the matrix to any other cell that is either to the bottom or to the right (not necessarily adjacent). The score of a move from a cell with the value c1 to a cell with the value c2 is c2 - c1. You can start at any cell, and you have to make at least one move. Return the maximum total score you can achieve. Example 1: Input: grid = [[9,5,7,3],[8,9,6,1],[6,7,14,3],[2,5,3,1]] Output: 9 Explanation: We start at the cell (0, 1), and we perform the following moves: - Move from the cell (0, 1) to (2, 1) wit
1820	1405	Longest Happy String	A string s is called happy if it satisfies the following conditions: s only contains the letters 'a', 'b', and 'c'. s does not contain any of "aaa", "bbb", or "ccc" as a substring. s contains at most a occurrences of the letter 'a'. s contains at most b occurrences of the letter 'b'. s contains at most c occurrences of the letter 'c'. Given three integers a, b, and c, return the longest possible happy string. If there are multiple longest happy strings, return any of them. If there is no such string, return the empty string "". A substring is a contiguous sequence of characters within a string
1822	1363	Largest Multiple of Three	Given an array of digits digits, return the largest multiple of three that can be formed by concatenating some of the given digits in any order. If there is no answer return an empty string. Since the answer may not fit in an integer data type, return the answer as a string. Note that the returning answer must not contain unnecessary leading zeros. Example 1: Input: digits = [8,1,9] Output: "981" Example 2: Input: digits = [8,6,7,1,0] Output: "8760" Example 3: Input: digits = [1] Output: "" Constraints: 1 <= digits.length <= 104 0 <= digits[i] <= 9
1822	2217	Find Palindrome With Fixed Length	Given an integer array queries and a positive integer intLength, return an array answer where answer[i] is either the queries[i]th smallest positive palindrome of length intLength or -1 if no such palindrome exists. A palindrome is a number that reads the same backwards and forwards. Palindromes cannot have leading zeros. Example 1: Input: queries = [1,2,3,4,5,90], intLength = 3 Output: [101,111,121,131,141,999] Explanation: The first few palindromes of length 3 are: 101, 111, 121, 131, 141, 151, 161, 171, 181, 191, 202, ... The 90th palindrome of length 3 is 999. Example 2: Input: queries = [
1822	2931	Maximum Spending After Buying Items	You are given a 0-indexed m * n integer matrix values, representing the values of m * n different items in m different shops. Each shop has n items where the jth item in the ith shop has a value of values[i][j]. Additionally, the items in the ith shop are sorted in non-increasing order of value. That is, values[i][j] >= values[i][j + 1] for all 0 <= j < n - 1. On each day, you would like to buy a single item from one of the shops. Specifically, On the dth day you can: Pick any shop i. Buy the rightmost available item j for the price of values[i][j] * d. That is, find the greatest index j such 
1823	1377	Frog Position After T Seconds	Given an undirected tree consisting of n vertices numbered from 1 to n. A frog starts jumping from vertex 1. In one second, the frog jumps from its current vertex to another unvisited vertex if they are directly connected. The frog can not jump back to a visited vertex. In case the frog can jump to several vertices, it jumps randomly to one of them with the same probability. Otherwise, when the frog can not jump to any unvisited vertex, it jumps forever on the same vertex. The edges of the undirected tree are given in the array edges, where edges[i] = [ai, bi] means that exists an edge connect
1823	1458	Max Dot Product of Two Subsequences	Given two arrays nums1 and nums2. Return the maximum dot product between non-empty subsequences of nums1 and nums2 with the same length. A subsequence of an array is a new array which is formed from the original array by deleting some (can be none) of the characters without disturbing the relative positions of the remaining characters. (ie, [2,3,5] is a subsequence of [1,2,3,4,5] while [1,5,3] is not). Example 1: Input: nums1 = [2,1,-2,5], nums2 = [3,0,-6] Output: 18 Explanation: Take subsequence [2,-2] from nums1 and subsequence [3,-6] from nums2. Their dot product is (2*3 + (-2)*(-6)) = 18. 
1823	3781	Maximum Score After Binary Swaps	You are given an integer array nums of length n and a binary string s of the same length. Initially, your score is 0. Each index i where s[i] = '1' contributes nums[i] to the score. You may perform any number of operations (including zero). In one operation, you may choose an index i such that 0 <= i < n - 1, where s[i] = '0', and s[i + 1] = '1', and swap these two characters. Return an integer denoting the maximum possible score you can achieve. Example 1: Input: nums = [2,1,5,2,3], s = "01010" Output: 7 Explanation: We can perform the following swaps: Swap at index i = 0: "01010" changes to 
1824	1298	Maximum Candies You Can Get from Boxes	You have n boxes labeled from 0 to n - 1. You are given four arrays: status, candies, keys, and containedBoxes where: status[i] is 1 if the ith box is open and 0 if the ith box is closed, candies[i] is the number of candies in the ith box, keys[i] is a list of the labels of the boxes you can open after opening the ith box. containedBoxes[i] is a list of the boxes you found inside the ith box. You are given an integer array initialBoxes that contains the labels of the boxes you initially have. You can take all the candies in any open box and you can use the keys in it to open new boxes and you 
1825	1702	Maximum Binary String After Change	You are given a binary string binary consisting of only 0's or 1's. You can apply each of the following operations any number of times: Operation 1: If the number contains the substring "00", you can replace it with "10". For example, "00010" -> "10010" Operation 2: If the number contains the substring "10", you can replace it with "01". For example, "00010" -> "00001" Return the maximum binary string you can obtain after any number of operations. Binary string x is greater than binary string y if x's decimal representation is greater than y's decimal representation. Example 1: Input: binary =
1825	1835	Find XOR Sum of All Pairs Bitwise AND	The XOR sum of a list is the bitwise XOR of all its elements. If the list only contains one element, then its XOR sum will be equal to this element. For example, the XOR sum of [1,2,3,4] is equal to 1 XOR 2 XOR 3 XOR 4 = 4, and the XOR sum of [3] is equal to 3. You are given two 0-indexed arrays arr1 and arr2 that consist only of non-negative integers. Consider the list containing the result of arr1[i] AND arr2[j] (bitwise AND) for every (i, j) pair where 0 <= i < arr1.length and 0 <= j < arr2.length. Return the XOR sum of the aforementioned list. Example 1: Input: arr1 = [1,2,3], arr2 = [6,5]
1825	934	Shortest Bridge	You are given an n x n binary matrix grid where 1 represents land and 0 represents water. An island is a 4-directionally connected group of 1's not connected to any other 1's. There are exactly two islands in grid. You may change 0's to 1's to connect the two islands to form one island. Return the smallest number of 0's you must flip to connect the two islands. Example 1: Input: grid = [[0,1],[1,0]] Output: 1 Example 2: Input: grid = [[0,1,0],[0,0,0],[0,0,1]] Output: 2 Example 3: Input: grid = [[1,1,1,1,1],[1,0,0,0,1],[1,0,1,0,1],[1,0,0,0,1],[1,1,1,1,1]] Output: 1 Constraints: n == grid.length
1827	1095	Find in Mountain Array	(This problem is an interactive problem.) You may recall that an array arr is a mountain array if and only if: arr.length >= 3 There exists some i with 0 < i < arr.length - 1 such that: arr[0] < arr[1] < ... < arr[i - 1] < arr[i] arr[i] > arr[i + 1] > ... > arr[arr.length - 1] Given a mountain array mountainArr, return the minimum index such that mountainArr.get(index) == target. If such an index does not exist, return -1. You cannot access the mountain array directly. You may only access the array using a MountainArray interface: MountainArray.get(k) returns the element of the array at index 
1827	3332	Maximum Points Tourist Can Earn	You are given two integers, n and k, along with two 2D integer arrays, stayScore and travelScore. A tourist is visiting a country with n cities, where each city is directly connected to every other city. The tourist's journey consists of exactly k 0-indexed days, and they can choose any city as their starting point. Each day, the tourist has two choices: Stay in the current city: If the tourist stays in their current city curr during day i, they will earn stayScore[i][curr] points. Move to another city: If the tourist moves from their current city curr to city dest, they will earn travelScore[
1827	3752	Lexicographically Smallest Negated Permutation that Sums to Target	You are given a positive integer n and an integer target. Return the lexicographically smallest array of integers of size n such that: The sum of its elements equals target. The absolute values of its elements form a permutation of size n. If no such array exists, return an empty array. A permutation of size n is a rearrangement of integers 1, 2, ..., n. Example 1: Input: n = 3, target = 0 Output: [-3,1,2] Explanation: The arrays that sum to 0 and whose absolute values form a permutation of size 3 are: [-3, 1, 2] [-3, 2, 1] [-2, -1, 3] [-2, 3, -1] [-1, -2, 3] [-1, 3, -2] [1, -3, 2] [1, 2, -3] 
1828	1754	Largest Merge Of Two Strings	You are given two strings word1 and word2. You want to construct a string merge in the following way: while either word1 or word2 are non-empty, choose one of the following options: If word1 is non-empty, append the first character in word1 to merge and delete it from word1. For example, if word1 = "abc" and merge = "dv", then after choosing this operation, word1 = "bc" and merge = "dva". If word2 is non-empty, append the first character in word2 to merge and delete it from word2. For example, if word2 = "abc" and merge = "", then after choosing this operation, word2 = "bc" and merge = "a". Re
1828	2135	Count Words Obtained After Adding a Letter	You are given two 0-indexed arrays of strings startWords and targetWords. Each string consists of lowercase English letters only. For each string in targetWords, check if it is possible to choose a string from startWords and perform a conversion operation on it to be equal to that from targetWords. The conversion operation is described in the following two steps: Append any lowercase letter that is not present in the string to its end. For example, if the string is "abc", the letters 'd', 'e', or 'y' can be added to it, but not 'a'. If 'd' is added, the resulting string will be "abcd". Rearran
1830	790	Domino and Tromino Tiling	You have two types of tiles: a 2 x 1 domino shape and a tromino shape. You may rotate these shapes. Given an integer n, return the number of ways to tile an 2 x n board. Since the answer may be very large, return it modulo 109 + 7. In a tiling, every square must be covered by a tile. Two tilings are different if and only if there are two 4-directionally adjacent cells on the board such that exactly one of the tilings has both squares occupied by a tile. Example 1: Input: n = 3 Output: 5 Explanation: The five different ways are shown above. Example 2: Input: n = 1 Output: 1 Constraints: 1 <= n 
1830	980	Unique Paths III	You are given an m x n integer array grid where grid[i][j] could be: 1 representing the starting square. There is exactly one starting square. 2 representing the ending square. There is exactly one ending square. 0 representing empty squares we can walk over. -1 representing obstacles that we cannot walk over. Return the number of 4-directional walks from the starting square to the ending square, that walk over every non-obstacle square exactly once. Example 1: Input: grid = [[1,0,0,0],[0,0,0,0],[0,0,2,-1]] Output: 2 Explanation: We have the following two paths: 1. (0,0),(0,1),(0,2),(0,3),(1,3
1831	2034	Stock Price Fluctuation 	You are given a stream of records about a particular stock. Each record contains a timestamp and the corresponding price of the stock at that timestamp. Unfortunately due to the volatile nature of the stock market, the records do not come in order. Even worse, some records may be incorrect. Another record with the same timestamp may appear later in the stream correcting the price of the previous wrong record. Design an algorithm that: Updates the price of the stock at a particular timestamp, correcting the price from any previous records at the timestamp. Finds the latest price of the stock ba
1832	3012	Minimize Length of Array Using Operations	You are given a 0-indexed integer array nums containing positive integers. Your task is to minimize the length of nums by performing the following operations any number of times (including zero): Select two distinct indices i and j from nums, such that nums[i] > 0 and nums[j] > 0. Insert the result of nums[i] % nums[j] at the end of nums. Delete the elements at indices i and j from nums. Return an integer denoting the minimum length of nums after performing the operation any number of times. Example 1: Input: nums = [1,4,3,1] Output: 1 Explanation: One way to minimize the length of the array i
1832	3796	Find Maximum Value in a Constrained Sequence	You are given an integer n, a 2D integer array restrictions, and an integer array diff of length n - 1. Your task is to construct a sequence of length n, denoted by a[0], a[1], ..., a[n - 1], such that it satisfies the following conditions: a[0] is 0. All elements in the sequence are non-negative. For every index i (0 <= i <= n - 2), abs(a[i] - a[i + 1]) <= diff[i]. For each restrictions[i] = [idx, maxVal], the value at position idx in the sequence must not exceed maxVal (i.e., a[idx] <= maxVal). Your goal is to construct a valid sequence that maximizes the largest value within the sequence wh
1832	755	Pour Water	
1834	2370	Longest Ideal Subsequence	You are given a string s consisting of lowercase letters and an integer k. We call a string t ideal if the following conditions are satisfied: t is a subsequence of the string s. The absolute difference in the alphabet order of every two adjacent letters in t is less than or equal to k. Return the length of the longest ideal string. A subsequence is a string that can be derived from another string by deleting some or no characters without changing the order of the remaining characters. Note that the alphabet order is not cyclic. For example, the absolute difference in the alphabet order of 'a'
1835	995	Minimum Number of K Consecutive Bit Flips	You are given a binary array nums and an integer k. A k-bit flip is choosing a subarray of length k from nums and simultaneously changing every 0 in the subarray to 1, and every 1 in the subarray to 0. Return the minimum number of k-bit flips required so that there is no 0 in the array. If it is not possible, return -1. A subarray is a contiguous part of an array. Example 1: Input: nums = [0,1,0], k = 1 Output: 2 Explanation: Flip nums[0], then flip nums[2]. Example 2: Input: nums = [1,1,0], k = 2 Output: -1 Explanation: No matter how we flip subarrays of size 2, we cannot make the array becom
1836	1316	Distinct Echo Substrings	Return the number of distinct non-empty substrings of text that can be written as the concatenation of some string with itself (i.e. it can be written as a + a where a is some string). Example 1: Input: text = "abcabcabc" Output: 3 Explanation: The 3 substrings are "abcabc", "bcabca" and "cabcab". Example 2: Input: text = "leetcodeleetcode" Output: 2 Explanation: The 2 substrings are "ee" and "leetcodeleetcode". Constraints: 1 <= text.length <= 2000 text has only lowercase English letters.
1836	2146	K Highest Ranked Items Within a Price Range	You are given a 0-indexed 2D integer array grid of size m x n that represents a map of the items in a shop. The integers in the grid represent the following: 0 represents a wall that you cannot pass through. 1 represents an empty cell that you can freely move to and from. All other positive integers represent the price of an item in that cell. You may also freely move to and from these item cells. It takes 1 step to travel between adjacent grid cells. You are also given integer arrays pricing and start where pricing = [low, high] and start = [row, col] indicates that you start at the position 
1837	1559	Detect Cycles in 2D Grid	Given a 2D array of characters grid of size m x n, you need to find if there exists any cycle consisting of the same value in grid. A cycle is a path of length 4 or more in the grid that starts and ends at the same cell. From a given cell, you can move to one of the cells adjacent to it - in one of the four directions (up, down, left, or right), if it has the same value of the current cell. Also, you cannot move to the cell that you visited in your last move. For example, the cycle (1, 1) -> (1, 2) -> (1, 1) is invalid because from (1, 2) we visited (1, 1) which was the last visited cell. Retu
1839	2311	Longest Binary Subsequence Less Than or Equal to K	You are given a binary string s and a positive integer k. Return the length of the longest subsequence of s that makes up a binary number less than or equal to k. Note: The subsequence can contain leading zeroes. The empty string is considered to be equal to 0. A subsequence is a string that can be derived from another string by deleting some or no characters without changing the order of the remaining characters. Example 1: Input: s = "1001010", k = 5 Output: 5 Explanation: The longest subsequence of s that makes up a binary number less than or equal to 5 is "00010", as this number is equal t
1840	2332	The Latest Time to Catch a Bus	You are given a 0-indexed integer array buses of length n, where buses[i] represents the departure time of the ith bus. You are also given a 0-indexed integer array passengers of length m, where passengers[j] represents the arrival time of the jth passenger. All bus departure times are unique. All passenger arrival times are unique. You are given an integer capacity, which represents the maximum number of passengers that can get on each bus. When a passenger arrives, they will wait in line for the next available bus. You can get on a bus that departs at x minutes if you arrive at y minutes whe
1840	3186	Maximum Total Damage With Spell Casting	A magician has various spells. You are given an array power, where each element represents the damage of a spell. Multiple spells can have the same damage value. It is a known fact that if a magician decides to cast a spell with a damage of power[i], they cannot cast any spell with a damage of power[i] - 2, power[i] - 1, power[i] + 1, or power[i] + 2. Each spell can be cast only once. Return the maximum possible total damage that a magician can cast. Example 1: Input: power = [1,1,3,4] Output: 6 Explanation: The maximum possible damage of 6 is produced by casting spells 0, 1, 3 with damage 1, 
1840	3800	Minimum Cost to Make Two Binary Strings Equal	You are given two binary strings s and t, both of length n, and three positive integers flipCost, swapCost, and crossCost. You are allowed to apply the following operations any number of times (in any order) to the strings s and t: Choose any index i and flip s[i] or t[i] (change '0' to '1' or '1' to '0'). The cost of this operation is flipCost. Choose two distinct indices i and j, and swap either s[i] and s[j] or t[i] and t[j]. The cost of this operation is swapCost. Choose an index i and swap s[i] with t[i]. The cost of this operation is crossCost. Return an integer denoting the minimum tota
1841	2013	Detect Squares	You are given a stream of points on the X-Y plane. Design an algorithm that: Adds new points from the stream into a data structure. Duplicate points are allowed and should be treated as different points. Given a query point, counts the number of ways to choose three points from the data structure such that the three points and the query point form an axis-aligned square with positive area. An axis-aligned square is a square whose edges are all the same length and are either parallel or perpendicular to the x-axis and y-axis. Implement the DetectSquares class: DetectSquares() Initializes the ob
1843	2576	Find the Maximum Number of Marked Indices	You are given a 0-indexed integer array nums. Initially, all of the indices are unmarked. You are allowed to make this operation any number of times: Pick two different unmarked indices i and j such that 2 * nums[i] <= nums[j], then mark i and j. Return the maximum possible number of marked indices in nums using the above operation any number of times. Example 1: Input: nums = [3,5,2,4] Output: 2 Explanation: In the first operation: pick i = 2 and j = 1, the operation is allowed because 2 * nums[2] <= nums[1]. Then mark index 2 and 1. It can be shown that there's no other valid operation so th
1844	1411	Number of Ways to Paint N × 3 Grid	You have a grid of size n x 3 and you want to paint each cell of the grid with exactly one of the three colors: Red, Yellow, or Green while making sure that no two adjacent cells have the same color (i.e., no two cells that share vertical or horizontal sides have the same color). Given n the number of rows of the grid, return the number of ways you can paint this grid. As the answer may grow large, the answer must be computed modulo 109 + 7. Example 1: Input: n = 1 Output: 12 Explanation: There are 12 possible way to paint the grid as shown. Example 2: Input: n = 5000 Output: 30228214 Constrai
1844	3604	Minimum Time to Reach Destination in Directed Graph	You are given an integer n and a directed graph with n nodes labeled from 0 to n - 1. This is represented by a 2D array edges, where edges[i] = [ui, vi, starti, endi] indicates an edge from node ui to vi that can only be used at any integer time t such that starti <= t <= endi. You start at node 0 at time 0. In one unit of time, you can either: Wait at your current node without moving, or Travel along an outgoing edge from your current node if the current time t satisfies starti <= t <= endi. Return the minimum time required to reach node n - 1. If it is impossible, return -1. Example 1: Input
1845	1504	Count Submatrices With All Ones	Given an m x n binary matrix mat, return the number of submatrices that have all ones. Example 1: Input: mat = [[1,0,1],[1,1,0],[1,1,0]] Output: 13 Explanation: There are 6 rectangles of side 1x1. There are 2 rectangles of side 1x2. There are 3 rectangles of side 2x1. There is 1 rectangle of side 2x2. There is 1 rectangle of side 3x1. Total number of rectangles = 6 + 2 + 3 + 1 + 1 = 13. Example 2: Input: mat = [[0,1,1,0],[0,1,1,1],[1,1,1,0]] Output: 24 Explanation: There are 8 rectangles of side 1x1. There are 5 rectangles of side 1x2. There are 2 rectangles of side 1x3. There are 4 rectangles
1845	2598	Smallest Missing Non-negative Integer After Operations	You are given a 0-indexed integer array nums and an integer value. In one operation, you can add or subtract value from any element of nums. For example, if nums = [1,2,3] and value = 2, you can choose to subtract value from nums[0] to make nums = [-1,2,3]. The MEX (minimum excluded) of an array is the smallest missing non-negative integer in it. For example, the MEX of [-1,2,3] is 0 while the MEX of [1,0,3] is 2. Return the maximum MEX of nums after applying the mentioned operation any number of times. Example 1: Input: nums = [1,-10,7,13,6,8], value = 5 Output: 4 Explanation: One can achieve
1845	3558	Number of Ways to Assign Edge Weights I	There is an undirected tree with n nodes labeled from 1 to n, rooted at node 1. The tree is represented by a 2D integer array edges of length n - 1, where edges[i] = [ui, vi] indicates that there is an edge between nodes ui and vi. Initially, all edges have a weight of 0. You must assign each edge a weight of either 1 or 2. The cost of a path between any two nodes u and v is the total weight of all edges in the path connecting them. Select any one node x at the maximum depth. Return the number of ways to assign edge weights in the path from node 1 to x such that its total cost is odd. Since th
1845	3825	Longest Strictly Increasing Subsequence With Non-Zero Bitwise AND	You are given an integer array nums. Return the length of the longest strictly increasing subsequence in nums whose bitwise AND is non-zero. If no such subsequence exists, return 0. Example 1: Input: nums = [5,4,7] Output: 2 Explanation: One longest strictly increasing subsequence is [5, 7]. The bitwise AND is 5 AND 7 = 5, which is non-zero. Example 2: Input: nums = [2,3,6] Output: 3 Explanation: The longest strictly increasing subsequence is [2, 3, 6]. The bitwise AND is 2 AND 3 AND 6 = 2, which is non-zero. Example 3: Input: nums = [0,1] Output: 1 Explanation: One longest strictly increasing
1846	1514	Path with Maximum Probability	You are given an undirected weighted graph of n nodes (0-indexed), represented by an edge list where edges[i] = [a, b] is an undirected edge connecting the nodes a and b with a probability of success of traversing that edge succProb[i]. Given two nodes start and end, find the path with the maximum probability of success to go from start to end and return its success probability. If there is no path from start to end, return 0. Your answer will be accepted if it differs from the correct answer by at most 1e-5. Example 1: Input: n = 3, edges = [[0,1],[1,2],[0,2]], succProb = [0.5,0.5,0.2], start
1846	3196	Maximize Total Cost of Alternating Subarrays	You are given an integer array nums with length n. The cost of a subarray nums[l..r], where 0 <= l <= r < n, is defined as: cost(l, r) = nums[l] - nums[l + 1] + ... + nums[r] * (−1)r − l Your task is to split nums into subarrays such that the total cost of the subarrays is maximized, ensuring each element belongs to exactly one subarray. Formally, if nums is split into k subarrays, where k > 1, at indices i1, i2, ..., ik − 1, where 0 <= i1 < i2 < ... < ik - 1 < n - 1, then the total cost will be: cost(0, i1) + cost(i1 + 1, i2) + ... + cost(ik − 1 + 1, n − 1) Return an integer denoting the maxi
1846	874	Walking Robot Simulation	A robot on an infinite XY-plane starts at point (0, 0) facing north. The robot receives an array of integers commands, which represents a sequence of moves that it needs to execute. There are only three possible types of instructions the robot can receive: -2: Turn left 90 degrees. -1: Turn right 90 degrees. 1 <= k <= 9: Move forward k units, one unit at a time. Some of the grid squares are obstacles. The ith obstacle is at grid point obstacles[i] = (xi, yi). If the robot runs into an obstacle, it will stay in its current location (on the block adjacent to the obstacle) and move onto the next 
1847	1258	Synonymous Sentences	
1847	3297	Count Substrings That Can Be Rearranged to Contain a String I	You are given two strings word1 and word2. A string x is called valid if x can be rearranged to have word2 as a prefix. Return the total number of valid substrings of word1. Example 1: Input: word1 = "bcca", word2 = "abc" Output: 1 Explanation: The only valid substring is "bcca" which can be rearranged to "abcc" having "abc" as a prefix. Example 2: Input: word1 = "abcabc", word2 = "abc" Output: 10 Explanation: All the substrings except substrings of size 1 and size 2 are valid. Example 3: Input: word1 = "abcabc", word2 = "aaabc" Output: 0 Constraints: 1 <= word1.length <= 105 1 <= word2.length
1847	3676	Count Bowl Subarrays	You are given an integer array nums with distinct elements. A subarray nums[l...r] of nums is called a bowl if: The subarray has length at least 3. That is, r - l + 1 >= 3. The minimum of its two ends is strictly greater than the maximum of all elements in between. That is, min(nums[l], nums[r]) > max(nums[l + 1], ..., nums[r - 1]). Return the number of bowl subarrays in nums. Example 1: Input: nums = [2,5,3,1,4] Output: 2 Explanation: The bowl subarrays are [3, 1, 4] and [5, 3, 1, 4]. [3, 1, 4] is a bowl because min(3, 4) = 3 > max(1) = 1. [5, 3, 1, 4] is a bowl because min(5, 4) = 4 > max(3,
1848	1177	Can Make Palindrome from Substring	You are given a string s and array queries where queries[i] = [lefti, righti, ki]. We may rearrange the substring s[lefti...righti] for each query and then choose up to ki of them to replace with any lowercase English letter. If the substring is possible to be a palindrome string after the operations above, the result of the query is true. Otherwise, the result is false. Return a boolean array answer where answer[i] is the result of the ith query queries[i]. Note that each letter is counted individually for replacement, so if, for example s[lefti...righti] = "aaa", and ki = 2, we can only repl
1848	3180	Maximum Total Reward Using Operations I	You are given an integer array rewardValues of length n, representing the values of rewards. Initially, your total reward x is 0, and all indices are unmarked. You are allowed to perform the following operation any number of times: Choose an unmarked index i from the range [0, n - 1]. If rewardValues[i] is greater than your current total reward x, then add rewardValues[i] to x (i.e., x = x + rewardValues[i]), and mark the index i. Return an integer denoting the maximum total reward you can collect by performing the operations optimally. Example 1: Input: rewardValues = [1,1,3,3] Output: 4 Expl
1848	3747	Count Distinct Integers After Removing Zeros	You are given a positive integer n. For every integer x from 1 to n, we write down the integer obtained by removing all zeros from the decimal representation of x. Return an integer denoting the number of distinct integers written down. Example 1: Input: n = 10 Output: 9 Explanation: The integers we wrote down are 1, 2, 3, 4, 5, 6, 7, 8, 9, 1. There are 9 distinct integers (1, 2, 3, 4, 5, 6, 7, 8, 9). Example 2: Input: n = 3 Output: 3 Explanation: The integers we wrote down are 1, 2, 3. There are 3 distinct integers (1, 2, 3). Constraints: 1 <= n <= 1015
1849	2059	Minimum Operations to Convert Number	You are given a 0-indexed integer array nums containing distinct numbers, an integer start, and an integer goal. There is an integer x that is initially set to start, and you want to perform operations on x such that it is converted to goal. You can perform the following operation repeatedly on the number x: If 0 <= x <= 1000, then for any index i in the array (0 <= i < nums.length), you can set x to any of the following: x + nums[i] x - nums[i] x ^ nums[i] (bitwise-XOR) Note that you can use each nums[i] any number of times in any order. Operations that set x to be out of the range 0 <= x <= 
1849	3176	Find the Maximum Length of a Good Subsequence I	You are given an integer array nums and a non-negative integer k. A sequence of integers seq is called good if there are at most k indices i in the range [0, seq.length - 2] such that seq[i] != seq[i + 1]. Return the maximum possible length of a good subsequence of nums. Example 1: Input: nums = [1,2,1,1,3], k = 2 Output: 4 Explanation: The maximum length subsequence is [1,2,1,1,3]. Example 2: Input: nums = [1,2,3,4,5,1], k = 0 Output: 2 Explanation: The maximum length subsequence is [1,2,3,4,5,1]. Constraints: 1 <= nums.length <= 500 1 <= nums[i] <= 109 0 <= k <= min(nums.length, 25)
1850	1152	Analyze User Website Visit Pattern	
1850	1477	Find Two Non-overlapping Sub-arrays Each With Target Sum	You are given an array of integers arr and an integer target. You have to find two non-overlapping sub-arrays of arr each with a sum equal target. There can be multiple answers so you have to find an answer where the sum of the lengths of the two sub-arrays is minimum. Return the minimum sum of the lengths of the two required sub-arrays, or return -1 if you cannot find such two sub-arrays. Example 1: Input: arr = [3,2,2,4,3], target = 3 Output: 2 Explanation: Only two sub-arrays have sum = 3 ([3] and [3]). The sum of their lengths is 2. Example 2: Input: arr = [7,3,4,7], target = 7 Output: 2 E
1850	1775	Equal Sum Arrays With Minimum Number of Operations	You are given two arrays of integers nums1 and nums2, possibly of different lengths. The values in the arrays are between 1 and 6, inclusive. In one operation, you can change any integer's value in any of the arrays to any value between 1 and 6, inclusive. Return the minimum number of operations required to make the sum of values in nums1 equal to the sum of values in nums2. Return -1​​​​​ if it is not possible to make the sum of the two arrays equal. Example 1: Input: nums1 = [1,2,3,4,5,6], nums2 = [1,1,2,2,2,2] Output: 3 Explanation: You can make the sums of nums1 and nums2 equal with 3 oper
1851	2162	Minimum Cost to Set Cooking Time	A generic microwave supports cooking times for: at least 1 second. at most 99 minutes and 99 seconds. To set the cooking time, you push at most four digits. The microwave normalizes what you push as four digits by prepending zeroes. It interprets the first two digits as the minutes and the last two digits as the seconds. It then adds them up as the cooking time. For example, You push 9 5 4 (three digits). It is normalized as 0954 and interpreted as 9 minutes and 54 seconds. You push 0 0 0 8 (four digits). It is interpreted as 0 minutes and 8 seconds. You push 8 0 9 0. It is interpreted as 80 m
1851	2830	Maximize the Profit as the Salesman	You are given an integer n representing the number of houses on a number line, numbered from 0 to n - 1. Additionally, you are given a 2D integer array offers where offers[i] = [starti, endi, goldi], indicating that ith buyer wants to buy all the houses from starti to endi for goldi amount of gold. As a salesman, your goal is to maximize your earnings by strategically selecting and selling houses to buyers. Return the maximum amount of gold you can earn. Note that different buyers can't buy the same house, and some houses may remain unsold. Example 1: Input: n = 5, offers = [[0,0,1],[0,2,2],[1
1851	3508	Implement Router	Design a data structure that can efficiently manage data packets in a network router. Each data packet consists of the following attributes: source: A unique identifier for the machine that generated the packet. destination: A unique identifier for the target machine. timestamp: The time at which the packet arrived at the router. Implement the Router class: Router(int memoryLimit): Initializes the Router object with a fixed memory limit. memoryLimit is the maximum number of packets the router can store at any given time. If adding a new packet would exceed this limit, the oldest packet must be
1853	1301	Number of Paths with Max Score	You are given a square board of characters. You can move on the board starting at the bottom right square marked with the character 'S'. You need to reach the top left square marked with the character 'E'. The rest of the squares are labeled either with a numeric character 1, 2, ..., 9 or with an obstacle 'X'. In one move you can go up, left or up-left (diagonally) only if there is no obstacle there. Return a list of two integers: the first integer is the maximum sum of numeric characters you can collect, and the second is the number of such paths that you can take to get that maximum sum, tak
1853	3639	Minimum Time to Activate String	You are given a string s of length n and an integer array order, where order is a permutation of the numbers in the range [0, n - 1]. Starting from time t = 0, replace the character at index order[t] in s with '*' at each time step. A substring is valid if it contains at least one '*'. A string is active if the total number of valid substrings is greater than or equal to k. Return the minimum time t at which the string s becomes active. If it is impossible, return -1. Example 1: Input: s = "abc", order = [1,0,2], k = 2 Output: 0 Explanation: t order[t] Modified s Valid Substrings Count Active 
1853	3650	Minimum Cost Path with Edge Reversals	You are given a directed, weighted graph with n nodes labeled from 0 to n - 1, and an array edges where edges[i] = [ui, vi, wi] represents a directed edge from node ui to node vi with cost wi. Each node ui has a switch that can be used at most once: when you arrive at ui and have not yet used its switch, you may activate it on one of its incoming edges vi → ui reverse that edge to ui → vi and immediately traverse it. The reversal is only valid for that single move, and using a reversed edge costs 2 * wi. Return the minimum total cost to travel from node 0 to node n - 1. If it is not possible, 
1853	3815	Design Auction System	You are asked to design an auction system that manages bids from multiple users in real time. Each bid is associated with a userId, an itemId, and a bidAmount. Implement the AuctionSystem class:​​​​​​​ AuctionSystem(): Initializes the AuctionSystem object. void addBid(int userId, int itemId, int bidAmount): Adds a new bid for itemId by userId with bidAmount. If the same userId already has a bid on itemId, replace it with the new bidAmount. void updateBid(int userId, int itemId, int newAmount): Updates the existing bid of userId for itemId to newAmount. It is guaranteed that this bid exists. vo
1854	1269	Number of Ways to Stay in the Same Place After Some Steps	You have a pointer at index 0 in an array of size arrLen. At each step, you can move 1 position to the left, 1 position to the right in the array, or stay in the same place (The pointer should not be placed outside the array at any time). Given two integers steps and arrLen, return the number of ways such that your pointer is still at index 0 after exactly steps steps. Since the answer may be too large, return it modulo 109 + 7. Example 1: Input: steps = 3, arrLen = 2 Output: 4 Explanation: There are 4 differents ways to stay at index 0 after 3 steps. Right, Left, Stay Stay, Right, Left Right,
1854	1334	Find the City With the Smallest Number of Neighbors at a Threshold Distance	There are n cities numbered from 0 to n-1. Given the array edges where edges[i] = [fromi, toi, weighti] represents a bidirectional and weighted edge between cities fromi and toi, and given the integer distanceThreshold. Return the city with the smallest number of cities that are reachable through some path and whose distance is at most distanceThreshold, If there are multiple such cities, return the city with the greatest number. Notice that the distance of a path connecting cities i and j is equal to the sum of the edges' weights along that path. Example 1: Input: n = 4, edges = [[0,1,3],[1,2
1855	1202	Smallest String With Swaps	You are given a string s, and an array of pairs of indices in the string pairs where pairs[i] = [a, b] indicates 2 indices(0-indexed) of the string. You can swap the characters at any pair of indices in the given pairs any number of times. Return the lexicographically smallest string that s can be changed to after using the swaps. Example 1: Input: s = "dcab", pairs = [[0,3],[1,2]] Output: "bacd" Explaination: Swap s[0] and s[3], s = "bcad" Swap s[1] and s[2], s = "bacd" Example 2: Input: s = "dcab", pairs = [[0,3],[1,2],[0,2]] Output: "abcd" Explaination: Swap s[0] and s[3], s = "bcad" Swap s
1855	1546	Maximum Number of Non-Overlapping Subarrays With Sum Equals Target	Given an array nums and an integer target, return the maximum number of non-empty non-overlapping subarrays such that the sum of values in each subarray is equal to target. Example 1: Input: nums = [1,1,1,1,1], target = 2 Output: 2 Explanation: There are 2 non-overlapping subarrays [1,1,1,1,1] with sum equals to target(2). Example 2: Input: nums = [-1,3,5,1,4,2,-9], target = 6 Output: 2 Explanation: There are 3 subarrays with sum equal to 6. ([5,1], [4,2], [3,5,1,4,2,-9]) but only the first 2 are non-overlapping. Constraints: 1 <= nums.length <= 105 -104 <= nums[i] <= 104 0 <= target <= 106
1855	2800	Shortest String That Contains Three Strings	Given three strings a, b, and c, your task is to find a string that has the minimum length and contains all three strings as substrings. If there are multiple such strings, return the lexicographically smallest one. Return a string denoting the answer to the problem. Notes A string a is lexicographically smaller than a string b (of the same length) if in the first position where a and b differ, string a has a letter that appears earlier in the alphabet than the corresponding letter in b. A substring is a contiguous sequence of characters within a string. Example 1: Input: a = "abc", b = "bca",
1855	3443	Maximum Manhattan Distance After K Changes	You are given a string s consisting of the characters 'N', 'S', 'E', and 'W', where s[i] indicates movements in an infinite grid: 'N' : Move north by 1 unit. 'S' : Move south by 1 unit. 'E' : Move east by 1 unit. 'W' : Move west by 1 unit. Initially, you are at the origin (0, 0). You can change at most k characters to any of the four directions. Find the maximum Manhattan distance from the origin that can be achieved at any time while performing the movements in order. The Manhattan Distance between two cells (xi, yi) and (xj, yj) is |xi - xj| + |yi - yj|. Example 1: Input: s = "NWSE", k = 1 O
1855	799	Champagne Tower	We stack glasses in a pyramid, where the first row has 1 glass, the second row has 2 glasses, and so on until the 100th row. Each glass holds one cup of champagne. Then, some champagne is poured into the first glass at the top. When the topmost glass is full, any excess liquid poured will fall equally to the glass immediately to the left and right of it. When those glasses become full, any excess champagne will fall equally to the left and right of those glasses, and so on. (A glass at the bottom row has its excess champagne fall on the floor.) For example, after one cup of champagne is poured
1856	2266	Count Number of Texts	Alice is texting Bob using her phone. The mapping of digits to letters is shown in the figure below. In order to add a letter, Alice has to press the key of the corresponding digit i times, where i is the position of the letter in the key. For example, to add the letter 's', Alice has to press '7' four times. Similarly, to add the letter 'k', Alice has to press '5' twice. Note that the digits '0' and '1' do not map to any letters, so Alice does not use them. However, due to an error in transmission, Bob did not receive Alice's text message but received a string of pressed keys instead. For exa
1856	3035	Maximum Palindromes After Operations	You are given a 0-indexed string array words having length n and containing 0-indexed strings. You are allowed to perform the following operation any number of times (including zero): Choose integers i, j, x, and y such that 0 <= i, j < n, 0 <= x < words[i].length, 0 <= y < words[j].length, and swap the characters words[i][x] and words[j][y]. Return an integer denoting the maximum number of palindromes words can contain, after performing some operations. Note: i and j may be equal during an operation. Example 1: Input: words = ["abbb","ba","aa"] Output: 3 Explanation: In this example, one way 
1857	1584	Min Cost to Connect All Points	You are given an array points representing integer coordinates of some points on a 2D-plane, where points[i] = [xi, yi]. The cost of connecting two points [xi, yi] and [xj, yj] is the manhattan distance between them: |xi - xj| + |yi - yj|, where |val| denotes the absolute value of val. Return the minimum cost to make all points connected. All points are connected if there is exactly one simple path between any two points. Example 1: Input: points = [[0,0],[2,2],[3,10],[5,2],[7,0]] Output: 20 Explanation: We can connect the points as shown above to get the minimum cost of 20. Notice that there 
1858	1744	Can You Eat Your Favorite Candy on Your Favorite Day?	You are given a (0-indexed) array of positive integers candiesCount where candiesCount[i] represents the number of candies of the ith type you have. You are also given a 2D array queries where queries[i] = [favoriteTypei, favoriteDayi, dailyCapi]. You play a game with the following rules: You start eating candies on day 0. You cannot eat any candy of type i unless you have eaten all candies of type i - 1. You must eat at least one candy per day until you have eaten all the candies. Construct a boolean array answer such that answer.length == queries.length and answer[i] is true if you can eat a
1859	3863	Minimum Operations to Sort a String	You are given a string s consisting of lowercase English letters. In one operation, you can select any substring of s that is not the entire string and sort it in non-descending alphabetical order. Return the minimum number of operations required to make s sorted in non-descending order. If it is not possible, return -1. Example 1: Input: s = "dog" Output: 1 Explanation:​​​​​​​ Sort substring "og" to "go". Now, s = "dgo", which is sorted in ascending order. Thus, the answer is 1. Example 2: Input: s = "card" Output: 2 Explanation: Sort substring "car" to "acr", so s = "acrd". Sort substring "r
1859	3910	Count Connected Subgraphs with Even Node Sum	You are given an undirected graph with n nodes labeled from 0 to n - 1. Node i has a value of nums[i], which is either 0 or 1. The edges of the graph are given by a 2D array edges where edges[i] = [ui, vi] represents an edge between node ui and node vi. For a non-empty subset s of nodes in the graph, we consider the induced subgraph of s generated as follows: We keep only the nodes in s. We keep only the edges whose two endpoints are both in s. Return an integer representing the number of non-empty subsets s of nodes in the graph such that: The induced subgraph of s is connected. The sum of no
1860	1996	The Number of Weak Characters in the Game	You are playing a game that contains multiple characters, and each of the characters has two main properties: attack and defense. You are given a 2D integer array properties where properties[i] = [attacki, defensei] represents the properties of the ith character in the game. A character is said to be weak if any other character has both attack and defense levels strictly greater than this character's attack and defense levels. More formally, a character i is said to be weak if there exists another character j where attackj > attacki and defensej > defensei. Return the number of weak characters
1860	2301	Match Substring After Replacement	You are given two strings s and sub. You are also given a 2D character array mappings where mappings[i] = [oldi, newi] indicates that you may perform the following operation any number of times: Replace a character oldi of sub with newi. Each character in sub cannot be replaced more than once. Return true if it is possible to make sub a substring of s by replacing zero or more characters according to mappings. Otherwise, return false. A substring is a contiguous non-empty sequence of characters within a string. Example 1: Input: s = "fool3e7bar", sub = "leet", mappings = [["e","3"],["t","7"],[
1861	1993	Operations on Tree	You are given a tree with n nodes numbered from 0 to n - 1 in the form of a parent array parent where parent[i] is the parent of the ith node. The root of the tree is node 0, so parent[0] = -1 since it has no parent. You want to design a data structure that allows users to lock, unlock, and upgrade nodes in the tree. The data structure should support the following functions: Lock: Locks the given node for the given user and prevents other users from locking the same node. You may only lock a node using this function if the node is unlocked. Unlock: Unlocks the given node for the given user. Yo
1861	3342	Find Minimum Time to Reach Last Room II	There is a dungeon with n x m rooms arranged as a grid. You are given a 2D array moveTime of size n x m, where moveTime[i][j] represents the minimum time in seconds when you can start moving to that room. You start from the room (0, 0) at time t = 0 and can move to an adjacent room. Moving between adjacent rooms takes one second for one move and two seconds for the next, alternating between the two. Return the minimum time to reach the room (n - 1, m - 1). Two rooms are adjacent if they share a common wall, either horizontally or vertically. Example 1: Input: moveTime = [[0,4],[4,4]] Output: 7
1864	1163	Last Substring in Lexicographical Order	Given a string s, return the last substring of s in lexicographical order. Example 1: Input: s = "abab" Output: "bab" Explanation: The substrings are ["a", "ab", "aba", "abab", "b", "ba", "bab"]. The lexicographically maximum substring is "bab". Example 2: Input: s = "leetcode" Output: "tcode" Constraints: 1 <= s.length <= 4 * 105 s contains only lowercase English letters.
1864	2767	Partition String Into Minimum Beautiful Substrings	Given a binary string s, partition the string into one or more substrings such that each substring is beautiful. A string is beautiful if: It doesn't contain leading zeros. It's the binary representation of a number that is a power of 5. Return the minimum number of substrings in such partition. If it is impossible to partition the string s into beautiful substrings, return -1. A substring is a contiguous sequence of characters in a string. Example 1: Input: s = "1011" Output: 2 Explanation: We can paritition the given string into ["101", "1"]. - The string "101" does not contain leading zeros
1864	3326	Minimum Division Operations to Make Array Non Decreasing	You are given an integer array nums. Any positive divisor of a natural number x that is strictly less than x is called a proper divisor of x. For example, 2 is a proper divisor of 4, while 6 is not a proper divisor of 6. You are allowed to perform an operation any number of times on nums, where in each operation you select any one element from nums and divide it by its greatest proper divisor. Return the minimum number of operations required to make the array non-decreasing. If it is not possible to make the array non-decreasing using any number of operations, return -1. Example 1: Input: nums
1864	3346	Maximum Frequency of an Element After Performing Operations I	You are given an integer array nums and two integers k and numOperations. You must perform an operation numOperations times on nums, where in each operation you: Select an index i that was not selected in any previous operations. Add an integer in the range [-k, k] to nums[i]. Return the maximum possible frequency of any element in nums after performing the operations. Example 1: Input: nums = [1,4,5], k = 1, numOperations = 2 Output: 2 Explanation: We can achieve a maximum frequency of two by: Adding 0 to nums[1]. nums becomes [1, 4, 5]. Adding -1 to nums[2]. nums becomes [1, 4, 4]. Example 2
1865	2039	The Time When the Network Becomes Idle	There is a network of n servers, labeled from 0 to n - 1. You are given a 2D integer array edges, where edges[i] = [ui, vi] indicates there is a message channel between servers ui and vi, and they can pass any number of messages to each other directly in one second. You are also given a 0-indexed integer array patience of length n. All servers are connected, i.e., a message can be passed from one server to any other server(s) directly or indirectly through the message channels. The server labeled 0 is the master server. The rest are data servers. Each data server needs to send its message to t
1866	1340	Jump Game V	Given an array of integers arr and an integer d. In one step you can jump from index i to index: i + x where: i + x < arr.length and 0 < x <= d. i - x where: i - x >= 0 and 0 < x <= d. In addition, you can only jump from index i to index j if arr[i] > arr[j] and arr[i] > arr[k] for all indices k between i and j (More formally min(i, j) < k < max(i, j)). You can choose any index of the array and start jumping. Return the maximum number of indices you can visit. Notice that you can not jump outside of the array at any time. Example 1: Input: arr = [6,4,14,6,8,13,9,7,10,6,12], d = 2 Output: 4 Exp
1867	1605	Find Valid Matrix Given Row and Column Sums	You are given two arrays rowSum and colSum of non-negative integers where rowSum[i] is the sum of the elements in the ith row and colSum[j] is the sum of the elements of the jth column of a 2D matrix. In other words, you do not know the elements of the matrix, but you do know the sums of each row and column. Find any matrix of non-negative integers of size rowSum.length x colSum.length that satisfies the rowSum and colSum requirements. Return a 2D array representing any matrix that fulfills the requirements. It's guaranteed that at least one matrix that fulfills the requirements exists. Exampl
1867	1717	Maximum Score From Removing Substrings	You are given a string s and two integers x and y. You can perform two types of operations any number of times. Remove substring "ab" and gain x points. For example, when removing "ab" from "cabxbae" it becomes "cxbae". Remove substring "ba" and gain y points. For example, when removing "ba" from "cabxbae" it becomes "cabxe". Return the maximum points you can gain after applying the above operations on s. Example 1: Input: s = "cdbcbbaaabab", x = 4, y = 5 Output: 19 Explanation: - Remove the "ba" underlined in "cdbcbbaaabab". Now, s = "cdbcbbaaab" and 5 points are added to the score. - Remove 
1868	1616	Split Two Strings to Make Palindrome	You are given two strings a and b of the same length. Choose an index and split both strings at the same index, splitting a into two strings: aprefix and asuffix where a = aprefix + asuffix, and splitting b into two strings: bprefix and bsuffix where b = bprefix + bsuffix. Check if aprefix + bsuffix or bprefix + asuffix forms a palindrome. When you split a string s into sprefix and ssuffix, either ssuffix or sprefix is allowed to be empty. For example, if s = "abc", then "" + "abc", "a" + "bc", "ab" + "c" , and "abc" + "" are valid splits. Return true if it is possible to form a palindrome str
1868	2212	Maximum Points in an Archery Competition	Alice and Bob are opponents in an archery competition. The competition has set the following rules: Alice first shoots numArrows arrows and then Bob shoots numArrows arrows. The points are then calculated as follows: The target has integer scoring sections ranging from 0 to 11 inclusive. For each section of the target with score k (in between 0 to 11), say Alice and Bob have shot ak and bk arrows on that section respectively. If ak >= bk, then Alice takes k points. If ak < bk, then Bob takes k points. However, if ak == bk == 0, then nobody takes k points. For example, if Alice and Bob both sho
1868	924	Minimize Malware Spread	You are given a network of n nodes represented as an n x n adjacency matrix graph, where the ith node is directly connected to the jth node if graph[i][j] == 1. Some nodes initial are initially infected by malware. Whenever two nodes are directly connected, and at least one of those two nodes is infected by malware, both nodes will be infected by malware. This spread of malware will continue until no more nodes can be infected in this manner. Suppose M(initial) is the final number of nodes infected with malware in the entire network after the spread of malware stops. We will remove exactly one
1869	2002	Maximum Product of the Length of Two Palindromic Subsequences	Given a string s, find two disjoint palindromic subsequences of s such that the product of their lengths is maximized. The two subsequences are disjoint if they do not both pick a character at the same index. Return the maximum possible product of the lengths of the two palindromic subsequences. A subsequence is a string that can be derived from another string by deleting some or no characters without changing the order of the remaining characters. A string is palindromic if it reads the same forward and backward. Example 1: Input: s = "leetcodecom" Output: 9 Explanation: An optimal solution i
1869	3635	Earliest Finish Time for Land and Water Rides II	You are given two categories of theme park attractions: land rides and water rides. Land rides landStartTime[i] – the earliest time the ith land ride can be boarded. landDuration[i] – how long the ith land ride lasts. Water rides waterStartTime[j] – the earliest time the jth water ride can be boarded. waterDuration[j] – how long the jth water ride lasts. A tourist must experience exactly one ride from each category, in either order. A ride may be started at its opening time or any later moment. If a ride is started at time t, it finishes at time t + duration. Immediately after finishing one ri
1871	1589	Maximum Sum Obtained of Any Permutation	We have an array of integers, nums, and an array of requests where requests[i] = [starti, endi]. The ith request asks for the sum of nums[starti] + nums[starti + 1] + ... + nums[endi - 1] + nums[endi]. Both starti and endi are 0-indexed. Return the maximum total sum of all requests among all permutations of nums. Since the answer may be too large, return it modulo 109 + 7. Example 1: Input: nums = [1,2,3,4,5], requests = [[1,3],[0,1]] Output: 19 Explanation: One permutation of nums is [2,1,3,4,5] with the following result: requests[0] -> nums[1] + nums[2] + nums[3] = 1 + 3 + 4 = 8 requests[1] 
1871	2008	Maximum Earnings From Taxi	There are n points on a road you are driving your taxi on. The n points on the road are labeled from 1 to n in the direction you are going, and you want to drive from point 1 to point n to make money by picking up passengers. You cannot change the direction of the taxi. The passengers are represented by a 0-indexed 2D integer array rides, where rides[i] = [starti, endi, tipi] denotes the ith passenger requesting a ride from point starti to point endi who is willing to give a tipi dollar tip. For each passenger i you pick up, you earn endi - starti + tipi dollars. You may only drive at most one
1872	1526	Minimum Number of Increments on Subarrays to Form a Target Array	You are given an integer array target. You have an integer array initial of the same size as target with all elements initially zeros. In one operation you can choose any subarray from initial and increment each value by one. Return the minimum number of operations to form a target array from initial. The test cases are generated so that the answer fits in a 32-bit integer. Example 1: Input: target = [1,2,3,2,1] Output: 3 Explanation: We need at least 3 operations to form the target array from the initial array. [0,0,0,0,0] increment 1 from index 0 to 4 (inclusive). [1,1,1,1,1] increment 1 fro
1873	1001	Grid Illumination	There is a 2D grid of size n x n where each cell of this grid has a lamp that is initially turned off. You are given a 2D array of lamp positions lamps, where lamps[i] = [rowi, coli] indicates that the lamp at grid[rowi][coli] is turned on. Even if the same lamp is listed more than once, it is turned on. When a lamp is turned on, it illuminates its cell and all other cells in the same row, column, or diagonal. You are also given another 2D array queries, where queries[j] = [rowj, colj]. For the jth query, determine whether grid[rowj][colj] is illuminated or not. After answering the jth query, 
1873	2975	Maximum Square Area by Removing Fences From a Field	There is a large (m - 1) x (n - 1) rectangular field with corners at (1, 1) and (m, n) containing some horizontal and vertical fences given in arrays hFences and vFences respectively. Horizontal fences are from the coordinates (hFences[i], 1) to (hFences[i], n) and vertical fences are from the coordinates (1, vFences[i]) to (m, vFences[i]). Return the maximum area of a square field that can be formed by removing some fences (possibly none) or -1 if it is impossible to make a square field. Since the answer may be large, return it modulo 109 + 7. Note: The field is surrounded by two horizontal f
1874	1015	Smallest Integer Divisible by K	Given a positive integer k, you need to find the length of the smallest positive integer n such that n is divisible by k, and n only contains the digit 1. Return the length of n. If there is no such n, return -1. Note: n may not fit in a 64-bit signed integer. Example 1: Input: k = 1 Output: 1 Explanation: The smallest answer is n = 1, which has length 1. Example 2: Input: k = 2 Output: -1 Explanation: There is no such positive integer n divisible by 2. Example 3: Input: k = 3 Output: 3 Explanation: The smallest answer is n = 111, which has length 3. Constraints: 1 <= k <= 105
1875	2808	Minimum Seconds to Equalize a Circular Array	You are given a 0-indexed array nums containing n integers. At each second, you perform the following operation on the array: For every index i in the range [0, n - 1], replace nums[i] with either nums[i], nums[(i - 1 + n) % n], or nums[(i + 1) % n]. Note that all the elements get replaced simultaneously. Return the minimum number of seconds needed to make all elements in the array nums equal. Example 1: Input: nums = [1,2,1,2] Output: 1 Explanation: We can equalize the array in 1 second in the following way: - At 1st second, replace values at each index with [nums[3],nums[1],nums[3],nums[3]].
1876	1392	Longest Happy Prefix	A string is called a happy prefix if is a non-empty prefix which is also a suffix (excluding itself). Given a string s, return the longest happy prefix of s. Return an empty string "" if no such prefix exists. Example 1: Input: s = "level" Output: "l" Explanation: s contains 4 prefix excluding itself ("l", "le", "lev", "leve"), and suffix ("l", "el", "vel", "evel"). The largest prefix which is also suffix is given by "l". Example 2: Input: s = "ababab" Output: "abab" Explanation: "abab" is the largest prefix which is also suffix. They can overlap in the original string. Constraints: 1 <= s.len
1876	1838	Frequency of the Most Frequent Element	The frequency of an element is the number of times it occurs in an array. You are given an integer array nums and an integer k. In one operation, you can choose an index of nums and increment the element at that index by 1. Return the maximum possible frequency of an element after performing at most k operations. Example 1: Input: nums = [1,2,4], k = 5 Output: 3 Explanation: Increment the first element three times and the second element two times to make nums = [4,4,4]. 4 has a frequency of 3. Example 2: Input: nums = [1,4,8,13], k = 5 Output: 2 Explanation: There are multiple optimal solution
1876	955	Delete Columns to Make Sorted II	You are given an array of n strings strs, all of the same length. We may choose any deletion indices, and we delete all the characters in those indices for each string. For example, if we have strs = ["abcdef","uvwxyz"] and deletion indices {0, 2, 3}, then the final array after deletions is ["bef", "vyz"]. Suppose we chose a set of deletion indices answer such that after deletions, the final array has its elements in lexicographic order (i.e., strs[0] <= strs[1] <= strs[2] <= ... <= strs[n - 1]). Return the minimum possible value of answer.length. Example 1: Input: strs = ["ca","bb","ac"] Outp
1877	1234	Replace the Substring for Balanced String	You are given a string s of length n containing only four kinds of characters: 'Q', 'W', 'E', and 'R'. A string is said to be balanced if each of its characters appears n / 4 times where n is the length of the string. Return the minimum length of the substring that can be replaced with any other string of the same length to make s balanced. If s is already balanced, return 0. Example 1: Input: s = "QWER" Output: 0 Explanation: s is already balanced. Example 2: Input: s = "QQWE" Output: 1 Explanation: We need to replace a 'Q' to 'R', so that "RQWE" (or "QRWE") is balanced. Example 3: Input: s =
1877	752	Open the Lock	You have a lock in front of you with 4 circular wheels. Each wheel has 10 slots: '0', '1', '2', '3', '4', '5', '6', '7', '8', '9'. The wheels can rotate freely and wrap around: for example we can turn '9' to be '0', or '0' to be '9'. Each move consists of turning one wheel one slot. The lock initially starts at '0000', a string representing the state of the 4 wheels. You are given a list of deadends dead ends, meaning if the lock displays any of these codes, the wheels of the lock will stop turning and you will be unable to open it. Given a target representing the value of the wheels that will
1880	1106	Parsing A Boolean Expression	A boolean expression is an expression that evaluates to either true or false. It can be in one of the following shapes: 't' that evaluates to true. 'f' that evaluates to false. '!(subExpr)' that evaluates to the logical NOT of the inner expression subExpr. '&(subExpr1, subExpr2, ..., subExprn)' that evaluates to the logical AND of the inner expressions subExpr1, subExpr2, ..., subExprn where n >= 1. '|(subExpr1, subExpr2, ..., subExprn)' that evaluates to the logical OR of the inner expressions subExpr1, subExpr2, ..., subExprn where n >= 1. Given a string expression that represents a boolean 
1880	1536	Minimum Swaps to Arrange a Binary Grid	Given an n x n binary grid, in one step you can choose two adjacent rows of the grid and swap them. A grid is said to be valid if all the cells above the main diagonal are zeros. Return the minimum number of steps needed to make the grid valid, or -1 if the grid cannot be valid. The main diagonal of a grid is the diagonal that starts at cell (1, 1) and ends at cell (n, n). Example 1: Input: grid = [[0,0,1],[1,1,0],[1,0,0]] Output: 3 Example 2: Input: grid = [[0,1,1,0],[0,1,1,0],[0,1,1,0],[0,1,1,0]] Output: -1 Explanation: All rows are similar, swaps have no effect on the grid. Example 3: Input
1880	2101	Detonate the Maximum Bombs	You are given a list of bombs. The range of a bomb is defined as the area where its effect can be felt. This area is in the shape of a circle with the center as the location of the bomb. The bombs are represented by a 0-indexed 2D integer array bombs where bombs[i] = [xi, yi, ri]. xi and yi denote the X-coordinate and Y-coordinate of the location of the ith bomb, whereas ri denotes the radius of its range. You may choose to detonate a single bomb. When a bomb is detonated, it will detonate all bombs that lie in its range. These bombs will further detonate the bombs that lie in their ranges. Gi
1880	754	Reach a Number	You are standing at position 0 on an infinite number line. There is a destination at position target. You can make some number of moves numMoves so that: On each move, you can either go left or right. During the ith move (starting from i == 1 to i == numMoves), you take i steps in the chosen direction. Given the integer target, return the minimum number of moves required (i.e., the minimum numMoves) to reach the destination. Example 1: Input: target = 2 Output: 3 Explanation: On the 1st move, we step from 0 to 1 (1 step). On the 2nd move, we step from 1 to -1 (2 steps). On the 3rd move, we ste
1880	858	Mirror Reflection	There is a special square room with mirrors on each of the four walls. Except for the southwest corner, there are receptors on each of the remaining corners, numbered 0, 1, and 2. The square room has walls of length p and a laser ray from the southwest corner first meets the east wall at a distance q from the 0th receptor. Given the two integers p and q, return the number of the receptor that the ray meets first. The test cases are guaranteed so that the ray will meet a receptor eventually. Example 1: Input: p = 2, q = 1 Output: 2 Explanation: The ray meets receptor 2 the first time it gets re
1881	1255	Maximum Score Words Formed by Letters	Given a list of words, list of single letters (might be repeating) and score of every character. Return the maximum score of any valid set of words formed by using the given letters (words[i] cannot be used two or more times). It is not necessary to use all characters in letters and each letter can only be used once. Score of letters 'a', 'b', 'c', ... ,'z' is given by score[0], score[1], ... , score[25] respectively. Example 1: Input: words = ["dog","cat","dad","good"], letters = ["a","a","c","d","d","d","g","o","o"], score = [1,0,9,5,0,0,3,0,0,0,0,0,0,0,2,0,0,0,0,0,0,0,0,0,0,0] Output: 23 Ex
1882	2976	Minimum Cost to Convert String I	You are given two 0-indexed strings source and target, both of length n and consisting of lowercase English letters. You are also given two 0-indexed character arrays original and changed, and an integer array cost, where cost[i] represents the cost of changing the character original[i] to the character changed[i]. You start with the string source. In one operation, you can pick a character x from the string and change it to the character y at a cost of z if there exists any index j such that cost[j] == z, original[j] == x, and changed[j] == y. Return the minimum cost to convert the string sou
1883	2054	Two Best Non-Overlapping Events	You are given a 0-indexed 2D integer array of events where events[i] = [startTimei, endTimei, valuei]. The ith event starts at startTimei and ends at endTimei, and if you attend this event, you will receive a value of valuei. You can choose at most two non-overlapping events to attend such that the sum of their values is maximized. Return this maximum sum. Note that the start time and end time is inclusive: that is, you cannot attend two events where one of them starts and the other ends at the same time. More specifically, if you attend an event with end time t, the next event must start at o
1883	3472	Longest Palindromic Subsequence After at Most K Operations	You are given a string s and an integer k. In one operation, you can replace the character at any position with the next or previous letter in the alphabet (wrapping around so that 'a' is after 'z'). For example, replacing 'a' with the next letter results in 'b', and replacing 'a' with the previous letter results in 'z'. Similarly, replacing 'z' with the next letter results in 'a', and replacing 'z' with the previous letter results in 'y'. Return the length of the longest palindromic subsequence of s that can be obtained after performing at most k operations. Example 1: Input: s = "abced", k =
1883	3514	Number of Unique XOR Triplets II	You are given an integer array nums. A XOR triplet is defined as the XOR of three elements nums[i] XOR nums[j] XOR nums[k] where i <= j <= k. Return the number of unique XOR triplet values from all possible triplets (i, j, k). Example 1: Input: nums = [1,3] Output: 2 Explanation: The possible XOR triplet values are: (0, 0, 0) → 1 XOR 1 XOR 1 = 1 (0, 0, 1) → 1 XOR 1 XOR 3 = 3 (0, 1, 1) → 1 XOR 3 XOR 3 = 1 (1, 1, 1) → 3 XOR 3 XOR 3 = 3 The unique XOR values are {1, 3}. Thus, the output is 2. Example 2: Input: nums = [6,7,8,9] Output: 4 Explanation: The possible XOR triplet values are {6, 7, 8, 9
1883	3665	Twisted Mirror Path Count	Given an m x n binary grid grid where: grid[i][j] == 0 represents an empty cell, and grid[i][j] == 1 represents a mirror. A robot starts at the top-left corner of the grid (0, 0) and wants to reach the bottom-right corner (m - 1, n - 1). It can move only right or down. If the robot attempts to move into a mirror cell, it is reflected before entering that cell: If it tries to move right into a mirror, it is turned down and moved into the cell directly below the mirror. If it tries to move down into a mirror, it is turned right and moved into the cell directly to the right of the mirror. If this
1883	3923	Minimum Generations to Target Point	You are given a 2D integer array points where points[i] = [xi, yi, zi] represents a point in 3D space, and an integer array target representing a target point. Define generation 0 as the initial list of points. For each integer k >= 1, form generation k as follows: Consider every pair of two distinct points a = [x1, y1, z1] and b = [x2, y2, z2] taken from all points produced in generations 0 through k - 1. For each such pair, compute c = [floor((x1 + x2) / 2), floor((y1 + y2) / 2), floor((z1 + z2) / 2)] and collect every such c into a generation k. All points in the generation k are produced s
1885	1066	Campus Bikes II	
1885	1326	Minimum Number of Taps to Open to Water a Garden	There is a one-dimensional garden on the x-axis. The garden starts at the point 0 and ends at the point n. (i.e., the length of the garden is n). There are n + 1 taps located at points [0, 1, ..., n] in the garden. Given an integer n and an integer array ranges of length n + 1 where ranges[i] (0-indexed) means the i-th tap can water the area [i - ranges[i], i + ranges[i]] if it was open. Return the minimum number of taps that should be open to water the whole garden, If the garden cannot be watered return -1. Example 1: Input: n = 5, ranges = [3,4,1,1,0,0] Output: 1 Explanation: The tap at poi
1885	2064	Minimized Maximum of Products Distributed to Any Store	You are given an integer n indicating there are n specialty retail stores. There are m product types of varying amounts, which are given as a 0-indexed integer array quantities, where quantities[i] represents the number of products of the ith product type. You need to distribute all products to the retail stores following these rules: A store can only be given at most one product type but can be given any amount of it. After distribution, each store will have been given some number of products (possibly 0). Let x represent the maximum number of products given to any store. You want x to be as 
1886	2305	Fair Distribution of Cookies	You are given an integer array cookies, where cookies[i] denotes the number of cookies in the ith bag. You are also given an integer k that denotes the number of children to distribute all the bags of cookies to. All the cookies in the same bag must go to the same child and cannot be split up. The unfairness of a distribution is defined as the maximum total cookies obtained by a single child in the distribution. Return the minimum unfairness of all distributions. Example 1: Input: cookies = [8,15,10,20,8], k = 2 Output: 31 Explanation: One optimal distribution is [8,15,8] and [10,20] - The 1st
1889	2817	Minimum Absolute Difference Between Elements With Constraint	You are given a 0-indexed integer array nums and an integer x. Find the minimum absolute difference between two elements in the array that are at least x indices apart. In other words, find two indices i and j such that abs(i - j) >= x and abs(nums[i] - nums[j]) is minimized. Return an integer denoting the minimum absolute difference between two elements that are at least x indices apart. Example 1: Input: nums = [4,3,2,4], x = 2 Output: 0 Explanation: We can select nums[0] = 4 and nums[3] = 4. They are at least 2 indices apart, and their absolute difference is the minimum, 0. It can be shown 
1889	3542	Minimum Operations to Convert All Elements to Zero	You are given an array nums of size n, consisting of non-negative integers. Your task is to apply some (possibly zero) operations on the array so that all elements become 0. In one operation, you can select a subarray [i, j] (where 0 <= i <= j < n) and set all occurrences of the minimum non-negative integer in that subarray to 0. Return the minimum number of operations required to make all elements in the array 0. Example 1: Input: nums = [0,2] Output: 1 Explanation: Select the subarray [1,1] (which is [2]), where the minimum non-negative integer is 2. Setting all occurrences of 2 to 0 results
1891	2537	Count the Number of Good Subarrays	Given an integer array nums and an integer k, return the number of good subarrays of nums. A subarray arr is good if there are at least k pairs of indices (i, j) such that i < j and arr[i] == arr[j]. A subarray is a contiguous non-empty sequence of elements within an array. Example 1: Input: nums = [1,1,1,1,1], k = 10 Output: 1 Explanation: The only good subarray is the array nums itself. Example 2: Input: nums = [3,1,4,3,2,2,4], k = 2 Output: 4 Explanation: There are 4 different good subarrays: - [3,1,4,3,2,2] that has 2 pairs. - [3,1,4,3,2,2,4] that has 3 pairs. - [1,4,3,2,2,4] that has 2 pa
1891	3097	Shortest Subarray With OR at Least K II	You are given an array nums of non-negative integers and an integer k. An array is called special if the bitwise OR of all of its elements is at least k. Return the length of the shortest special non-empty subarray of nums, or return -1 if no special subarray exists. Example 1: Input: nums = [1,2,3], k = 2 Output: 1 Explanation: The subarray [3] has OR value of 3. Hence, we return 1. Example 2: Input: nums = [2,1,8], k = 10 Output: 3 Explanation: The subarray [2,1,8] has OR value of 11. Hence, we return 3. Example 3: Input: nums = [1,2], k = 0 Output: 1 Explanation: The subarray [1] has OR val
1892	1722	Minimize Hamming Distance After Swap Operations	You are given two integer arrays, source and target, both of length n. You are also given an array allowedSwaps where each allowedSwaps[i] = [ai, bi] indicates that you are allowed to swap the elements at index ai and index bi (0-indexed) of array source. Note that you can swap elements at a specific pair of indices multiple times and in any order. The Hamming distance of two arrays of the same length, source and target, is the number of positions where the elements are different. Formally, it is the number of indices i for 0 <= i <= n-1 where source[i] != target[i] (0-indexed). Return the min
1892	3608	Minimum Time for K Connected Components	You are given an integer n and an undirected graph with n nodes labeled from 0 to n - 1. This is represented by a 2D array edges, where edges[i] = [ui, vi, timei] indicates an undirected edge between nodes ui and vi that can be removed at timei. You are also given an integer k. Initially, the graph may be connected or disconnected. Your task is to find the minimum time t such that after removing all edges with time <= t, the graph contains at least k connected components. Return the minimum time t. A connected component is a subgraph of a graph in which there exists a path between any two vert
1893	2327	Number of People Aware of a Secret	On day 1, one person discovers a secret. You are given an integer delay, which means that each person will share the secret with a new person every day, starting from delay days after discovering the secret. You are also given an integer forget, which means that each person will forget the secret forget days after discovering it. A person cannot share the secret on the same day they forgot it, or on any day afterwards. Given an integer n, return the number of people who know the secret at the end of day n. Since the answer may be very large, return it modulo 109 + 7. Example 1: Input: n = 6, d
1894	3036	Number of Subarrays That Match a Pattern II	You are given a 0-indexed integer array nums of size n, and a 0-indexed integer array pattern of size m consisting of integers -1, 0, and 1. A subarray nums[i..j] of size m + 1 is said to match the pattern if the following conditions hold for each element pattern[k]: nums[i + k + 1] > nums[i + k] if pattern[k] == 1. nums[i + k + 1] == nums[i + k] if pattern[k] == 0. nums[i + k + 1] < nums[i + k] if pattern[k] == -1. Return the count of subarrays in nums that match the pattern. Example 1: Input: nums = [1,2,3,4,5,6], pattern = [1,1] Output: 4 Explanation: The pattern [1,1] indicates that we are
1896	1871	Jump Game VII	You are given a 0-indexed binary string s and two integers minJump and maxJump. In the beginning, you are standing at index 0, which is equal to '0'. You can move from index i to index j if the following conditions are fulfilled: i + minJump <= j <= min(i + maxJump, s.length - 1), and s[j] == '0'. Return true if you can reach index s.length - 1 in s, or false otherwise. Example 1: Input: s = "011010", minJump = 2, maxJump = 3 Output: true Explanation: In the first step, move from index 0 to index 3. In the second step, move from index 3 to index 5. Example 2: Input: s = "01101110", minJump = 2
1896	3030	Find the Grid of Region Average	You are given m x n grid image which represents a grayscale image, where image[i][j] represents a pixel with intensity in the range [0..255]. You are also given a non-negative integer threshold. Two pixels are adjacent if they share an edge. A region is a 3 x 3 subgrid where the absolute difference in intensity between any two adjacent pixels is less than or equal to threshold. All pixels in a region belong to that region, note that a pixel can belong to multiple regions. You need to calculate a m x n grid result, where result[i][j] is the average intensity of the regions to which image[i][j] 
1896	878	Nth Magical Number	A positive integer is magical if it is divisible by either a or b. Given the three integers n, a, and b, return the nth magical number. Since the answer may be very large, return it modulo 109 + 7. Example 1: Input: n = 1, a = 2, b = 3 Output: 2 Example 2: Input: n = 4, a = 2, b = 3 Output: 6 Constraints: 1 <= n <= 109 2 <= a, b <= 4 * 104
1897	1878	Get Biggest Three Rhombus Sums in a Grid	You are given an m x n integer matrix grid​​​. A rhombus sum is the sum of the elements that form the border of a regular rhombus shape in grid​​​. The rhombus must have the shape of a square rotated 45 degrees with each of the corners centered in a grid cell. Below is an image of four valid rhombus shapes with the corresponding colored cells that should be included in each rhombus sum: Note that the rhombus can have an area of 0, which is depicted by the purple rhombus in the bottom right corner. Return the biggest three distinct rhombus sums in the grid in descending order. If there are less
1897	2360	Longest Cycle in a Graph	You are given a directed graph of n nodes numbered from 0 to n - 1, where each node has at most one outgoing edge. The graph is represented with a given 0-indexed array edges of size n, indicating that there is a directed edge from node i to node edges[i]. If there is no outgoing edge from node i, then edges[i] == -1. Return the length of the longest cycle in the graph. If no cycle exists, return -1. A cycle is a path that starts and ends at the same node. Example 1: Input: edges = [3,3,4,2,3] Output: 3 Explanation: The longest cycle in the graph is the cycle: 2 -> 4 -> 3 -> 2. The length of t
1897	3250	Find the Count of Monotonic Pairs I	You are given an array of positive integers nums of length n. We call a pair of non-negative integer arrays (arr1, arr2) monotonic if: The lengths of both arrays are n. arr1 is monotonically non-decreasing, in other words, arr1[0] <= arr1[1] <= ... <= arr1[n - 1]. arr2 is monotonically non-increasing, in other words, arr2[0] >= arr2[1] >= ... >= arr2[n - 1]. arr1[i] + arr2[i] == nums[i] for all 0 <= i <= n - 1. Return the count of monotonic pairs. Since the answer may be very large, return it modulo 109 + 7. Example 1: Input: nums = [2,3,2] Output: 4 Explanation: The good pairs are: ([0, 1, 1]
1897	780	Reaching Points	Given four integers sx, sy, tx, and ty, return true if it is possible to convert the point (sx, sy) to the point (tx, ty) through some operations, or false otherwise. The allowed operation on some point (x, y) is to convert it to either (x, x + y) or (x + y, y). Example 1: Input: sx = 1, sy = 1, tx = 3, ty = 5 Output: true Explanation: One series of moves that transforms the starting point to the target is: (1, 1) -> (1, 2) (1, 2) -> (3, 2) (3, 2) -> (3, 5) Example 2: Input: sx = 1, sy = 1, tx = 2, ty = 2 Output: false Example 3: Input: sx = 1, sy = 1, tx = 1, ty = 1 Output: true Constraints: 
1898	2901	Longest Unequal Adjacent Groups Subsequence II	You are given a string array words, and an array groups, both arrays having length n. The hamming distance between two strings of equal length is the number of positions at which the corresponding characters are different. You need to select the longest subsequence from an array of indices [0, 1, ..., n - 1], such that for the subsequence denoted as [i0, i1, ..., ik-1] having length k, the following holds: For adjacent indices in the subsequence, their corresponding groups are unequal, i.e., groups[ij] != groups[ij+1], for each j where 0 < j + 1 < k. words[ij] and words[ij+1] are equal in leng
1899	823	Binary Trees With Factors	Given an array of unique integers, arr, where each integer arr[i] is strictly greater than 1. We make a binary tree using these integers, and each number may be used for any number of times. Each non-leaf node's value should be equal to the product of the values of its children. Return the number of binary trees we can make. The answer may be too large so return the answer modulo 109 + 7. Example 1: Input: arr = [2,4] Output: 3 Explanation: We can make these trees: [2], [4], [4, 2, 2] Example 2: Input: arr = [2,4,5,10] Output: 7 Explanation: We can make these trees: [2], [4], [5], [10], [4, 2,
