1700	2962	Count Subarrays Where Max Element Appears at Least K Times	You are given an integer array nums and a positive integer k. Return the number of subarrays where the maximum element of nums appears at least k times in that subarray. A subarray is a contiguous sequence of elements within an array. Example 1: Input: nums = [1,3,2,3,3], k = 2 Output: 6 Explanation: The subarrays that contain the element 3 at least 2 times are: [1,3,2,3], [1,3,2,3,3], [3,2,3], [3,2,3,3], [2,3,3] and [3,3]. Example 2: Input: nums = [1,4,2,1], k = 3 Output: 0 Explanation: No subarray contains the element 4 at least 3 times. Constraints: 1 <= nums.length <= 105 1 <= nums[i] <= 1
1700	3592	Inverse Coin Change	You are given a 1-indexed integer array numWays, where numWays[i] represents the number of ways to select a total amount i using an infinite supply of some fixed coin denominations. Each denomination is a positive integer with value at most numWays.length. However, the exact coin denominations have been lost. Your task is to recover the set of denominations that could have resulted in the given numWays array. Return a sorted array containing unique integers which represents this set of denominations. If no such set exists, return an empty array. Example 1: Input: numWays = [0,1,0,2,0,3,0,4,0,5
1701	1054	Distant Barcodes	In a warehouse, there is a row of barcodes, where the ith barcode is barcodes[i]. Rearrange the barcodes so that no two adjacent barcodes are equal. You may return any answer, and it is guaranteed an answer exists. Example 1: Input: barcodes = [1,1,1,2,2,2] Output: [2,1,2,1,2,1] Example 2: Input: barcodes = [1,1,1,1,2,2,3,3] Output: [1,3,1,3,1,2,1,2] Constraints: 1 <= barcodes.length <= 10000 1 <= barcodes[i] <= 10000
1701	1774	Closest Dessert Cost	You would like to make dessert and are preparing to buy the ingredients. You have n ice cream base flavors and m types of toppings to choose from. You must follow these rules when making your dessert: There must be exactly one ice cream base. You can add one or more types of topping or have no toppings at all. There are at most two of each type of topping. You are given three inputs: baseCosts, an integer array of length n, where each baseCosts[i] represents the price of the ith ice cream base flavor. toppingCosts, an integer array of length m, where each toppingCosts[i] is the price of one of
1701	2929	Distribute Candies Among Children II	You are given two positive integers n and limit. Return the total number of ways to distribute n candies among 3 children such that no child gets more than limit candies. Example 1: Input: n = 5, limit = 2 Output: 3 Explanation: There are 3 ways to distribute 5 candies such that no child gets more than 2 candies: (1, 2, 2), (2, 1, 2) and (2, 2, 1). Example 2: Input: n = 3, limit = 3 Output: 10 Explanation: There are 10 ways to distribute 3 candies such that no child gets more than 3 candies: (0, 0, 3), (0, 1, 2), (0, 2, 1), (0, 3, 0), (1, 0, 2), (1, 1, 1), (1, 2, 0), (2, 0, 1), (2, 1, 0) and (
1702	2080	Range Frequency Queries	Design a data structure to find the frequency of a given value in a given subarray. The frequency of a value in a subarray is the number of occurrences of that value in the subarray. Implement the RangeFreqQuery class: RangeFreqQuery(int[] arr) Constructs an instance of the class with the given 0-indexed integer array arr. int query(int left, int right, int value) Returns the frequency of value in the subarray arr[left...right]. A subarray is a contiguous sequence of elements within an array. arr[left...right] denotes the subarray that contains the elements of nums between indices left and rig
1702	2100	Find Good Days to Rob the Bank	You and a gang of thieves are planning on robbing a bank. You are given a 0-indexed integer array security, where security[i] is the number of guards on duty on the ith day. The days are numbered starting from 0. You are also given an integer time. The ith day is a good day to rob the bank if: There are at least time days before and after the ith day, The number of guards at the bank for the time days before i are non-increasing, and The number of guards at the bank for the time days after i are non-decreasing. More formally, this means day i is a good day to rob the bank if and only if securi
1702	958	Check Completeness of a Binary Tree	Given the root of a binary tree, determine if it is a complete binary tree. In a complete binary tree, every level, except possibly the last, is completely filled, and all nodes in the last level are as far left as possible. It can have between 1 and 2h nodes inclusive at the last level h. Example 1: Input: root = [1,2,3,4,5,6] Output: true Explanation: Every level before the last is full (ie. levels with node-values {1} and {2, 3}), and all nodes in the last level ({4, 5, 6}) are as far left as possible. Example 2: Input: root = [1,2,3,4,5,null,7] Output: false Explanation: The node with valu
1703	3767	Maximize Points After Choosing K Tasks	You are given two integer arrays, technique1 and technique2, each of length n, where n represents the number of tasks to complete. If the ith task is completed using technique 1, you earn technique1[i] points. If it is completed using technique 2, you earn technique2[i] points. You are also given an integer k, representing the minimum number of tasks that must be completed using technique 1. You must complete at least k tasks using technique 1 (they do not need to be the first k tasks). The remaining tasks may be completed using either technique. Return an integer denoting the maximum total po
1704	1947	Maximum Compatibility Score Sum	There is a survey that consists of n questions where each question's answer is either 0 (no) or 1 (yes). The survey was given to m students numbered from 0 to m - 1 and m mentors numbered from 0 to m - 1. The answers of the students are represented by a 2D integer array students where students[i] is an integer array that contains the answers of the ith student (0-indexed). The answers of the mentors are represented by a 2D integer array mentors where mentors[j] is an integer array that contains the answers of the jth mentor (0-indexed). Each student will be assigned to one mentor, and each men
1704	3457	Eat Pizzas!	You are given an integer array pizzas of size n, where pizzas[i] represents the weight of the ith pizza. Every day, you eat exactly 4 pizzas. Due to your incredible metabolism, when you eat pizzas of weights W, X, Y, and Z, where W <= X <= Y <= Z, you gain the weight of only 1 pizza! On odd-numbered days (1-indexed), you gain a weight of Z. On even-numbered days, you gain a weight of Y. Find the maximum total weight you can gain by eating all pizzas optimally. Note: It is guaranteed that n is a multiple of 4, and each pizza can be eaten only once. Example 1: Input: pizzas = [1,2,3,4,5,6,7,8] O
1705	2672	Number of Adjacent Elements With the Same Color	You are given an integer n representing an array colors of length n where all elements are set to 0's meaning uncolored. You are also given a 2D integer array queries where queries[i] = [indexi, colori]. For the ith query: Set colors[indexi] to colori. Count the number of adjacent pairs in colors which have the same color (regardless of colori). Return an array answer of the same length as queries where answer[i] is the answer to the ith query. Example 1: Input: n = 4, queries = [[0,2],[1,2],[3,1],[1,1],[2,1]] Output: [0,1,1,0,2] Explanation: Initially array colors = [0,0,0,0], where 0 denotes
1707	3025	Find the Number of Ways to Place People I	You are given a 2D array points of size n x 2 representing integer coordinates of some points on a 2D plane, where points[i] = [xi, yi]. Count the number of pairs of points (A, B), where A is on the upper left side of B, and there are no other points in the rectangle (or line) they make (including the border), except for the points A and B. Return the count. Example 1: Input: points = [[1,1],[2,2],[3,3]] Output: 0 Explanation: There is no way to choose A and B such that A is on the upper left side of B. Example 2: Input: points = [[6,2],[4,4],[2,6]] Output: 2 Explanation: The left one is the p
1707	816	Ambiguous Coordinates	We had some 2-dimensional coordinates, like "(1, 3)" or "(2, 0.5)". Then, we removed all commas, decimal points, and spaces and ended up with the string s. For example, "(1, 3)" becomes s = "(13)" and "(2, 0.5)" becomes s = "(205)". Return a list of strings representing all possibilities for what our original coordinates could have been. Our original representation never had extraneous zeroes, so we never started with numbers like "00", "0.0", "0.00", "1.0", "001", "00.01", or any other number that can be represented with fewer digits. Also, a decimal point within a number never occurs without
1708	1401	Circle and Rectangle Overlapping	You are given a circle represented as (radius, xCenter, yCenter) and an axis-aligned rectangle represented as (x1, y1, x2, y2), where (x1, y1) are the coordinates of the bottom-left corner, and (x2, y2) are the coordinates of the top-right corner of the rectangle. Return true if the circle and rectangle are overlapped otherwise return false. In other words, check if there is any point (xi, yi) that belongs to the circle and the rectangle at the same time. Example 1: Input: radius = 1, xCenter = 0, yCenter = 0, x1 = 1, y1 = -1, x2 = 3, y2 = 1 Output: true Explanation: Circle and rectangle share
1708	2257	Count Unguarded Cells in the Grid	You are given two integers m and n representing a 0-indexed m x n grid. You are also given two 2D integer arrays guards and walls where guards[i] = [rowi, coli] and walls[j] = [rowj, colj] represent the positions of the ith guard and jth wall respectively. A guard can see every cell in the four cardinal directions (north, east, south, or west) starting from their position unless obstructed by a wall or another guard. A cell is guarded if there is at least one guard that can see it. Return the number of unoccupied cells that are not guarded. Example 1: Input: m = 4, n = 6, guards = [[0,0],[1,1]
1708	2944	Minimum Number of Coins for Fruits	You are given an 0-indexed integer array prices where prices[i] denotes the number of coins needed to purchase the (i + 1)th fruit. The fruit market has the following reward for each fruit: If you purchase the (i + 1)th fruit at prices[i] coins, you can get any number of the next i fruits for free. Note that even if you can take fruit j for free, you can still purchase it for prices[j - 1] coins to receive its reward. Return the minimum number of coins needed to acquire all the fruits. Example 1: Input: prices = [3,1,2] Output: 4 Explanation: Purchase the 1st fruit with prices[0] = 3 coins, yo
1708	3040	Maximum Number of Operations With the Same Score II	Given an array of integers called nums, you can perform any of the following operation while nums contains at least 2 elements: Choose the first two elements of nums and delete them. Choose the last two elements of nums and delete them. Choose the first and the last elements of nums and delete them. The score of the operation is the sum of the deleted elements. Your task is to find the maximum number of operations that can be performed, such that all operations have the same score. Return the maximum number of operations possible that satisfy the condition mentioned above. Example 1: Input: nu
1708	826	Most Profit Assigning Work	You have n jobs and m workers. You are given three arrays: difficulty, profit, and worker where: difficulty[i] and profit[i] are the difficulty and the profit of the ith job, and worker[j] is the ability of jth worker (i.e., the jth worker can only complete a job with difficulty at most worker[j]). Every worker can be assigned at most one job, but one job can be completed multiple times. For example, if three workers attempt the same job that pays $1, then the total profit will be $3. If a worker cannot complete any job, their profit is $0. Return the maximum profit we can achieve after assign
1708	901	Online Stock Span	Design an algorithm that collects daily price quotes for some stock and returns the span of that stock's price for the current day. The span of the stock's price in one day is the maximum number of consecutive days (starting from that day and going backward) for which the stock price was less than or equal to the price of that day. For example, if the prices of the stock in the last four days is [7,2,1,2] and the price of the stock today is 2, then the span of today is 4 because starting from today, the price of the stock was less than or equal 2 for 4 consecutive days. Also, if the prices of 
1709	2140	Solving Questions With Brainpower	You are given a 0-indexed 2D integer array questions where questions[i] = [pointsi, brainpoweri]. The array describes the questions of an exam, where you have to process the questions in order (i.e., starting from question 0) and make a decision whether to solve or skip each question. Solving question i will earn you pointsi points but you will be unable to solve each of the next brainpoweri questions. If you skip question i, you get to make the decision on the next question. For example, given questions = [[3, 2], [4, 3], [4, 4], [2, 5]]: If question 0 is solved, you will earn 3 points but yo
1709	979	Distribute Coins in Binary Tree	You are given the root of a binary tree with n nodes where each node in the tree has node.val coins. There are n coins in total throughout the whole tree. In one move, we may choose two adjacent nodes and move one coin from one node to another. A move may be from parent to child, or from child to parent. Return the minimum number of moves required to make every node have exactly one coin. Example 1: Input: root = [3,0,0] Output: 2 Explanation: From the root of the tree, we move one coin to its left child, and one coin to its right child. Example 2: Input: root = [0,3,0] Output: 3 Explanation: 
1710	1136	Parallel Courses	
1710	1567	Maximum Length of Subarray With Positive Product	Given an array of integers nums, find the maximum length of a subarray where the product of all its elements is positive. A subarray of an array is a consecutive sequence of zero or more values taken out of that array. Return the maximum length of a subarray with positive product. Example 1: Input: nums = [1,-2,-3,4] Output: 4 Explanation: The array nums already has a positive product of 24. Example 2: Input: nums = [0,1,-2,-3,-4] Output: 3 Explanation: The longest subarray with positive product is [1,-2,-3] which has a product of 6. Notice that we cannot include 0 in the subarray since that'l
1710	3310	Remove Methods From Project	You are maintaining a project that has n methods numbered from 0 to n - 1. You are given two integers n and k, and a 2D integer array invocations, where invocations[i] = [ai, bi] indicates that method ai invokes method bi. There is a known bug in method k. Method k, along with any method invoked by it, either directly or indirectly, are considered suspicious and we aim to remove them. A group of methods can only be removed if no method outside the group invokes any methods within it. Return an array containing all the remaining methods after removing all the suspicious methods. You may return 
1710	759	Employee Free Time	
1710	923	3Sum With Multiplicity	Given an integer array arr, and an integer target, return the number of tuples i, j, k such that i < j < k and arr[i] + arr[j] + arr[k] == target. As the answer can be very large, return it modulo 109 + 7. Example 1: Input: arr = [1,1,2,2,3,3,4,4,5,5], target = 8 Output: 20 Explanation: Enumerating by the values (arr[i], arr[j], arr[k]): (1, 2, 5) occurs 8 times; (1, 3, 4) occurs 8 times; (2, 2, 4) occurs 2 times; (2, 3, 3) occurs 2 times. Example 2: Input: arr = [1,1,2,2,2,2], target = 5 Output: 12 Explanation: arr[i] = 1, arr[j] = arr[k] = 2 occurs 12 times: We choose one 1 from [1,1] in 2 w
1711	1801	Number of Orders in the Backlog	You are given a 2D integer array orders, where each orders[i] = [pricei, amounti, orderTypei] denotes that amounti orders have been placed of type orderTypei at the price pricei. The orderTypei is: 0 if it is a batch of buy orders, or 1 if it is a batch of sell orders. Note that orders[i] represents a batch of amounti independent orders with the same price and order type. All orders represented by orders[i] will be placed before all orders represented by orders[i+1] for all valid i. There is a backlog that consists of orders that have not been executed. The backlog is initially empty. When an 
1711	2385	Amount of Time for Binary Tree to Be Infected	You are given the root of a binary tree with unique values, and an integer start. At minute 0, an infection starts from the node with value start. Each minute, a node becomes infected if: The node is currently uninfected. The node is adjacent to an infected node. Return the number of minutes needed for the entire tree to be infected. Example 1: Input: root = [1,5,3,null,4,10,6,9,2], start = 3 Output: 4 Explanation: The following nodes are infected during: - Minute 0: Node 3 - Minute 1: Nodes 1, 10 and 6 - Minute 2: Node 5 - Minute 3: Node 4 - Minute 4: Nodes 9 and 2 It takes 4 minutes for the 
1712	1042	Flower Planting With No Adjacent	You have n gardens, labeled from 1 to n, and an array paths where paths[i] = [xi, yi] describes a bidirectional path between garden xi to garden yi. In each garden, you want to plant one of 4 types of flowers. All gardens have at most 3 paths coming into or leaving it. Your task is to choose a flower type for each garden such that, for any two gardens connected by a path, they have different types of flowers. Return any such a choice as an array answer, where answer[i] is the type of flower planted in the (i+1)th garden. The flower types are denoted 1, 2, 3, or 4. It is guaranteed an answer ex
1713	1372	Longest ZigZag Path in a Binary Tree	You are given the root of a binary tree. A ZigZag path for a binary tree is defined as follow: Choose any node in the binary tree and a direction (right or left). If the current direction is right, move to the right child of the current node; otherwise, move to the left child. Change the direction from right to left or from left to right. Repeat the second and third steps until you can't move in the tree. Zigzag length is defined as the number of nodes visited - 1. (A single node has a length of 0). Return the longest ZigZag path contained in that tree. Example 1: Input: root = [1,null,1,1,1,n
1713	2406	Divide Intervals Into Minimum Number of Groups	You are given a 2D integer array intervals where intervals[i] = [lefti, righti] represents the inclusive interval [lefti, righti]. You have to divide the intervals into one or more groups such that each interval is in exactly one group, and no two intervals that are in the same group intersect each other. Return the minimum number of groups you need to make. Two intervals intersect if there is at least one common number between them. For example, the intervals [1, 5] and [5, 8] intersect. Example 1: Input: intervals = [[5,10],[6,8],[1,5],[2,3],[1,10]] Output: 3 Explanation: We can divide the i
1714	1781	Sum of Beauty of All Substrings	The beauty of a string is the difference in frequencies between the most frequent and least frequent characters. For example, the beauty of "abaacc" is 3 - 1 = 2. Given a string s, return the sum of beauty of all of its substrings. Example 1: Input: s = "aabcb" Output: 5 Explanation: The substrings with non-zero beauty are ["aab","aabc","aabcb","abcb","bcb"], each with beauty equal to 1. Example 2: Input: s = "aabcbaa" Output: 17 Constraints: 1 <= s.length <= 500 s consists of only lowercase English letters.
1714	2359	Find Closest Node to Given Two Nodes	You are given a directed graph of n nodes numbered from 0 to n - 1, where each node has at most one outgoing edge. The graph is represented with a given 0-indexed array edges of size n, indicating that there is a directed edge from node i to node edges[i]. If there is no outgoing edge from i, then edges[i] == -1. You are also given two integers node1 and node2. Return the index of the node that can be reached from both node1 and node2, such that the maximum between the distance from node1 to that node, and from node2 to that node is minimized. If there are multiple answers, return the node wit
1714	3315	Construct the Minimum Bitwise Array II	You are given an array nums consisting of n prime integers. You need to construct an array ans of length n, such that, for each index i, the bitwise OR of ans[i] and ans[i] + 1 is equal to nums[i], i.e. ans[i] OR (ans[i] + 1) == nums[i]. Additionally, you must minimize each value of ans[i] in the resulting array. If it is not possible to find such a value for ans[i] that satisfies the condition, then set ans[i] = -1. Example 1: Input: nums = [2,3,5,7] Output: [-1,1,4,3] Explanation: For i = 0, as there is no value for ans[0] that satisfies ans[0] OR (ans[0] + 1) = 2, so ans[0] = -1. For i = 1,
1715	3649	Number of Perfect Pairs	You are given an integer array nums. A pair of indices (i, j) is called perfect if the following conditions are satisfied: i < j Let a = nums[i], b = nums[j]. Then: min(|a - b|, |a + b|) <= min(|a|, |b|) max(|a - b|, |a + b|) >= max(|a|, |b|) Return the number of distinct perfect pairs. Note: The absolute value |x| refers to the non-negative value of x. Example 1: Input: nums = [0,1,2,3] Output: 2 Explanation: There are 2 perfect pairs: (i, j) (a, b) min(|a − b|, |a + b|) min(|a|, |b|) max(|a − b|, |a + b|) max(|a|, |b|) (1, 2) (1, 2) min(|1 − 2|, |1 + 2|) = 1 1 max(|1 − 2|, |1 + 2|) = 3 2 (2,
1716	2202	Maximize the Topmost Element After K Moves	You are given a 0-indexed integer array nums representing the contents of a pile, where nums[0] is the topmost element of the pile. In one move, you can perform either of the following: If the pile is not empty, remove the topmost element of the pile. If there are one or more removed elements, add any one of them back onto the pile. This element becomes the new topmost element. You are also given an integer k, which denotes the total number of moves to be made. Return the maximum value of the topmost element of the pile possible after exactly k moves. In case it is not possible to obtain a non
1718	2017	Grid Game	You are given a 0-indexed 2D array grid of size 2 x n, where grid[r][c] represents the number of points at position (r, c) on the matrix. Two robots are playing a game on this matrix. Both robots initially start at (0, 0) and want to reach (1, n-1). Each robot may only move to the right ((r, c) to (r, c + 1)) or down ((r, c) to (r + 1, c)). At the start of the game, the first robot moves from (0, 0) to (1, n-1), collecting all the points from the cells on its path. For all cells (r, c) traversed on the path, grid[r][c] is set to 0. Then, the second robot moves from (0, 0) to (1, n-1), collecti
1718	2397	Maximum Rows Covered by Columns	You are given an m x n binary matrix matrix and an integer numSelect. Your goal is to select exactly numSelect distinct columns from matrix such that you cover as many rows as possible. A row is considered covered if all the 1's in that row are also part of a column that you have selected. If a row does not have any 1s, it is also considered covered. More formally, let us consider selected = {c1, c2, ...., cnumSelect} as the set of columns selected by you. A row i is covered by selected if: For each cell where matrix[i][j] == 1, the column j is in selected. Or, no cell in row i has a value of 
1719	1239	Maximum Length of a Concatenated String with Unique Characters	You are given an array of strings arr. A string s is formed by the concatenation of a subsequence of arr that has unique characters. Return the maximum possible length of s. A subsequence is an array that can be derived from another array by deleting some or no elements without changing the order of the remaining elements. Example 1: Input: arr = ["un","iq","ue"] Output: 4 Explanation: All the valid concatenations are: - "" - "un" - "iq" - "ue" - "uniq" ("un" + "iq") - "ique" ("iq" + "ue") Maximum length is 4. Example 2: Input: arr = ["cha","r","act","ers"] Output: 6 Explanation: Possible long
1719	3557	Find Maximum Number of Non Intersecting Substrings	You are given a string word. Return the maximum number of non-intersecting substrings of word that are at least four characters long and start and end with the same letter. Example 1: Input: word = "abcdeafdef" Output: 2 Explanation: The two substrings are "abcdea" and "fdef". Example 2: Input: word = "bcdaaaab" Output: 1 Explanation: The only substring is "aaaa". Note that we cannot also choose "bcdaaaab" since it intersects with the other substring. Constraints: 1 <= word.length <= 2 * 105 word consists only of lowercase English letters.
1720	2563	Count the Number of Fair Pairs	Given a 0-indexed integer array nums of size n and two integers lower and upper, return the number of fair pairs. A pair (i, j) is fair if: 0 <= i < j < n, and lower <= nums[i] + nums[j] <= upper Example 1: Input: nums = [0,1,7,4,4,5], lower = 3, upper = 6 Output: 6 Explanation: There are 6 fair pairs: (0,3), (0,4), (0,5), (1,3), (1,4), and (1,5). Example 2: Input: nums = [1,7,9,2,5], lower = 11, upper = 11 Output: 1 Explanation: There is a single fair pair: (2,3). Constraints: 1 <= nums.length <= 105 nums.length == n -109 <= nums[i] <= 109 -109 <= lower <= upper <= 109
1721	2826	Sorting Three Groups	You are given an integer array nums. Each element in nums is 1, 2 or 3. In each operation, you can remove an element from nums. Return the minimum number of operations to make nums non-decreasing. Example 1: Input: nums = [2,1,3,2,1] Output: 3 Explanation: One of the optimal solutions is to remove nums[0], nums[2] and nums[3]. Example 2: Input: nums = [1,3,2,1,3,3] Output: 2 Explanation: One of the optimal solutions is to remove nums[1] and nums[2]. Example 3: Input: nums = [2,2,2,2,3,3] Output: 0 Explanation: nums is already non-decreasing. Constraints: 1 <= nums.length <= 100 1 <= nums[i] <=
1721	3208	Alternating Groups II	There is a circle of red and blue tiles. You are given an array of integers colors and an integer k. The color of tile i is represented by colors[i]: colors[i] == 0 means that tile i is red. colors[i] == 1 means that tile i is blue. An alternating group is every k contiguous tiles in the circle with alternating colors (each tile in the group except the first and last one has a different color from its left and right tiles). Return the number of alternating groups. Note that since colors represents a circle, the first and the last tiles are considered to be next to each other. Example 1: Input:
1721	3341	Find Minimum Time to Reach Last Room I	There is a dungeon with n x m rooms arranged as a grid. You are given a 2D array moveTime of size n x m, where moveTime[i][j] represents the minimum time in seconds after which the room opens and can be moved to. You start from the room (0, 0) at time t = 0 and can move to an adjacent room. Moving between adjacent rooms takes exactly one second. Return the minimum time to reach the room (n - 1, m - 1). Two rooms are adjacent if they share a common wall, either horizontally or vertically. Example 1: Input: moveTime = [[0,4],[4,4]] Output: 6 Explanation: The minimum time required is 6 seconds. A
1722	1197	Minimum Knight Moves	
1722	1359	Count All Valid Pickup and Delivery Options	Given n orders, each order consists of a pickup and a delivery service. Count all valid pickup/delivery possible sequences such that delivery(i) is always after of pickup(i). Since the answer may be too large, return it modulo 10^9 + 7. Example 1: Input: n = 1 Output: 1 Explanation: Unique order (P1, D1), Delivery 1 always is after of Pickup 1. Example 2: Input: n = 2 Output: 6 Explanation: All possible orders: (P1,P2,D1,D2), (P1,P2,D2,D1), (P1,D1,P2,D2), (P2,P1,D1,D2), (P2,P1,D2,D1) and (P2,D2,P1,D1). This is an invalid order (P1,D2,P2,D1) because Pickup 2 is after of Delivery 2. Example 3: I
1724	2070	Most Beautiful Item for Each Query	You are given a 2D integer array items where items[i] = [pricei, beautyi] denotes the price and beauty of an item respectively. You are also given a 0-indexed integer array queries. For each queries[j], you want to determine the maximum beauty of an item whose price is less than or equal to queries[j]. If no such item exists, then the answer to this query is 0. Return an array answer of the same length as queries where answer[j] is the answer to the jth query. Example 1: Input: items = [[1,2],[3,2],[2,4],[5,6],[3,5]], queries = [1,2,3,4,5,6] Output: [2,4,5,5,6,6] Explanation: - For queries[0]=
1724	2261	K Divisible Elements Subarrays	Given an integer array nums and two integers k and p, return the number of distinct subarrays, which have at most k elements that are divisible by p. Two arrays nums1 and nums2 are said to be distinct if: They are of different lengths, or There exists at least one index i where nums1[i] != nums2[i]. A subarray is defined as a non-empty contiguous sequence of elements in an array. Example 1: Input: nums = [2,3,3,2,2], k = 2, p = 2 Output: 11 Explanation: The elements at indices 0, 3, and 4 are divisible by p = 2. The 11 distinct subarrays which have at most k = 2 elements divisible by 2 are: [2
1725	1011	Capacity To Ship Packages Within D Days	A conveyor belt has packages that must be shipped from one port to another within days days. The ith package on the conveyor belt has a weight of weights[i]. Each day, we load the ship with packages on the conveyor belt (in the order given by weights). We may not load more weight than the maximum weight capacity of the ship. Return the least weight capacity of the ship that will result in all the packages on the conveyor belt being shipped within days days. Example 1: Input: weights = [1,2,3,4,5,6,7,8,9,10], days = 5 Output: 15 Explanation: A ship capacity of 15 is the minimum to ship all the 
1725	2416	Sum of Prefix Scores of Strings	You are given an array words of size n consisting of non-empty strings. We define the score of a string term as the number of strings words[i] such that term is a prefix of words[i]. For example, if words = ["a", "ab", "abc", "cab"], then the score of "ab" is 2, since "ab" is a prefix of both "ab" and "abc". Return an array answer of size n where answer[i] is the sum of scores of every non-empty prefix of words[i]. Note that a string is considered as a prefix of itself. Example 1: Input: words = ["abc","ab","bc","b"] Output: [5,4,3,2] Explanation: The answer for each string is the following: -
1725	3820	Pythagorean Distance Nodes in a Tree	You are given an integer n and an undirected tree with n nodes numbered from 0 to n - 1. The tree is represented by a 2D array edges of length n - 1, where edges[i] = [ui, vi] indicates an undirected edge between ui and vi. You are also given three distinct target nodes x, y, and z. For any node u in the tree: Let dx be the distance from u to node x Let dy be the distance from u to node y Let dz be the distance from u to node z The node u is called special if the three distances form a Pythagorean Triplet. Return an integer denoting the number of special nodes in the tree. A Pythagorean triple
1728	3439	Reschedule Meetings for Maximum Free Time I	You are given an integer eventTime denoting the duration of an event, where the event occurs from time t = 0 to time t = eventTime. You are also given two integer arrays startTime and endTime, each of length n. These represent the start and end time of n non-overlapping meetings, where the ith meeting occurs during the time [startTime[i], endTime[i]]. You can reschedule at most k meetings by moving their start time while maintaining the same duration, to maximize the longest continuous period of free time during the event. The relative order of all the meetings should stay the same and they sh
1729	1220	Count Vowels Permutation	Given an integer n, your task is to count how many strings of length n can be formed under the following rules: Each character is a lower case vowel ('a', 'e', 'i', 'o', 'u') Each vowel 'a' may only be followed by an 'e'. Each vowel 'e' may only be followed by an 'a' or an 'i'. Each vowel 'i' may not be followed by another 'i'. Each vowel 'o' may only be followed by an 'i' or a 'u'. Each vowel 'u' may only be followed by an 'a'. Since the answer may be too large, return it modulo 10^9 + 7. Example 1: Input: n = 1 Output: 5 Explanation: All possible strings are: "a", "e", "i" , "o" and "u". Exa
1729	3499	Maximize Active Section with Trade I	You are given a binary string s of length n, where: '1' represents an active section. '0' represents an inactive section. You can perform at most one trade to maximize the number of active sections in s. In a trade, you: Convert a contiguous block of '1's that is surrounded by '0's to all '0's. Afterward, convert a contiguous block of '0's that is surrounded by '1's to all '1's. Return the maximum number of active sections in s after making the optimal trade. Note: Treat s as if it is augmented with a '1' at both ends, forming t = '1' + s + '1'. The augmented '1's do not contribute to the fina
1730	1014	Best Sightseeing Pair	You are given an integer array values where values[i] represents the value of the ith sightseeing spot. Two sightseeing spots i and j have a distance j - i between them. The score of a pair (i < j) of sightseeing spots is values[i] + values[j] + i - j: the sum of the values of the sightseeing spots, minus the distance between them. Return the maximum score of a pair of sightseeing spots. Example 1: Input: values = [8,1,5,2,6] Output: 11 Explanation: i = 0, j = 2, values[i] + values[j] + i - j = 8 + 5 + 0 - 2 = 11 Example 2: Input: values = [1,2] Output: 2 Constraints: 2 <= values.length <= 5 *
1730	3447	Assign Elements to Groups with Constraints	You are given an integer array groups, where groups[i] represents the size of the ith group. You are also given an integer array elements. Your task is to assign one element to each group based on the following rules: An element at index j can be assigned to a group i if groups[i] is divisible by elements[j]. If there are multiple elements that can be assigned, assign the element with the smallest index j. If no element satisfies the condition for a group, assign -1 to that group. Return an integer array assigned, where assigned[i] is the index of the element chosen for group i, or -1 if no su
1731	889	Construct Binary Tree from Preorder and Postorder Traversal	Given two integer arrays, preorder and postorder where preorder is the preorder traversal of a binary tree of distinct values and postorder is the postorder traversal of the same tree, reconstruct and return the binary tree. If there exist multiple answers, you can return any of them. Example 1: Input: preorder = [1,2,4,5,3,6,7], postorder = [4,5,2,6,7,3,1] Output: [1,2,3,4,5,6,7] Example 2: Input: preorder = [1], postorder = [1] Output: [1] Constraints: 1 <= preorder.length <= 30 1 <= preorder[i] <= preorder.length All the values of preorder are unique. postorder.length == preorder.length 1 <
1732	1273	Delete Tree Nodes	
1732	2786	Visit Array Positions to Maximize Score	You are given a 0-indexed integer array nums and a positive integer x. You are initially at position 0 in the array and you can visit other positions according to the following rules: If you are currently in position i, then you can move to any position j such that i < j. For each position i that you visit, you get a score of nums[i]. If you move from a position i to a position j and the parities of nums[i] and nums[j] differ, then you lose a score of x. Return the maximum total score you can get. Note that initially you have nums[0] points. Example 1: Input: nums = [2,3,6,1,9,2], x = 5 Output
1734	1292	Maximum Side Length of a Square with Sum Less than or Equal to Threshold	Given a m x n matrix mat and an integer threshold, return the maximum side-length of a square with a sum less than or equal to threshold or return 0 if there is no such square. Example 1: Input: mat = [[1,1,3,2,4,3,2],[1,1,3,2,4,3,2],[1,1,3,2,4,3,2]], threshold = 4 Output: 2 Explanation: The maximum side length of square with sum less than or equal to 4 is 2 as shown. Example 2: Input: mat = [[2,2,2,2,2],[2,2,2,2,2],[2,2,2,2,2],[2,2,2,2,2],[2,2,2,2,2]], threshold = 1 Output: 0 Constraints: m == mat.length n == mat[i].length 1 <= m, n <= 300 0 <= mat[i][j] <= 104 0 <= threshold <= 105
1734	2048	Next Greater Numerically Balanced Number	An integer x is numerically balanced if for every digit d in the number x, there are exactly d occurrences of that digit in x. Given an integer n, return the smallest numerically balanced number strictly greater than n. Example 1: Input: n = 1 Output: 22 Explanation: 22 is numerically balanced since: - The digit 2 occurs 2 times. It is also the smallest numerically balanced number strictly greater than 1. Example 2: Input: n = 1000 Output: 1333 Explanation: 1333 is numerically balanced since: - The digit 1 occurs 1 time. - The digit 3 occurs 3 times. It is also the smallest numerically balance
1735	2707	Extra Characters in a String	You are given a 0-indexed string s and a dictionary of words dictionary. You have to break s into one or more non-overlapping substrings such that each substring is present in dictionary. There may be some extra characters in s which are not present in any of the substrings. Return the minimum number of extra characters left over if you break up s optimally. Example 1: Input: s = "leetscode", dictionary = ["leet","code","leetcode"] Output: 1 Explanation: We can break s in two substrings: "leet" from index 0 to 3 and "code" from index 5 to 8. There is only 1 unused character (at index 4), so we
1735	3453	Separate Squares I	You are given a 2D integer array squares. Each squares[i] = [xi, yi, li] represents the coordinates of the bottom-left point and the side length of a square parallel to the x-axis. Find the minimum y-coordinate value of a horizontal line such that the total area of the squares above the line equals the total area of the squares below the line. Answers within 10-5 of the actual answer will be accepted. Note: Squares may overlap. Overlapping areas should be counted multiple times. Example 1: Input: squares = [[0,0,1],[2,2,1]] Output: 1.00000 Explanation: Any horizontal line between y = 1 and y =
1737	1814	Count Nice Pairs in an Array	You are given an array nums that consists of non-negative integers. Let us define rev(x) as the reverse of the non-negative integer x. For example, rev(123) = 321, and rev(120) = 21. A pair of indices (i, j) is nice if it satisfies all of the following conditions: 0 <= i < j < nums.length nums[i] + rev(nums[j]) == nums[j] + rev(nums[i]) Return the number of nice pairs of indices. Since that number can be too large, return it modulo 109 + 7. Example 1: Input: nums = [42,11,1,97] Output: 2 Explanation: The two pairs are: - (0,3) : 42 + rev(97) = 42 + 79 = 121, 97 + rev(42) = 97 + 24 = 121. - (1,
1737	3044	Most Frequent Prime	You are given a m x n 0-indexed 2D matrix mat. From every cell, you can create numbers in the following way: There could be at most 8 paths from the cells namely: east, south-east, south, south-west, west, north-west, north, and north-east. Select a path from them and append digits in this path to the number being formed by traveling in this direction. Note that numbers are generated at every step, for example, if the digits along the path are 1, 9, 1, then there will be three numbers generated along the way: 1, 19, 191. Return the most frequent prime number greater than 10 out of all the numb
1739	1593	Split a String Into the Max Number of Unique Substrings	Given a string s, return the maximum number of unique substrings that the given string can be split into. You can split string s into any list of non-empty substrings, where the concatenation of the substrings forms the original string. However, you must split the substrings such that all of them are unique. A substring is a contiguous sequence of characters within a string. Example 1: Input: s = "ababccc" Output: 5 Explanation: One way to split maximally is ['a', 'b', 'ab', 'c', 'cc']. Splitting like ['a', 'b', 'a', 'b', 'c', 'cc'] is not valid as you have 'a' and 'b' multiple times. Example 
1739	3694	Distinct Points Reachable After Substring Removal	You are given a string s consisting of characters 'U', 'D', 'L', and 'R', representing moves on an infinite 2D Cartesian grid. 'U': Move from (x, y) to (x, y + 1). 'D': Move from (x, y) to (x, y - 1). 'L': Move from (x, y) to (x - 1, y). 'R': Move from (x, y) to (x + 1, y). You are also given a positive integer k. You must choose and remove exactly one contiguous substring of length k from s. Then, start from coordinate (0, 0) and perform the remaining moves in order. Return an integer denoting the number of distinct final coordinates reachable. Example 1: Input: s = "LUL", k = 1 Output: 2 Exp
1739	3776	Minimum Moves to Balance Circular Array	You are given a circular array balance of length n, where balance[i] is the net balance of person i. In one move, a person can transfer exactly 1 unit of balance to either their left or right neighbor. Return the minimum number of moves required so that every person has a non-negative balance. If it is impossible, return -1. Note: You are guaranteed that at most 1 index has a negative balance initially. Example 1: Input: balance = [5,1,-4] Output: 4 Explanation: One optimal sequence of moves is: Move 1 unit from i = 1 to i = 2, resulting in balance = [5, 0, -3] Move 1 unit from i = 0 to i = 2,
1740	1079	Letter Tile Possibilities	You have n tiles, where each tile has one letter tiles[i] printed on it. Return the number of possible non-empty sequences of letters you can make using the letters printed on those tiles. Example 1: Input: tiles = "AAB" Output: 8 Explanation: The possible sequences are "A", "B", "AA", "AB", "BA", "AAB", "ABA", "BAA". Example 2: Input: tiles = "AAABBC" Output: 188 Example 3: Input: tiles = "V" Output: 1 Constraints: 1 <= tiles.length <= 7 tiles consists of uppercase English letters.
1741	1145	Binary Tree Coloring Game	Two players play a turn based game on a binary tree. We are given the root of this binary tree, and the number of nodes n in the tree. n is odd, and each node has a distinct value from 1 to n. Initially, the first player names a value x with 1 <= x <= n, and the second player names a value y with 1 <= y <= n and y != x. The first player colors the node with value x red, and the second player colors the node with value y blue. Then, the players take turns starting with the first player. In each turn, that player chooses a node of their color (red if player 1, blue if player 2) and colors an unc
1741	3020	Find the Maximum Number of Elements in Subset	You are given an array of positive integers nums. You need to select a subset of nums which satisfies the following condition: You can place the selected elements in a 0-indexed array such that it follows the pattern: [x, x2, x4, ..., xk/2, xk, xk/2, ..., x4, x2, x] (Note that k can be be any non-negative power of 2). For example, [2, 4, 16, 4, 2] and [3, 9, 3] follow the pattern while [2, 4, 8, 4, 2] does not. Return the maximum number of elements in a subset that satisfies these conditions. Example 1: Input: nums = [5,4,1,2,2] Output: 3 Explanation: We can select the subset {4,2,2}, which ca
1743	2087	Minimum Cost Homecoming of a Robot in a Grid	There is an m x n grid, where (0, 0) is the top-left cell and (m - 1, n - 1) is the bottom-right cell. You are given an integer array startPos where startPos = [startrow, startcol] indicates that initially, a robot is at the cell (startrow, startcol). You are also given an integer array homePos where homePos = [homerow, homecol] indicates that its home is at the cell (homerow, homecol). The robot needs to go to its home. It can move one cell in four directions: left, right, up, or down, and it can not move outside the boundary. Every move incurs some cost. You are further given two 0-indexed i
1743	3380	Maximum Area Rectangle With Point Constraints I	You are given an array points where points[i] = [xi, yi] represents the coordinates of a point on an infinite plane. Your task is to find the maximum area of a rectangle that: Can be formed using four of these points as its corners. Does not contain any other point inside or on its border. Has its edges parallel to the axes. Return the maximum area that you can obtain or -1 if no such rectangle is possible. Example 1: Input: points = [[1,1],[1,3],[3,1],[3,3]] Output: 4 Explanation: We can make a rectangle with these 4 points as corners and there is no other point that lies inside or on the bor
1744	1139	Largest 1-Bordered Square	Given a 2D grid of 0s and 1s, return the number of elements in the largest square subgrid that has all 1s on its border, or 0 if such a subgrid doesn't exist in the grid. Example 1: Input: grid = [[1,1,1],[1,0,1],[1,1,1]] Output: 9 Example 2: Input: grid = [[1,1,0,0]] Output: 1 Constraints: 1 <= grid.length <= 100 1 <= grid[0].length <= 100 grid[i][j] is 0 or 1
1744	1638	Count Substrings That Differ by One Character	Given two strings s and t, find the number of ways you can choose a non-empty substring of s and replace a single character by a different character such that the resulting substring is a substring of t. In other words, find the number of substrings in s that differ from some substring in t by exactly one character. For example, the underlined substrings in "computer" and "computation" only differ by the 'e'/'a', so this is a valid way. Return the number of substrings that satisfy the condition above. A substring is a contiguous sequence of characters within a string. Example 1: Input: s = "ab
1745	1391	Check if There is a Valid Path in a Grid	You are given an m x n grid. Each cell of grid represents a street. The street of grid[i][j] can be: 1 which means a street connecting the left cell and the right cell. 2 which means a street connecting the upper cell and the lower cell. 3 which means a street connecting the left cell and the lower cell. 4 which means a street connecting the right cell and the lower cell. 5 which means a street connecting the left cell and the upper cell. 6 which means a street connecting the right cell and the upper cell. You will initially start at the street of the upper-left cell (0, 0). A valid path in th
1745	1530	Number of Good Leaf Nodes Pairs	You are given the root of a binary tree and an integer distance. A pair of two different leaf nodes of a binary tree is said to be good if the length of the shortest path between them is less than or equal to distance. Return the number of good leaf node pairs in the tree. Example 1: Input: root = [1,2,3,null,4], distance = 3 Output: 1 Explanation: The leaf nodes of the tree are 3 and 4 and the length of the shortest path between them is 3. This is the only good pair. Example 2: Input: root = [1,2,3,4,5,6,7], distance = 3 Output: 2 Explanation: The good pairs are [4,5] and [6,7] with shortest 
1745	2502	Design Memory Allocator	You are given an integer n representing the size of a 0-indexed memory array. All memory units are initially free. You have a memory allocator with the following functionalities: Allocate a block of size consecutive free memory units and assign it the id mID. Free all memory units with the given id mID. Note that: Multiple blocks can be allocated to the same mID. You should free all the memory units with mID, even if they were allocated in different blocks. Implement the Allocator class: Allocator(int n) Initializes an Allocator object with a memory array of size n. int allocate(int size, int 
1745	3433	Count Mentions Per User	You are given an integer numberOfUsers representing the total number of users and an array events of size n x 3. Each events[i] can be either of the following two types: Message Event: ["MESSAGE", "timestampi", "mentions_stringi"] This event indicates that a set of users was mentioned in a message at timestampi. The mentions_stringi string can contain one of the following tokens: id<number>: where <number> is an integer in range [0,numberOfUsers - 1]. There can be multiple ids separated by a single whitespace and may contain duplicates. This can mention even the offline users. ALL: mentions al
1745	3877	Minimum Removals to Achieve Target XOR	You are given an integer array nums and an integer target. You may remove any number of elements from nums (possibly zero). Return the minimum number of removals required so that the bitwise XOR of the remaining elements equals target. If it is impossible to achieve target, return -1. The bitwise XOR of an empty array is 0. Example 1: Input: nums = [1,2,3], target = 2 Output: 1 Explanation: Removing nums[1] = 2 leaves [nums[0], nums[2]] = [1, 3]. The XOR of [1, 3] is 2, which equals target. It is not possible to achieve XOR = 2 in less than one removal, therefore the answer is 1. Example 2: In
1746	1024	Video Stitching	You are given a series of video clips from a sporting event that lasted time seconds. These video clips can be overlapping with each other and have varying lengths. Each video clip is described by an array clips where clips[i] = [starti, endi] indicates that the ith clip started at starti and ended at endi. We can cut these clips into segments freely. For example, a clip [0, 7] can be cut into segments [0, 1] + [1, 3] + [3, 7]. Return the minimum number of clips needed so that we can cut the clips into segments that cover the entire sporting event [0, time]. If the task is impossible, return -
1746	1849	Splitting a String Into Descending Consecutive Values	You are given a string s that consists of only digits. Check if we can split s into two or more non-empty substrings such that the numerical values of the substrings are in descending order and the difference between numerical values of every two adjacent substrings is equal to 1. For example, the string s = "0090089" can be split into ["0090", "089"] with numerical values [90,89]. The values are in descending order and adjacent values differ by 1, so this way is valid. Another example, the string s = "001" can be split into ["0", "01"], ["00", "1"], or ["0", "0", "1"]. However all the ways ar
1747	1191	K-Concatenation Maximum Sum	Given an integer array arr and an integer k, modify the array by repeating it k times. For example, if arr = [1, 2] and k = 3 then the modified array will be [1, 2, 1, 2, 1, 2]. Return the maximum sub-array sum in the modified array. Note that the length of the sub-array can be 0 and its sum in that case is 0. As the answer can be very large, return the answer modulo 109 + 7. Example 1: Input: arr = [1,2], k = 3 Output: 9 Example 2: Input: arr = [1,-2,1], k = 5 Output: 2 Example 3: Input: arr = [-1,-2], k = 7 Output: 0 Constraints: 1 <= arr.length <= 105 1 <= k <= 105 -104 <= arr[i] <= 104
1748	1297	Maximum Number of Occurrences of a Substring	Given a string s, return the maximum number of occurrences of any substring under the following rules: The number of unique characters in the substring must be less than or equal to maxLetters. The substring size must be between minSize and maxSize inclusive. Example 1: Input: s = "aababcaab", maxLetters = 2, minSize = 3, maxSize = 4 Output: 2 Explanation: Substring "aab" has 2 occurrences in the original string. It satisfies the conditions, 2 unique letters and size 3 (between minSize and maxSize). Example 2: Input: s = "aaaa", maxLetters = 1, minSize = 3, maxSize = 3 Output: 2 Explanation: S
1748	2134	Minimum Swaps to Group All 1's Together II	A swap is defined as taking two distinct positions in an array and swapping the values in them. A circular array is defined as an array where we consider the first element and the last element to be adjacent. Given a binary circular array nums, return the minimum number of swaps required to group all 1's present in the array together at any location. Example 1: Input: nums = [0,1,0,1,1,0,0] Output: 1 Explanation: Here are a few of the ways to group all the 1's together: [0,0,1,1,1,0,0] using 1 swap. [0,1,1,1,0,0,0] using 1 swap. [1,1,0,0,0,0,1] using 2 swaps (using the circular property of the
1748	2171	Removing Minimum Number of Magic Beans	You are given an array of positive integers beans, where each integer represents the number of magic beans found in a particular magic bag. Remove any number of beans (possibly none) from each bag such that the number of beans in each remaining non-empty bag (still containing at least one bean) is equal. Once a bean has been removed from a bag, you are not allowed to return it to any of the bags. Return the minimum number of magic beans that you have to remove. Example 1: Input: beans = [4,1,6,5] Output: 4 Explanation: - We remove 1 bean from the bag with only 1 bean. This results in the remai
1749	1111	Maximum Nesting Depth of Two Valid Parentheses Strings	A string is a valid parentheses string (denoted VPS) if and only if it consists of "(" and ")" characters only, and: It is the empty string, or It can be written as AB (A concatenated with B), where A and B are VPS's, or It can be written as (A), where A is a VPS. We can similarly define the nesting depth depth(S) of any VPS S as follows: depth("") = 0 depth(A + B) = max(depth(A), depth(B)), where A and B are VPS's depth("(" + A + ")") = 1 + depth(A), where A is a VPS. For example, "", "()()", and "()(()())" are VPS's (with nesting depths 0, 1, and 2), and ")(" and "(()" are not VPS's. Given a
1749	2401	Longest Nice Subarray	You are given an array nums consisting of positive integers. We call a subarray of nums nice if the bitwise AND of every pair of elements that are in different positions in the subarray is equal to 0. Return the length of the longest nice subarray. A subarray is a contiguous part of an array. Note that subarrays of length 1 are always considered nice. Example 1: Input: nums = [1,3,8,48,10] Output: 3 Explanation: The longest nice subarray is [3,8,48]. This subarray satisfies the conditions: - 3 AND 8 = 0. - 3 AND 48 = 0. - 8 AND 48 = 0. It can be proven that no longer nice subarray can be obtai
1749	2856	Minimum Array Length After Pair Removals	Given an integer array num sorted in non-decreasing order. You can perform the following operation any number of times: Choose two indices, i and j, where nums[i] < nums[j]. Then, remove the elements at indices i and j from nums. The remaining elements retain their original order, and the array is re-indexed. Return the minimum length of nums after applying the operation zero or more times. Example 1: Input: nums = [1,2,3,4] Output: 0 Explanation: Example 2: Input: nums = [1,1,2,2,3,3] Output: 0 Explanation: Example 3: Input: nums = [1000000000,1000000000] Output: 2 Explanation: Since both num
1749	2871	Split Array Into Maximum Number of Subarrays	You are given an array nums consisting of non-negative integers. We define the score of subarray nums[l..r] such that l <= r as nums[l] AND nums[l + 1] AND ... AND nums[r] where AND is the bitwise AND operation. Consider splitting the array into one or more subarrays such that the following conditions are satisfied: Each element of the array belongs to exactly one subarray. The sum of scores of the subarrays is the minimum possible. Return the maximum number of subarrays in a split that satisfies the conditions above. A subarray is a contiguous part of an array. Example 1: Input: nums = [1,0,2
1749	3577	Count the Number of Computer Unlocking Permutations	You are given an array complexity of length n. There are n locked computers in a room with labels from 0 to n - 1, each with its own unique password. The password of the computer i has a complexity complexity[i]. The password for the computer labeled 0 is already decrypted and serves as the root. All other computers must be unlocked using it or another previously unlocked computer, following this information: You can decrypt the password for the computer i using the password for computer j, where j is any integer less than i with a lower complexity. (i.e. j < i and complexity[j] < complexity[i
1751	2166	Design Bitset	A Bitset is a data structure that compactly stores bits. Implement the Bitset class: Bitset(int size) Initializes the Bitset with size bits, all of which are 0. void fix(int idx) Updates the value of the bit at the index idx to 1. If the value was already 1, no change occurs. void unfix(int idx) Updates the value of the bit at the index idx to 0. If the value was already 0, no change occurs. void flip() Flips the values of each bit in the Bitset. In other words, all bits with value 0 will now have value 1 and vice versa. boolean all() Checks if the value of each bit in the Bitset is 1. Returns
1751	2400	Number of Ways to Reach a Position After Exactly k Steps	You are given two positive integers startPos and endPos. Initially, you are standing at position startPos on an infinite number line. With one step, you can move either one position to the left, or one position to the right. Given a positive integer k, return the number of different ways to reach the position endPos starting from startPos, such that you perform exactly k steps. Since the answer may be very large, return it modulo 109 + 7. Two ways are considered different if the order of the steps made is not exactly the same. Note that the number line includes negative integers. Example 1: In
1752	1135	Connecting Cities With Minimum Cost	
1752	939	Minimum Area Rectangle	You are given an array of points in the X-Y plane points where points[i] = [xi, yi]. Return the minimum area of a rectangle formed from these points, with sides parallel to the X and Y axes. If there is not any such rectangle, return 0. Example 1: Input: points = [[1,1],[1,3],[3,1],[3,3],[2,2]] Output: 4 Example 2: Input: points = [[1,1],[1,3],[3,1],[3,3],[4,1],[4,3]] Output: 2 Constraints: 1 <= points.length <= 500 points[i].length == 2 0 <= xi, yi <= 4 * 104 All the given points are unique.
1753	1216	Valid Palindrome III	
1753	3478	Choose K Elements With Maximum Sum	You are given two integer arrays, nums1 and nums2, both of length n, along with a positive integer k. For each index i from 0 to n - 1, perform the following: Find all indices j where nums1[j] is less than nums1[i]. Choose at most k values of nums2[j] at these indices to maximize the total sum. Return an array answer of size n, where answer[i] represents the result for the corresponding index i. Example 1: Input: nums1 = [4,2,1,5,3], nums2 = [10,20,30,40,50], k = 2 Output: [80,30,0,80,50] Explanation: For i = 0: Select the 2 largest values from nums2 at indices [1, 2, 4] where nums1[j] < nums1
1753	3628	Maximum Number of Subsequences After One Inserting	You are given a string s consisting of uppercase English letters. You are allowed to insert at most one uppercase English letter at any position (including the beginning or end) of the string. Return the maximum number of "LCT" subsequences that can be formed in the resulting string after at most one insertion. Example 1: Input: s = "LMCT" Output: 2 Explanation: We can insert a "L" at the beginning of the string s to make "LLMCT", which has 2 subsequences, at indices [0, 3, 4] and [1, 3, 4]. Example 2: Input: s = "LCCT" Output: 4 Explanation: We can insert a "L" at the beginning of the string 
1753	764	Largest Plus Sign	You are given an integer n. You have an n x n binary grid grid with all values initially 1's except for some indices given in the array mines. The ith element of the array mines is defined as mines[i] = [xi, yi] where grid[xi][yi] == 0. Return the order of the largest axis-aligned plus sign of 1's contained in grid. If there is none, return 0. An axis-aligned plus sign of 1's of order k has some center grid[r][c] == 1 along with four arms of length k - 1 going up, down, left, and right, and made of 1's. Note that there could be 0's or 1's beyond the arms of the plus sign, only the relevant are
1754	2568	Minimum Impossible OR	You are given a 0-indexed integer array nums. We say that an integer x is expressible from nums if there exist some integers 0 <= index1 < index2 < ... < indexk < nums.length for which nums[index1] | nums[index2] | ... | nums[indexk] = x. In other words, an integer is expressible if it can be written as the bitwise OR of some subsequence of nums. Return the minimum positive non-zero integer that is not expressible from nums. Example 1: Input: nums = [2,1] Output: 4 Explanation: 1 and 2 are already present in the array. We know that 3 is expressible, since nums[0] | nums[1] = 2 | 1 = 3. Since 4
1756	3112	Minimum Time to Visit Disappearing Nodes	There is an undirected graph of n nodes. You are given a 2D array edges, where edges[i] = [ui, vi, lengthi] describes an edge between node ui and node vi with a traversal time of lengthi units. Additionally, you are given an array disappear, where disappear[i] denotes the time when the node i disappears from the graph and you won't be able to visit it. Note that the graph might be disconnected and might contain multiple edges. Return the array answer, with answer[i] denoting the minimum units of time required to reach node i from node 0. If node i is unreachable from node 0 then answer[i] is -
1758	1027	Longest Arithmetic Subsequence	Given an array nums of integers, return the length of the longest arithmetic subsequence in nums. Note that: A subsequence is an array that can be derived from another array by deleting some or no elements without changing the order of the remaining elements. A sequence seq is arithmetic if seq[i + 1] - seq[i] are all the same value (for 0 <= i < seq.length - 1). Example 1: Input: nums = [3,6,9,12] Output: 4 Explanation: The whole array is an arithmetic sequence with steps of length = 3. Example 2: Input: nums = [9,4,7,2,10] Output: 3 Explanation: The longest arithmetic subsequence is [4,7,10]
1758	1954	Minimum Garden Perimeter to Collect Enough Apples	In a garden represented as an infinite 2D grid, there is an apple tree planted at every integer coordinate. The apple tree planted at an integer coordinate (i, j) has |i| + |j| apples growing on it. You will buy an axis-aligned square plot of land that is centered at (0, 0). Given an integer neededApples, return the minimum perimeter of a plot such that at least neededApples apples are inside or on the perimeter of that plot. The value of |x| is defined as: x if x >= 0 -x if x < 0 Example 1: Input: neededApples = 1 Output: 8 Explanation: A square plot of side length 1 does not contain any appl
1759	1541	Minimum Insertions to Balance a Parentheses String	Given a parentheses string s containing only the characters '(' and ')'. A parentheses string is balanced if: Any left parenthesis '(' must have a corresponding two consecutive right parenthesis '))'. Left parenthesis '(' must go before the corresponding two consecutive right parenthesis '))'. In other words, we treat '(' as an opening parenthesis and '))' as a closing parenthesis. For example, "())", "())(())))" and "(())())))" are balanced, ")()", "()))" and "(()))" are not balanced. You can insert the characters '(' and ')' at any position of the string to balance it if needed. Return the m
1759	2075	Decode the Slanted Ciphertext	A string originalText is encoded using a slanted transposition cipher to a string encodedText with the help of a matrix having a fixed number of rows rows. originalText is placed first in a top-left to bottom-right manner. The blue cells are filled first, followed by the red cells, then the yellow cells, and so on, until we reach the end of originalText. The arrow indicates the order in which the cells are filled. All empty cells are filled with ' '. The number of columns is chosen such that the rightmost column will not be empty after filling in originalText. encodedText is then formed by app
1759	2498	Frog Jump II	You are given a 0-indexed integer array stones sorted in strictly increasing order representing the positions of stones in a river. A frog, initially on the first stone, wants to travel to the last stone and then return to the first stone. However, it can jump to any stone at most once. The length of a jump is the absolute difference between the position of the stone the frog is currently on and the position of the stone to which the frog jumps. More formally, if the frog is at stones[i] and is jumping to stones[j], the length of the jump is |stones[i] - stones[j]|. The cost of a path is the m
1759	3835	Count Subarrays With Cost Less Than or Equal to K	You are given an integer array nums, and an integer k. For any subarray nums[l..r], define its cost as: cost = (max(nums[l..r]) - min(nums[l..r])) * (r - l + 1). Return an integer denoting the number of subarrays of nums whose cost is less than or equal to k. Example 1: Input: nums = [1,3,2], k = 4 Output: 5 Explanation: We consider all subarrays of nums: nums[0..0]: cost = (1 - 1) * 1 = 0 nums[0..1]: cost = (3 - 1) * 2 = 4 nums[0..2]: cost = (3 - 1) * 3 = 6 nums[1..1]: cost = (3 - 3) * 1 = 0 nums[1..2]: cost = (3 - 2) * 2 = 2 nums[2..2]: cost = (2 - 2) * 1 = 0 There are 5 subarrays whose cost
1759	3922	Minimum Flips to Make Binary String Coherent	You are given a binary string s. A string is considered coherent if it does not contain "011" or "110" as subsequences. In one operation, you can flip any character in s ('0' to '1' or '1' to '0'). Return an integer denoting the minimum number of modifications required to make s coherent. Example 1: Input: s = "1010" Output: 1 Explanation: Flip s[0] to get "0010", which contains no "011" or "110" subsequences. Example 2: Input: s = "0110" Output: 1 Explanation: Flip s[1] to get "0010", removing all forbidden subsequences "011" and "110". Example 3: Input: s = "1000" Output: 0 Explanation: The 
1760	2121	Intervals Between Identical Elements	You are given a 0-indexed array of n integers arr. The interval between two elements in arr is defined as the absolute difference between their indices. More formally, the interval between arr[i] and arr[j] is |i - j|. Return an array intervals of length n where intervals[i] is the sum of intervals between arr[i] and each element in arr with the same value as arr[i]. Note: |x| is the absolute value of x. Example 1: Input: arr = [2,1,3,1,2,3,3] Output: [4,2,7,2,4,4,5] Explanation: - Index 0: Another 2 is found at index 4. |0 - 4| = 4 - Index 1: Another 1 is found at index 3. |1 - 3| = 2 - Index
1760	3881	Direction Assignments with Exactly K Visible People	You are given three integers n, pos, and k. There are n people standing in a line indexed from 0 to n - 1. Each person independently chooses a direction: 'L': visible only to people on their right 'R': visible only to people on their left A person at index pos sees others as follows: A person i < pos is visible if and only if they choose 'L'. A person i > pos is visible if and only if they choose 'R'. Return the number of possible direction assignments such that the person at index pos sees exactly k people. Since the answer may be large, return it modulo 109 + 7. Example 1: Input: n = 3, pos 
1761	2453	Destroy Sequential Targets	You are given a 0-indexed array nums consisting of positive integers, representing targets on a number line. You are also given an integer space. You have a machine which can destroy targets. Seeding the machine with some nums[i] allows it to destroy all targets with values that can be represented as nums[i] + c * space, where c is any non-negative integer. You want to destroy the maximum number of targets in nums. Return the minimum value of nums[i] you can seed the machine with to destroy the maximum number of targets. Example 1: Input: nums = [3,7,8,1,1,5], space = 2 Output: 1 Explanation: 
1761	3403	Find the Lexicographically Largest String From the Box I	You are given a string word, and an integer numFriends. Alice is organizing a game for her numFriends friends. There are multiple rounds in the game, where in each round: word is split into numFriends non-empty strings, such that no previous round has had the exact same split. All the split words are put into a box. Find the lexicographically largest string from the box after all the rounds are finished. Example 1: Input: word = "dbca", numFriends = 2 Output: "dbc" Explanation: All possible splits are: "d" and "bca". "db" and "ca". "dbc" and "a". Example 2: Input: word = "gggg", numFriends = 4
1762	1262	Greatest Sum Divisible by Three	Given an integer array nums, return the maximum possible sum of elements of the array such that it is divisible by three. Example 1: Input: nums = [3,6,5,1,8] Output: 18 Explanation: Pick numbers 3, 6, 1 and 8 their sum is 18 (maximum sum divisible by 3). Example 2: Input: nums = [4] Output: 0 Explanation: Since 4 is not divisible by 3, do not pick any number. Example 3: Input: nums = [1,2,3,4,4] Output: 12 Explanation: Pick numbers 1, 3, 4 and 4 their sum is 12 (maximum sum divisible by 3). Constraints: 1 <= nums.length <= 4 * 104 1 <= nums[i] <= 104
1762	948	Bag of Tokens	You start with an initial power of power, an initial score of 0, and a bag of tokens given as an integer array tokens, where each tokens[i] denotes the value of tokeni. Your goal is to maximize the total score by strategically playing these tokens. In one move, you can play an unplayed token in one of the two ways (but not both for the same token): Face-up: If your current power is at least tokens[i], you may play tokeni, losing tokens[i] power and gaining 1 score. Face-down: If your current score is at least 1, you may play tokeni, gaining tokens[i] power and losing 1 score. Return the maximu
1763	2462	Total Cost to Hire K Workers	You are given a 0-indexed integer array costs where costs[i] is the cost of hiring the ith worker. You are also given two integers k and candidates. We want to hire exactly k workers according to the following rules: You will run k sessions and hire exactly one worker in each session. In each hiring session, choose the worker with the lowest cost from either the first candidates workers or the last candidates workers. Break the tie by the smallest index. For example, if costs = [3,2,7,7,1,2] and candidates = 2, then in the first hiring session, we will choose the 4th worker because they have t
1763	2905	Find Indices With Index and Value Difference II	You are given a 0-indexed integer array nums having length n, an integer indexDifference, and an integer valueDifference. Your task is to find two indices i and j, both in the range [0, n - 1], that satisfy the following conditions: abs(i - j) >= indexDifference, and abs(nums[i] - nums[j]) >= valueDifference Return an integer array answer, where answer = [i, j] if there are two such indices, and answer = [-1, -1] otherwise. If there are multiple choices for the two indices, return any of them. Note: i and j may be equal. Example 1: Input: nums = [5,1,4,1], indexDifference = 2, valueDifference 
1763	3584	Maximum Product of First and Last Elements of a Subsequence	You are given an integer array nums and an integer m. Return the maximum product of the first and last elements of any subsequence of nums of size m. Example 1: Input: nums = [-1,-9,2,3,-2,-3,1], m = 1 Output: 81 Explanation: The subsequence [-9] has the largest product of the first and last elements: -9 * -9 = 81. Therefore, the answer is 81. Example 2: Input: nums = [1,3,-5,5,6,-4], m = 3 Output: 20 Explanation: The subsequence [-5, 6, -4] has the largest product of the first and last elements. Example 3: Input: nums = [2,-1,2,-6,5,2,-5,7], m = 2 Output: 35 Explanation: The subsequence [5, 7
1764	1706	Where Will the Ball Fall	You have a 2-D grid of size m x n representing a box, and you have n balls. The box is open on the top and bottom sides. Each cell in the box has a diagonal board spanning two corners of the cell that can redirect a ball to the right or to the left. A board that redirects the ball to the right spans the top-left corner to the bottom-right corner and is represented in the grid as 1. A board that redirects the ball to the left spans the top-right corner to the bottom-left corner and is represented in the grid as -1. We drop one ball at the top of each column of the box. Each ball can get stuck i
1764	3085	Minimum Deletions to Make String K-Special	You are given a string word and an integer k. We consider word to be k-special if |freq(word[i]) - freq(word[j])| <= k for all indices i and j in the string. Here, freq(x) denotes the frequency of the character x in word, and |y| denotes the absolute value of y. Return the minimum number of characters you need to delete to make word k-special. Example 1: Input: word = "aabcaba", k = 0 Output: 3 Explanation: We can make word 0-special by deleting 2 occurrences of "a" and 1 occurrence of "c". Therefore, word becomes equal to "baba" where freq('a') == freq('b') == 2. Example 2: Input: word = "dab
1765	875	Koko Eating Bananas	Koko loves to eat bananas. There are n piles of bananas, the ith pile has piles[i] bananas. The guards have gone and will come back in h hours. Koko can decide her bananas-per-hour eating speed of k. Each hour, she chooses some pile of bananas and eats k bananas from that pile. If the pile has less than k bananas, she eats all of them instead and will not eat any more bananas during this hour. Koko likes to eat slowly but still wants to finish eating all the bananas before the guards return. Return the minimum integer k such that she can eat all the bananas within h hours. Example 1: Input: pi
1766	1914	Cyclically Rotating a Grid	You are given an m x n integer matrix grid​​​, where m and n are both even integers, and an integer k. The matrix is composed of several layers, which is shown in the below image, where each color is its own layer: A cyclic rotation of the matrix is done by cyclically rotating each layer in the matrix. To cyclically rotate a layer once, each element in the layer will take the place of the adjacent element in the counter-clockwise direction. An example rotation is shown below: Return the matrix after applying k cyclic rotations to it. Example 1: Input: grid = [[40,10],[30,20]], k = 1 Output: [[
1768	1600	Throne Inheritance	A kingdom consists of a king, his children, his grandchildren, and so on. Every once in a while, someone in the family dies or a child is born. The kingdom has a well-defined order of inheritance that consists of the king as the first member. Let's define the recursive function Successor(x, curOrder), which given a person x and the inheritance order so far, returns who should be the next person after x in the order of inheritance. Successor(x, curOrder): if x has no children or all of x's children are in curOrder: if x is the king return null else return Successor(x's parent, curOrder) else re
1768	2718	Sum of Matrix After Queries	You are given an integer n and a 0-indexed 2D array queries where queries[i] = [typei, indexi, vali]. Initially, there is a 0-indexed n x n matrix filled with 0's. For each query, you must apply one of the following changes: if typei == 0, set the values in the row with indexi to vali, overwriting any previous values. if typei == 1, set the values in the column with indexi to vali, overwriting any previous values. Return the sum of integers in the matrix after all queries are applied. Example 1: Input: n = 3, queries = [[0,0,1],[1,2,2],[0,2,3],[1,0,4]] Output: 23 Explanation: The image above d
1768	3281	Maximize Score of Numbers in Ranges	You are given an array of integers start and an integer d, representing n intervals [start[i], start[i] + d]. You are asked to choose n integers where the ith integer must belong to the ith interval. The score of the chosen integers is defined as the minimum absolute difference between any two integers that have been chosen. Return the maximum possible score of the chosen integers. Example 1: Input: start = [6,0,3], d = 2 Output: 4 Explanation: The maximum possible score can be obtained by choosing integers: 8, 0, and 4. The score of these chosen integers is min(|8 - 0|, |8 - 4|, |0 - 4|) whic
1769	2685	Count the Number of Complete Components	You are given an integer n. There is an undirected graph with n vertices, numbered from 0 to n - 1. You are given a 2D integer array edges where edges[i] = [ai, bi] denotes that there exists an undirected edge connecting vertices ai and bi. Return the number of complete connected components of the graph. A connected component is a subgraph of a graph in which there exists a path between any two vertices, and no vertex of the subgraph shares an edge with a vertex outside of the subgraph. A connected component is said to be complete if there exists an edge between every pair of its vertices. Exa
1770	1146	Snapshot Array	Implement a SnapshotArray that supports the following interface: SnapshotArray(int length) initializes an array-like data structure with the given length. Initially, each element equals 0. void set(index, val) sets the element at the given index to be equal to val. int snap() takes a snapshot of the array and returns the snap_id: the total number of times we called snap() minus 1. int get(index, snap_id) returns the value at the given index, at the time we took the snapshot with the given snap_id Example 1: Input: ["SnapshotArray","set","snap","set","get"] [[3],[0,5],[],[0,6],[0,0]] Output: [n
1770	3882	Minimum XOR Path in a Grid	You are given a 2D integer array grid of size m * n. You start at the top-left cell (0, 0) and want to reach the bottom-right cell (m - 1, n - 1). At each step, you may move either right or down. The cost of a path is defined as the bitwise XOR of all the values in the cells along that path, including the start and end cells. Return the minimum possible XOR value among all valid paths from (0, 0) to (m - 1, n - 1). Example 1: Input: grid = [[1,2],[3,4]] Output: 6 Explanation: There are two valid paths: (0, 0) → (0, 1) → (1, 1) with XOR: 1 XOR 2 XOR 4 = 7 (0, 0) → (1, 0) → (1, 1) with XOR: 1 XO
1771	3282	Reach End of Array With Max Score	You are given an integer array nums of length n. Your goal is to start at index 0 and reach index n - 1. You can only jump to indices greater than your current index. The score for a jump from index i to index j is calculated as (j - i) * nums[i]. Return the maximum possible total score by the time you reach the last index. Example 1: Input: nums = [1,3,1,5] Output: 7 Explanation: First, jump to index 1 and then jump to the last index. The final score is 1 * 1 + 2 * 3 = 7. Example 2: Input: nums = [4,3,1,3,2] Output: 16 Explanation: Jump directly to the last index. The final score is 4 * 4 = 1
1772	2982	Find Longest Special Substring That Occurs Thrice II	You are given a string s that consists of lowercase English letters. A string is called special if it is made up of only a single character. For example, the string "abc" is not special, whereas the strings "ddd", "zz", and "f" are special. Return the length of the longest special substring of s which occurs at least thrice, or -1 if no special substring occurs at least thrice. A substring is a contiguous non-empty sequence of characters within a string. Example 1: Input: s = "aaaa" Output: 2 Explanation: The longest special substring which occurs thrice is "aa": substrings "aaaa", "aaaa", and
1772	3170	Lexicographically Minimum String After Removing Stars	You are given a string s. It may contain any number of '*' characters. Your task is to remove all '*' characters. While there is a '*', do the following operation: Delete the leftmost '*' and the smallest non-'*' character to its left. If there are several smallest characters, you can delete any of them. Return the lexicographically smallest resulting string after removing all '*' characters. Example 1: Input: s = "aaba*" Output: "aab" Explanation: We should delete one of the 'a' characters with '*'. If we choose s[3], s becomes the lexicographically smallest. Example 2: Input: s = "abc" Outpu
1774	1238	Circular Permutation in Binary Representation	Given 2 integers n and start. Your task is return any permutation p of (0,1,2.....,2^n -1) such that : p[0] = start p[i] and p[i+1] differ by only one bit in their binary representation. p[0] and p[2^n -1] must also differ by only one bit in their binary representation. Example 1: Input: n = 2, start = 3 Output: [3,2,0,1] Explanation: The binary representation of the permutation is (11,10,00,01). All the adjacent element differ by one bit. Another valid permutation is [3,1,0,2] Example 2: Input: n = 3, start = 2 Output: [2,6,7,5,4,0,1,3] Explanation: The binary representation of the permutatio
1775	2531	Make Number of Distinct Characters Equal	You are given two 0-indexed strings word1 and word2. A move consists of choosing two indices i and j such that 0 <= i < word1.length and 0 <= j < word2.length and swapping word1[i] with word2[j]. Return true if it is possible to get the number of distinct characters in word1 and word2 to be equal with exactly one move. Return false otherwise. Example 1: Input: word1 = "ac", word2 = "b" Output: false Explanation: Any pair of swaps would yield two distinct characters in the first string, and one in the second string. Example 2: Input: word1 = "abcc", word2 = "aab" Output: true Explanation: We sw
1775	3644	Maximum K to Sort a Permutation	You are given an integer array nums of length n, where nums is a permutation of the numbers in the range [0..n - 1]. You may swap elements at indices i and j only if nums[i] AND nums[j] == k, where AND denotes the bitwise AND operation and k is a non-negative integer. Return the maximum value of k such that the array can be sorted in non-decreasing order using any number of such swaps. If nums is already sorted, return 0. Example 1: Input: nums = [0,3,2,1] Output: 1 Explanation: Choose k = 1. Swapping nums[1] = 3 and nums[3] = 1 is allowed since nums[1] AND nums[3] == 1, resulting in a sorted 
1776	3919	Minimum Cost to Move Between Indices	You are given an integer array nums where nums is strictly increasing. For each index x, let closest(x) be the adjacent index y such that abs(nums[x] - nums[y]) is minimized. If both adjacent indices exist and give the same difference, choose the smaller index. From any index x, you can move in two ways: To any index y with cost abs(nums[x] - nums[y]), or To closest(x) with cost 1. You are also given a 2D integer array queries, where each queries[i] = [li, ri]. For each query, calculate the minimum total cost to move from index li to index ri. Return an integer array ans, where ans[i] is the a
1777	3164	Find the Number of Good Pairs II	You are given 2 integer arrays nums1 and nums2 of lengths n and m respectively. You are also given a positive integer k. A pair (i, j) is called good if nums1[i] is divisible by nums2[j] * k (0 <= i <= n - 1, 0 <= j <= m - 1). Return the total number of good pairs. Example 1: Input: nums1 = [1,3,4], nums2 = [1,3,4], k = 1 Output: 5 Explanation: The 5 good pairs are (0, 0), (1, 0), (1, 1), (2, 0), and (2, 2). Example 2: Input: nums1 = [1,2,4,12], nums2 = [2,4], k = 3 Output: 2 Explanation: The 2 good pairs are (3, 0) and (3, 1). Constraints: 1 <= n, m <= 105 1 <= nums1[i], nums2[j] <= 106 1 <= 
1777	3573	Best Time to Buy and Sell Stock V	You are given an integer array prices where prices[i] is the price of a stock in dollars on the ith day, and an integer k. You are allowed to make at most k transactions, where each transaction can be either of the following: Normal transaction: Buy on day i, then sell on a later day j where i < j. You profit prices[j] - prices[i]. Short selling transaction: Sell on day i, then buy back on a later day j where i < j. You profit prices[i] - prices[j]. Note that you must complete each transaction before starting another. Additionally, you can't buy or sell on the same day you are selling or buyin
1777	918	Maximum Sum Circular Subarray	Given a circular integer array nums of length n, return the maximum possible sum of a non-empty subarray of nums. A circular array means the end of the array connects to the beginning of the array. Formally, the next element of nums[i] is nums[(i + 1) % n] and the previous element of nums[i] is nums[(i - 1 + n) % n]. A subarray may only include each element of the fixed buffer nums at most once. Formally, for a subarray nums[i], nums[i + 1], ..., nums[j], there does not exist i <= k1, k2 <= j with k1 % n == k2 % n. Example 1: Input: nums = [1,-2,3,-2] Output: 3 Explanation: Subarray [3] has ma
1778	1824	Minimum Sideway Jumps	There is a 3 lane road of length n that consists of n + 1 points labeled from 0 to n. A frog starts at point 0 in the second lane and wants to jump to point n. However, there could be obstacles along the way. You are given an array obstacles of length n + 1 where each obstacles[i] (ranging from 0 to 3) describes an obstacle on the lane obstacles[i] at point i. If obstacles[i] == 0, there are no obstacles at point i. There will be at most one obstacle in the 3 lanes at each point. For example, if obstacles[2] == 1, then there is an obstacle on lane 1 at point 2. The frog can only travel from po
1779	1016	Binary String With Substrings Representing 1 To N	Given a binary string s and a positive integer n, return true if the binary representation of all the integers in the range [1, n] are substrings of s, or false otherwise. A substring is a contiguous sequence of characters within a string. Example 1: Input: s = "0110", n = 3 Output: true Example 2: Input: s = "0110", n = 4 Output: false Constraints: 1 <= s.length <= 1000 s[i] is either '0' or '1'. 1 <= n <= 109
1779	1129	Shortest Path with Alternating Colors	You are given an integer n, the number of nodes in a directed graph where the nodes are labeled from 0 to n - 1. Each edge is red or blue in this graph, and there could be self-edges and parallel edges. You are given two arrays redEdges and blueEdges where: redEdges[i] = [ai, bi] indicates that there is a directed red edge from node ai to node bi in the graph, and blueEdges[j] = [uj, vj] indicates that there is a directed blue edge from node uj to node vj in the graph. Return an array answer of length n, where each answer[x] is the length of the shortest path from node 0 to node x such that th
1779	1424	Diagonal Traverse II	Given a 2D integer array nums, return all elements of nums in diagonal order as shown in the below images. Example 1: Input: nums = [[1,2,3],[4,5,6],[7,8,9]] Output: [1,4,2,7,5,3,8,6,9] Example 2: Input: nums = [[1,2,3,4,5],[6,7],[8],[9,10,11],[12,13,14,15,16]] Output: [1,6,2,8,7,3,9,4,12,10,5,13,11,14,15,16] Constraints: 1 <= nums.length <= 105 1 <= nums[i].length <= 105 1 <= sum(nums[i].length) <= 105 1 <= nums[i][j] <= 105
1779	2369	Check if There is a Valid Partition For The Array	You are given a 0-indexed integer array nums. You have to partition the array into one or more contiguous subarrays. We call a partition of the array valid if each of the obtained subarrays satisfies one of the following conditions: The subarray consists of exactly 2, equal elements. For example, the subarray [2,2] is good. The subarray consists of exactly 3, equal elements. For example, the subarray [4,4,4] is good. The subarray consists of exactly 3 consecutive increasing elements, that is, the difference between adjacent elements is 1. For example, the subarray [3,4,5] is good, but the suba
1779	2601	Prime Subtraction Operation	You are given a 0-indexed integer array nums of length n. You can perform the following operation as many times as you want: Pick an index i that you haven’t picked before, and pick a prime p strictly less than nums[i], then subtract p from nums[i]. Return true if you can make nums a strictly increasing array using the above operation and false otherwise. A strictly increasing array is an array whose each element is strictly greater than its preceding element. Example 1: Input: nums = [4,9,6,10] Output: true Explanation: In the first operation: Pick i = 0 and p = 3, and then subtract 3 from nu
1779	842	Split Array into Fibonacci Sequence	You are given a string of digits num, such as "123456579". We can split it into a Fibonacci-like sequence [123, 456, 579]. Formally, a Fibonacci-like sequence is a list f of non-negative integers such that: 0 <= f[i] < 231, (that is, each integer fits in a 32-bit signed integer type), f.length >= 3, and f[i] + f[i + 1] == f[i + 2] for all 0 <= i < f.length - 2. Note that when splitting the string into pieces, each piece must not have extra leading zeroes, except if the piece is the number 0 itself. Return any Fibonacci-like sequence split from num, or return [] if it cannot be done. Example 1:
1781	1895	Largest Magic Square	A k x k magic square is a k x k grid filled with integers such that every row sum, every column sum, and both diagonal sums are all equal. The integers in the magic square do not have to be distinct. Every 1 x 1 grid is trivially a magic square. Given an m x n integer grid, return the size (i.e., the side length k) of the largest magic square that can be found within this grid. Example 1: Input: grid = [[7,1,4,5,6],[2,5,1,6,4],[1,5,4,3,2],[1,2,7,3,4]] Output: 3 Explanation: The largest magic square has a size of 3. Every row sum, column sum, and diagonal sum of this magic square is equal to 12
1781	2353	Design a Food Rating System	Design a food rating system that can do the following: Modify the rating of a food item listed in the system. Return the highest-rated food item for a type of cuisine in the system. Implement the FoodRatings class: FoodRatings(String[] foods, String[] cuisines, int[] ratings) Initializes the system. The food items are described by foods, cuisines and ratings, all of which have a length of n. foods[i] is the name of the ith food, cuisines[i] is the type of cuisine of the ith food, and ratings[i] is the initial rating of the ith food. void changeRating(String food, int newRating) Changes the rat
1782	1171	Remove Zero Sum Consecutive Nodes from Linked List	Given the head of a linked list, we repeatedly delete consecutive sequences of nodes that sum to 0 until there are no such sequences. After doing so, return the head of the final linked list. You may return any such answer. (Note that in the examples below, all sequences are serializations of ListNode objects.) Example 1: Input: head = [1,2,-3,3,1] Output: [3,1] Note: The answer [1,2,1] would also be accepted. Example 2: Input: head = [1,2,3,-3,4] Output: [1,2,4] Example 3: Input: head = [1,2,3,-3,-2] Output: [1] Constraints: The given linked list will contain between 1 and 1000 nodes. Each no
1782	1765	Map of Highest Peak	You are given an integer matrix isWater of size m x n that represents a map of land and water cells. If isWater[i][j] == 0, cell (i, j) is a land cell. If isWater[i][j] == 1, cell (i, j) is a water cell. You must assign each cell a height in a way that follows these rules: The height of each cell must be non-negative. If the cell is a water cell, its height must be 0. Any two adjacent cells must have an absolute height difference of at most 1. A cell is adjacent to another cell if the former is directly north, east, south, or west of the latter (i.e., their sides are touching). Find an assignm
1783	851	Loud and Rich	There is a group of n people labeled from 0 to n - 1 where each person has a different amount of money and a different level of quietness. You are given an array richer where richer[i] = [ai, bi] indicates that ai has more money than bi and an integer array quiet where quiet[i] is the quietness of the ith person. All the given data in richer are logically correct (i.e., the data will not lead you to a situation where x is richer than y and y is richer than x at the same time). Return an integer array answer where answer[x] = y if y is the least quiet person (that is, the person y with the smal
1784	2952	Minimum Number of Coins to be Added	You are given a 0-indexed integer array coins, representing the values of the coins available, and an integer target. An integer x is obtainable if there exists a subsequence of coins that sums to x. Return the minimum number of coins of any value that need to be added to the array so that every integer in the range [1, target] is obtainable. A subsequence of an array is a new non-empty array that is formed from the original array by deleting some (possibly none) of the elements without disturbing the relative positions of the remaining elements. Example 1: Input: coins = [1,4,10], target = 19
1784	894	All Possible Full Binary Trees	Given an integer n, return a list of all possible full binary trees with n nodes. Each node of each tree in the answer must have Node.val == 0. Each element of the answer is the root node of one possible tree. You may return the final list of trees in any order. A full binary tree is a binary tree where each node has exactly 0 or 2 children. Example 1: Input: n = 7 Output: [[0,0,0,null,null,0,0,null,null,0,0],[0,0,0,null,null,0,0,0,0],[0,0,0,0,0,0,0],[0,0,0,0,0,null,null,null,null,0,0],[0,0,0,0,0,null,null,0,0]] Example 2: Input: n = 3 Output: [[0,0,0]] Constraints: 1 <= n <= 20
1785	1911	Maximum Alternating Subsequence Sum	The alternating sum of a 0-indexed array is defined as the sum of the elements at even indices minus the sum of the elements at odd indices. For example, the alternating sum of [4,2,5,3] is (4 + 5) - (2 + 3) = 4. Given an array nums, return the maximum alternating sum of any subsequence of nums (after reindexing the elements of the subsequence). A subsequence of an array is a new array generated from the original array by deleting some elements (possibly none) without changing the remaining elements' relative order. For example, [2,7,4] is a subsequence of [4,2,3,7,2,1,4] (the underlined eleme
1785	2653	Sliding Subarray Beauty	Given an integer array nums containing n integers, find the beauty of each subarray of size k. The beauty of a subarray is the xth smallest integer in the subarray if it is negative, or 0 if there are fewer than x negative integers. Return an integer array containing n - k + 1 integers, which denote the beauty of the subarrays in order from the first index in the array. A subarray is a contiguous non-empty sequence of elements within an array. Example 1: Input: nums = [1,-1,-3,-2,3], k = 3, x = 2 Output: [-1,-2,-2] Explanation: There are 3 subarrays with size k = 3. The first subarray is [1, -
1786	1312	Minimum Insertion Steps to Make a String Palindrome	Given a string s. In one step you can insert any character at any index of the string. Return the minimum number of steps to make s palindrome. A Palindrome String is one that reads the same backward as well as forward. Example 1: Input: s = "zzazz" Output: 0 Explanation: The string "zzazz" is already palindrome we do not need any insertions. Example 2: Input: s = "mbadm" Output: 2 Explanation: String can be "mbdadbm" or "mdbabdm". Example 3: Input: s = "leetcode" Output: 5 Explanation: Inserting 5 characters the string becomes "leetcodocteel". Constraints: 1 <= s.length <= 500 s consists of l
1786	1510	Stone Game IV	Alice and Bob take turns playing a game, with Alice starting first. Initially, there are n stones in a pile. On each player's turn, that player makes a move consisting of removing any non-zero square number of stones in the pile. Also, if a player cannot make a move, he/she loses the game. Given a positive integer n, return true if and only if Alice wins the game otherwise return false, assuming both players play optimally. Example 1: Input: n = 1 Output: true Explanation: Alice can remove 1 stone winning the game because Bob doesn't have any moves. Example 2: Input: n = 2 Output: false Explan
1786	787	Cheapest Flights Within K Stops	There are n cities connected by some number of flights. You are given an array flights where flights[i] = [fromi, toi, pricei] indicates that there is a flight from city fromi to city toi with cost pricei. You are also given three integers src, dst, and k, return the cheapest price from src to dst with at most k stops. If there is no such route, return -1. Example 1: Input: n = 4, flights = [[0,1,100],[1,2,100],[2,0,100],[1,3,600],[2,3,200]], src = 0, dst = 3, k = 1 Output: 700 Explanation: The graph is shown above. The optimal path with at most 1 stop from city 0 to 3 is marked in red and has
1786	971	Flip Binary Tree To Match Preorder Traversal	You are given the root of a binary tree with n nodes, where each node is uniquely assigned a value from 1 to n. You are also given a sequence of n values voyage, which is the desired pre-order traversal of the binary tree. Any node in the binary tree can be flipped by swapping its left and right subtrees. For example, flipping node 1 will have the following effect: Flip the smallest number of nodes so that the pre-order traversal of the tree matches voyage. Return a list of the values of all flipped nodes. You may return the answer in any order. If it is impossible to flip the nodes in the tre
1786	983	Minimum Cost For Tickets	You have planned some train traveling one year in advance. The days of the year in which you will travel are given as an integer array days. Each day is an integer from 1 to 365. Train tickets are sold in three different ways: a 1-day pass is sold for costs[0] dollars, a 7-day pass is sold for costs[1] dollars, and a 30-day pass is sold for costs[2] dollars. The passes allow that many days of consecutive travel. For example, if we get a 7-day pass on day 2, then we can travel for 7 days: 2, 3, 4, 5, 6, 7, and 8. Return the minimum number of dollars you need to travel every day in the given lis
1787	1156	Swap For Longest Repeated Character Substring	You are given a string text. You can swap two of the characters in the text. Return the length of the longest substring with repeated characters. Example 1: Input: text = "ababa" Output: 3 Explanation: We can swap the first 'b' with the last 'a', or the last 'b' with the first 'a'. Then, the longest repeated character substring is "aaa" with length 3. Example 2: Input: text = "aaabaaa" Output: 6 Explanation: Swap 'b' with the last 'a' (or the first 'a'), and we get longest repeated character substring "aaaaaa" with length 6. Example 3: Input: text = "aaaaa" Output: 5 Explanation: No need to sw
1787	1497	Check If Array Pairs Are Divisible by k	Given an array of integers arr of even length n and an integer k. We want to divide the array into exactly n / 2 pairs such that the sum of each pair is divisible by k. Return true If you can find a way to do that or false otherwise. Example 1: Input: arr = [1,2,3,4,5,10,6,7,8,9], k = 5 Output: true Explanation: Pairs are (1,9),(2,8),(3,7),(4,6) and (5,10). Example 2: Input: arr = [1,2,3,4,5,6], k = 7 Output: true Explanation: Pairs are (1,6),(2,5) and(3,4). Example 3: Input: arr = [1,2,3,4,5,6], k = 10 Output: false Explanation: You can try all possible pairs to see that there is no way to di
1787	2192	All Ancestors of a Node in a Directed Acyclic Graph	You are given a positive integer n representing the number of nodes of a Directed Acyclic Graph (DAG). The nodes are numbered from 0 to n - 1 (inclusive). You are also given a 2D integer array edges, where edges[i] = [fromi, toi] denotes that there is a unidirectional edge from fromi to toi in the graph. Return a list answer, where answer[i] is the list of ancestors of the ith node, sorted in ascending order. A node u is an ancestor of another node v if u can reach v via a set of edges. Example 1: Input: n = 8, edgeList = [[0,3],[0,4],[1,3],[2,4],[2,7],[3,5],[3,6],[3,7],[4,6]] Output: [[],[],[
1787	3387	Maximize Amount After Two Days of Conversions	You are given a string initialCurrency, and you start with 1.0 of initialCurrency. You are also given four arrays with currency pairs (strings) and rates (real numbers): pairs1[i] = [startCurrencyi, targetCurrencyi] denotes that you can convert from startCurrencyi to targetCurrencyi at a rate of rates1[i] on day 1. pairs2[i] = [startCurrencyi, targetCurrencyi] denotes that you can convert from startCurrencyi to targetCurrencyi at a rate of rates2[i] on day 2. Also, each targetCurrency can be converted back to its corresponding startCurrency at a rate of 1 / rate. You can perform any number of 
1787	768	Max Chunks To Make Sorted II	You are given an integer array arr. We split arr into some number of chunks (i.e., partitions), and individually sort each chunk. After concatenating them, the result should equal the sorted array. Return the largest number of chunks we can make to sort the array. Example 1: Input: arr = [5,4,3,2,1] Output: 1 Explanation: Splitting into two or more chunks will not return the required result. For example, splitting into [5, 4], [3, 2, 1] will result in [4, 5, 1, 2, 3], which isn't sorted. Example 2: Input: arr = [2,1,3,4,4] Output: 4 Explanation: We can split into two chunks, such as [2, 1], [3
1789	3219	Minimum Cost for Cutting Cake II	There is an m x n cake that needs to be cut into 1 x 1 pieces. You are given integers m, n, and two arrays: horizontalCut of size m - 1, where horizontalCut[i] represents the cost to cut along the horizontal line i. verticalCut of size n - 1, where verticalCut[j] represents the cost to cut along the vertical line j. In one operation, you can choose any piece of cake that is not yet a 1 x 1 square and perform one of the following cuts: Cut along a horizontal line i at a cost of horizontalCut[i]. Cut along a vertical line j at a cost of verticalCut[j]. After the cut, the piece of cake is divided
1789	3724	Minimum Operations to Transform Array	You are given two integer arrays nums1 of length n and nums2 of length n + 1. You want to transform nums1 into nums2 using the minimum number of operations. You may perform the following operations any number of times, each time choosing an index i: Increase nums1[i] by 1. Decrease nums1[i] by 1. Append nums1[i] to the end of the array. Return the minimum number of operations required to transform nums1 into nums2. Example 1: Input: nums1 = [2,8], nums2 = [1,7,3] Output: 4 Explanation: Step i Operation nums1[i] Updated nums1 1 0 Append - [2, 8, 2] 2 0 Decrement Decreases to 1 [1, 8, 2] 3 1 Dec
1790	2321	Maximum Score Of Spliced Array	You are given two 0-indexed integer arrays nums1 and nums2, both of length n. You can choose two integers left and right where 0 <= left <= right < n and swap the subarray nums1[left...right] with the subarray nums2[left...right]. For example, if nums1 = [1,2,3,4,5] and nums2 = [11,12,13,14,15] and you choose left = 1 and right = 2, nums1 becomes [1,12,13,4,5] and nums2 becomes [11,2,3,14,15]. You may choose to apply the mentioned operation once or not do anything. The score of the arrays is the maximum of sum(nums1) and sum(nums2), where sum(arr) is the sum of all the elements in the array ar
1791	2712	Minimum Cost to Make All Characters Equal	You are given a 0-indexed binary string s of length n on which you can apply two types of operations: Choose an index i and invert all characters from index 0 to index i (both inclusive), with a cost of i + 1 Choose an index i and invert all characters from index i to index n - 1 (both inclusive), with a cost of n - i Return the minimum cost to make all characters of the string equal. Invert a character means if its value is '0' it becomes '1' and vice-versa. Example 1: Input: s = "0011" Output: 2 Explanation: Apply the second operation with i = 2 to obtain s = "0000" for a cost of 2. It can b
1791	2771	Longest Non-decreasing Subarray From Two Arrays	You are given two 0-indexed integer arrays nums1 and nums2 of length n. Let's define another 0-indexed integer array, nums3, of length n. For each index i in the range [0, n - 1], you can assign either nums1[i] or nums2[i] to nums3[i]. Your task is to maximize the length of the longest non-decreasing subarray in nums3 by choosing its values optimally. Return an integer representing the length of the longest non-decreasing subarray in nums3. Note: A subarray is a contiguous non-empty sequence of elements within an array. Example 1: Input: nums1 = [2,3,1], nums2 = [1,2,1] Output: 2 Explanation: 
1792	1245	Tree Diameter	
1793	1653	Minimum Deletions to Make String Balanced	You are given a string s consisting only of characters 'a' and 'b'​​​​. You can delete any number of characters in s to make s balanced. s is balanced if there is no pair of indices (i,j) such that i < j and s[i] = 'b' and s[j]= 'a'. Return the minimum number of deletions needed to make s balanced. Example 1: Input: s = "aababbab" Output: 2 Explanation: You can either: Delete the characters at 0-indexed positions 2 and 6 ("aababbab" -> "aaabbb"), or Delete the characters at 0-indexed positions 3 and 6 ("aababbab" -> "aabbbb"). Example 2: Input: s = "bbaaaaabb" Output: 2 Explanation: The only s
1793	2381	Shifting Letters II	You are given a string s of lowercase English letters and a 2D integer array shifts where shifts[i] = [starti, endi, directioni]. For every i, shift the characters in s from the index starti to the index endi (inclusive) forward if directioni = 1, or shift the characters backward if directioni = 0. Shifting a character forward means replacing it with the next letter in the alphabet (wrapping around so that 'z' becomes 'a'). Similarly, shifting a character backward means replacing it with the previous letter in the alphabet (wrapping around so that 'a' becomes 'z'). Return the final string afte
1793	2615	Sum of Distances	You are given a 0-indexed integer array nums. There exists an array arr of length nums.length, where arr[i] is the sum of |i - j| over all j such that nums[j] == nums[i] and j != i. If there is no such j, set arr[i] to be 0. Return the array arr. Example 1: Input: nums = [1,3,1,1,2] Output: [5,0,3,4,0] Explanation: When i = 0, nums[0] == nums[2] and nums[0] == nums[3]. Therefore, arr[0] = |0 - 2| + |0 - 3| = 5. When i = 1, arr[1] = 0 because there is no other index with value 3. When i = 2, nums[2] == nums[0] and nums[2] == nums[3]. Therefore, arr[2] = |2 - 0| + |2 - 3| = 3. When i = 3, nums[3
1793	3092	Most Frequent IDs	The problem involves tracking the frequency of IDs in a collection that changes over time. You have two integer arrays, nums and freq, of equal length n. Each element in nums represents an ID, and the corresponding element in freq indicates how many times that ID should be added to or removed from the collection at each step. Addition of IDs: If freq[i] is positive, it means freq[i] IDs with the value nums[i] are added to the collection at step i. Removal of IDs: If freq[i] is negative, it means -freq[i] IDs with the value nums[i] are removed from the collection at step i. Return an array ans 
1793	3376	Minimum Time to Break Locks I	Bob is stuck in a dungeon and must break n locks, each requiring some amount of energy to break. The required energy for each lock is stored in an array called strength where strength[i] indicates the energy needed to break the ith lock. To break a lock, Bob uses a sword with the following characteristics: The initial energy of the sword is 0. The initial factor x by which the energy of the sword increases is 1. Every minute, the energy of the sword increases by the current factor x. To break the ith lock, the energy of the sword must reach at least strength[i]. After breaking a lock, the ener
1794	2998	Minimum Number of Operations to Make X and Y Equal	You are given two positive integers x and y. In one operation, you can do one of the four following operations: Divide x by 11 if x is a multiple of 11. Divide x by 5 if x is a multiple of 5. Decrement x by 1. Increment x by 1. Return the minimum number of operations required to make x and y equal. Example 1: Input: x = 26, y = 1 Output: 3 Explanation: We can make 26 equal to 1 by applying the following operations: 1. Decrement x by 1 2. Divide x by 5 3. Divide x by 5 It can be shown that 3 is the minimum number of operations required to make 26 equal to 1. Example 2: Input: x = 54, y = 2 Outp
1794	886	Possible Bipartition	We want to split a group of n people (labeled from 1 to n) into two groups of any size. Each person may dislike some other people, and they should not go into the same group. Given the integer n and the array dislikes where dislikes[i] = [ai, bi] indicates that the person labeled ai does not like the person labeled bi, return true if it is possible to split everyone into two groups in this way. Example 1: Input: n = 4, dislikes = [[1,2],[1,3],[2,4]] Output: true Explanation: The first group has [1,4], and the second group has [2,3]. Example 2: Input: n = 3, dislikes = [[1,2],[1,3],[2,3]] Outpu
1795	966	Vowel Spellchecker	Given a wordlist, we want to implement a spellchecker that converts a query word into a correct word. For a given query word, the spell checker handles two categories of spelling mistakes: Capitalization: If the query matches a word in the wordlist (case-insensitive), then the query word is returned with the same case as the case in the wordlist. Example: wordlist = ["yellow"], query = "YellOw": correct = "yellow" Example: wordlist = ["Yellow"], query = "yellow": correct = "Yellow" Example: wordlist = ["yellow"], query = "yellow": correct = "yellow" Vowel Errors: If after replacing the vowels 
1796	3001	Minimum Moves to Capture The Queen	There is a 1-indexed 8 x 8 chessboard containing 3 pieces. You are given 6 integers a, b, c, d, e, and f where: (a, b) denotes the position of the white rook. (c, d) denotes the position of the white bishop. (e, f) denotes the position of the black queen. Given that you can only move the white pieces, return the minimum number of moves required to capture the black queen. Note that: Rooks can move any number of squares either vertically or horizontally, but cannot jump over other pieces. Bishops can move any number of squares diagonally, but cannot jump over other pieces. A rook or a bishop ca
1796	3814	Maximum Capacity Within Budget	You are given two integer arrays costs and capacity, both of length n, where costs[i] represents the purchase cost of the ith machine and capacity[i] represents its performance capacity. You are also given an integer budget. You may select at most two distinct machines such that the total cost of the selected machines is strictly less than budget. Return the maximum achievable total capacity of the selected machines. Example 1: Input: costs = [4,8,5,3], capacity = [1,5,2,7], budget = 8 Output: 8 Explanation: Choose two machines with costs[0] = 4 and costs[3] = 3. The total cost is 4 + 3 = 7, w
1797	1028	Recover a Tree From Preorder Traversal	We run a preorder depth-first search (DFS) on the root of a binary tree. At each node in this traversal, we output D dashes (where D is the depth of this node), then we output the value of this node. If the depth of a node is D, the depth of its immediate child is D + 1. The depth of the root node is 0. If a node has only one child, that child is guaranteed to be the left child. Given the output traversal of this traversal, recover the tree and return its root. Example 1: Input: traversal = "1-2--3--4-5--6--7" Output: [1,2,5,3,4,6,7] Example 2: Input: traversal = "1-2--3---4-5--6---7" Output: 
1797	1072	Flip Columns For Maximum Number of Equal Rows	You are given an m x n binary matrix matrix. You can choose any number of columns in the matrix and flip every cell in that column (i.e., Change the value of the cell from 0 to 1 or vice versa). Return the maximum number of rows that have all values equal after some number of flips. Example 1: Input: matrix = [[0,1],[1,1]] Output: 1 Explanation: After flipping no values, 1 row has all values equal. Example 2: Input: matrix = [[0,1],[1,0]] Output: 2 Explanation: After flipping values in the first column, both rows have equal values. Example 3: Input: matrix = [[0,0,0],[0,0,1],[1,1,0]] Output: 2
1797	1711	Count Good Meals	A good meal is a meal that contains exactly two different food items with a sum of deliciousness equal to a power of two. You can pick any two different foods to make a good meal. Given an array of integers deliciousness where deliciousness[i] is the deliciousness of the i​​​​​​th​​​​​​​​ item of food, return the number of different good meals you can make from this list modulo 109 + 7. Note that items with different indices are considered different even if they have the same deliciousness value. Example 1: Input: deliciousness = [1,3,5,7,9] Output: 4 Explanation: The good meals are (1,3), (1,
1797	1834	Single-Threaded CPU	You are given n​​​​​​ tasks labeled from 0 to n - 1 represented by a 2D integer array tasks, where tasks[i] = [enqueueTimei, processingTimei] means that the i​​​​​​th​​​​ task will be available to process at enqueueTimei and will take processingTimei to finish processing. You have a single-threaded CPU that can process at most one task at a time and will act in the following way: If the CPU is idle and there are no available tasks to process, the CPU remains idle. If the CPU is idle and there are available tasks, the CPU will choose the one with the shortest processing time. If multiple tasks 
1798	3418	Maximum Amount of Money Robot Can Earn	You are given an m x n grid. A robot starts at the top-left corner of the grid (0, 0) and wants to reach the bottom-right corner (m - 1, n - 1). The robot can move either right or down at any point in time. The grid contains a value coins[i][j] in each cell: If coins[i][j] >= 0, the robot gains that many coins. If coins[i][j] < 0, the robot encounters a robber, and the robber steals the absolute value of coins[i][j] coins. The robot has a special ability to neutralize robbers in at most 2 cells on its path, preventing them from stealing coins in those cells. Note: The robot's total coins can b
1799	1186	Maximum Subarray Sum with One Deletion	Given an array of integers, return the maximum sum for a non-empty subarray (contiguous elements) with at most one element deletion. In other words, you want to choose a subarray and optionally delete one element from it so that there is still at least one element left and the sum of the remaining elements is maximum possible. Note that the subarray needs to be non-empty after deleting one element. Example 1: Input: arr = [1,-2,0,3] Output: 4 Explanation: Because we can choose [1, -2, 0, 3] and drop -2, thus the subarray [1, 0, 3] becomes the maximum value. Example 2: Input: arr = [1,-2,-2,3] 
