MainTopic	Subgroup	Difficulty	Title	Slug	Source	Link
Time and Space Complexity / Online Judge	Online Judge	Theory	Why, What and How?		read.learnyard.com	https://read.learnyard.com/dsa/oj-wwh/
Time and Space Complexity / Online Judge	Online Judge	Theory	Popular Online Platforms		read.learnyard.com	https://read.learnyard.com/dsa/popular-online-platforms/
Time and Space Complexity / Online Judge	Online Judge	Theory	Tearing Down a Problem		read.learnyard.com	https://read.learnyard.com/dsa/tearing-down-a-problem/
Time and Space Complexity / Online Judge	Time and Space Complexity	Theory	Inroduction to Time Complexity		read.learnyard.com	https://read.learnyard.com/dsa/introduction-to-time-complexity/
Time and Space Complexity / Online Judge	Time and Space Complexity	Theory	Introduction to Space Complexity		read.learnyard.com	https://read.learnyard.com/dsa/introduction-to-space-complexity/
Time and Space Complexity / Online Judge	Time and Space Complexity	Theory	Different Notations in Time Complexity		read.learnyard.com	https://read.learnyard.com/dsa/different-notations-in-time-complexity/
Time and Space Complexity / Online Judge	Time and Space Complexity	Theory	Comparing different time complexities		read.learnyard.com	https://read.learnyard.com/dsa/comparing-different-time-complexities/
Time and Space Complexity / Online Judge	Time and Space Complexity	Theory	How to Calculate Time Complexity?		read.learnyard.com	https://read.learnyard.com/dsa/how-to-calculate-time-complexity/
Time and Space Complexity / Online Judge	Time and Space Complexity	Basic	Quiz: Time Complexity		read.learnyard.com	https://read.learnyard.com/dsa/quiz-time-complexity/
Dsa Fundamentals	Control Flow	Basic	if-else and else-if ladder Practice		read.learnyard.com	https://read.learnyard.com/dsa/if-else-practice/
Dsa Fundamentals	Control Flow	Basic	Loops Practice 1		read.learnyard.com	https://read.learnyard.com/dsa/loops-practice-1/
Dsa Fundamentals	Control Flow	Basic	Loops Practice 2		read.learnyard.com	https://read.learnyard.com/dsa/loops-practice-2/
Dsa Fundamentals	Control Flow	Basic	Loops Practice 3		read.learnyard.com	https://read.learnyard.com/dsa/loops-practice-3/
Dsa Fundamentals	Control Flow	Basic	Loops Practice 4		read.learnyard.com	https://read.learnyard.com/dsa/loops-practice-4/
Dsa Fundamentals	Control Flow	Basic	Square Star and Rhombus Star Patterns		read.learnyard.com	https://read.learnyard.com/dsa/square-star-and-rhombus-star-patterns/
Dsa Fundamentals	Control Flow	Basic	Triangle Star Patterns		read.learnyard.com	https://read.learnyard.com/dsa/triangle-star-patterns/
Dsa Fundamentals	Control Flow	Basic	Pyramid Star Patterns		read.learnyard.com	https://read.learnyard.com/dsa/pyramid-star-patterns/
Dsa Fundamentals	Control Flow	Basic	Miscellaneous Star Patterns		read.learnyard.com	https://read.learnyard.com/dsa/miscellaneous-star-patterns/
Dsa Fundamentals	Control Flow	Basic	Number Patterns 1		read.learnyard.com	https://read.learnyard.com/dsa/number-patterns-1/
Dsa Fundamentals	Control Flow	Basic	Number Patterns 2		read.learnyard.com	https://read.learnyard.com/dsa/number-patterns-2/
Dsa Fundamentals	Control Flow	Basic	Triangular Number Patterns 1		read.learnyard.com	https://read.learnyard.com/dsa/triangular-number-patterns-1/
Dsa Fundamentals	Control Flow	Basic	Triangular Number Patterns 2		read.learnyard.com	https://read.learnyard.com/dsa/triangular-number-patterns-2/
Dsa Fundamentals	Control Flow	Basic	Triangular Number Patterns 3		read.learnyard.com	https://read.learnyard.com/dsa/triangular-number-patterns-3/
Dsa Fundamentals	Control Flow	Basic	Switch Statement Practice		read.learnyard.com	https://read.learnyard.com/dsa/switch-statement-practice/
Dsa Fundamentals	Array Basics	Basic	Print Each Element and Its Index in an Array		unknown	NA
Dsa Fundamentals	Array Basics	Basic	Print Elements of an Array in Reverse Order		unknown	NA
Dsa Fundamentals	Array Basics	Basic	Print Alternate Elements of an Array		unknown	NA
Dsa Fundamentals	Array Basics	Basic	Create a Duplicate of an Array		unknown	NA
Dsa Fundamentals	Array Basics	Basic	Create Two Arrays one for Odd Elements and one for Even Elements		unknown	NA
Dsa Fundamentals	Array Basics	Basic	Calculate Sum and Product of Array Elements		unknown	NA
Dsa Fundamentals	Array Basics	Basic	Count Occurrences of a Target Number in an Array		unknown	NA
Dsa Fundamentals	Array Basics	Basic	Check if an Array is Sorted Forward, Backward or Not at All		unknown	NA
Dsa Fundamentals	Array Basics	Basic	Count Unique and Duplicate Elements in an Array		unknown	NA
Dsa Fundamentals	Array Basics	Basic	Check if Two Elements Exist with a Sum Equal to a Target Value		unknown	NA
Dsa Fundamentals	Array Basics	Basic	Check if Three Elements Exist with a Sum Equal to a Target Value		unknown	NA
Dsa Fundamentals	Array Basics	Basic	Find the Maximum Element in an Array		unknown	NA
Dsa Fundamentals	Array Basics	Basic	Find the Minimum Element in an Array		unknown	NA
Dsa Fundamentals	Array Basics	Basic	Find the Second Maximum Element; if None, Print -1		unknown	NA
Dsa Fundamentals	Array Basics	Basic	Find the Second Minimum Element; if None, Print -1		unknown	NA
Dsa Fundamentals	Array Basics	Basic	Insert an Element at the Xth Position, Shifting Right		unknown	NA
Dsa Fundamentals	Array Basics	Basic	Delete an Element at the Xth Position, Shifting Left		unknown	NA
Dsa Fundamentals	String Basics	Basic	Print ASCII Value of Each Character in a String		unknown	NA
Dsa Fundamentals	String Basics	Basic	Count Letters, Numbers, and Special Characters in a String		unknown	NA
Dsa Fundamentals	String Basics	Basic	Find the Difference between the Number of Consonants and Vowels		unknown	NA
Dsa Fundamentals	String Basics	Basic	Convert Uppercase to Lowercase and Vice Versa in a String		unknown	NA
Dsa Fundamentals	String Basics	Basic	Remove Leading, Trailing, and Extra Spaces in a String		unknown	NA
Dsa Fundamentals	String Basics	Basic	Count the Number of Words in a String		unknown	NA
Dsa Fundamentals	String Basics	Basic	Find the Maximum and Minimum Occurring Characters in a String		unknown	NA
Dsa Fundamentals	String Basics	Basic	Check if There are Two or Three Consecutive Identical Characters in a String		unknown	NA
Dsa Fundamentals	String Basics	Basic	Find the First and Last Index of Occurrence for Each Character in a String		unknown	NA
Dsa Fundamentals	String Basics	Basic	Check if a String Contains All Letters from 'a' to 'z'		unknown	NA
Dsa Fundamentals	String Basics	Basic	Insert a Character at the First, Last, and Kth Position in a String		unknown	NA
Dsa Fundamentals	String Basics	Basic	Remove the First, Last, and Kth Character from a String		unknown	NA
Dsa Fundamentals	String Basics	Basic	Find a Specific Substring within a String		unknown	NA
Dsa Fundamentals	String Basics	Basic	Generate All Possible Substrings of a String		unknown	NA
Dsa Fundamentals	Matrix Basics	Basic	Print a Matrix Row-Wise and Column-Wise		unknown	NA
Dsa Fundamentals	Matrix Basics	Basic	Calculate the Total Sum of Elements in a Matrix		unknown	NA
Dsa Fundamentals	Matrix Basics	Basic	Calculate the Sum of Each Row and Each Column in a Matrix		unknown	NA
Dsa Fundamentals	Matrix Basics	Basic	Find the Maximum and Minimum Values in Each Row of a Matrix		unknown	NA
Dsa Fundamentals	Matrix Basics	Basic	Find the Maximum and Minimum Values in Each Column of a Matrix		unknown	NA
Dsa Fundamentals	Matrix Basics	Basic	Add and Subtract Two Matrices		unknown	NA
Dsa Fundamentals	Matrix Basics	Basic	Print the Upper Triangle and Lower Triangle of a Matrix		unknown	NA
Dsa Fundamentals	Matrix Basics	Basic	Print the Left and Right Diagonals of a Matrix		unknown	NA
Dsa Fundamentals	Matrix Basics	Basic	Print the Boundary Elements of a Matrix		unknown	NA
Dsa Fundamentals	Matrix Basics	Basic	Sort the Matrix Row-Wise and Column-Wise		unknown	NA
Dsa Fundamentals	Matrix Basics	Basic	Print the Matrix in a Zig-Zag Pattern		unknown	NA
Dsa Fundamentals	Matrix Basics	Basic	Check if a Matrix is Symmetric		unknown	NA
Dsa Fundamentals	Matrix Basics	Basic	Check if a Matrix is an Identity Matrix		unknown	NA
Dsa Fundamentals	Matrix Basics	Basic	Check if a Matrix is Sparse (Mostly Zeroes)		unknown	NA
Dsa Fundamentals	Matrix Basics	Basic	Find the Inverse of a Matrix		unknown	NA
Dsa Fundamentals	Math Basics	Basic	Perform Basic Operations (Addition, Subtraction, Multiplication, Division) using Two Numbers		unknown	NA
Dsa Fundamentals	Math Basics	Basic	Find the Sum of Digits of a Number		unknown	NA
Dsa Fundamentals	Math Basics	Basic	Reverse a Given Number		unknown	NA
Dsa Fundamentals	Math Basics	Basic	Check if a Number is a Palindrome		unknown	NA
Dsa Fundamentals	Math Basics	Basic	Check if a Number is an Armstrong Number		unknown	NA
Dsa Fundamentals	Math Basics	Basic	Count the Total Occurrences of the Digit '1' in All Positive Integers Less than or Equal to a Given Integer n		unknown	NA
Dsa Fundamentals	Math Basics	Basic	Generate Fibonacci Numbers up to a Given Limit		unknown	NA
Dsa Fundamentals	Math Basics	Basic	Calculate the Factorial of a Number		unknown	NA
Dsa Fundamentals	Math Basics	Basic	Find the Number of Trailing Zeroes in the Factorial of a Given Number n		unknown	NA
Dsa Fundamentals	Math Basics	Basic	Calculate the LCM and GCD of Two Numbers		unknown	NA
Dsa Fundamentals	Math Basics	Basic	Check if a Number is Prime without using the Sieve of Eratosthenes		unknown	NA
Dsa Fundamentals	Math Basics	Basic	Check if Two Numbers are Co-Prime		unknown	NA
Dsa Fundamentals	Math Basics	Basic	Find All Divisors of a Given Number		unknown	NA
Dsa Fundamentals	Math Basics	Basic	Perform Modulo Operations		unknown	NA
Dsa Fundamentals	Math Basics	Basic	Check Divisibility Rules for Numbers from 1 to 20		unknown	NA
Dsa Fundamentals	Recursion Basics	Theory	Introduction to Recursion		read.learnyard.com	https://read.learnyard.com/dsa/introduction-to-recursion/
Dsa Fundamentals	Recursion Basics	Theory	Getting a hang of Recursion		read.learnyard.com	https://read.learnyard.com/dsa/getting-a-hang-of-recursion/
Dsa Fundamentals	Recursion Basics	Theory	Some simple problems using Recursion		read.learnyard.com	https://read.learnyard.com/dsa/some-simple-problems-using-recursion/
Dsa Fundamentals	Recursion Basics	Theory	Fast Exponentiation		read.learnyard.com	https://read.learnyard.com/dsa/fast-exponentiation/
Dsa Fundamentals	Recursion Basics	Theory	Power of Three		read.learnyard.com	https://read.learnyard.com/dsa/power-of-three/
Dsa Fundamentals	Recursion Basics	Theory	Recursion: Time & Space Complexity Analysis - 1		read.learnyard.com	https://read.learnyard.com/dsa/recursion-time-and-space-complexity-analysis-1/
Dsa Fundamentals	Recursion Basics	Theory	Recursion: Time & Space Complexity Analysis - 2		read.learnyard.com	https://read.learnyard.com/dsa/recursion-time-and-space-complexity-analysis-2/
Dsa Fundamentals	Recursion Basics	Theory	Time Complexity Analysis using Recurrence Relations		read.learnyard.com	https://read.learnyard.com/dsa/time-complexity-analysis-using-recurrence-relations/
Dsa Fundamentals	Recursion Basics	Basic	Calculate the Sum of Numbers from 1 to N using Recursion		unknown	NA
Dsa Fundamentals	Recursion Basics	Basic	Print the Fibonacci Series up to N Terms using Recursion		unknown	NA
Dsa Fundamentals	Recursion Basics	Basic	Print the Elements of an Array using Recursion		unknown	NA
Dsa Fundamentals	Recursion Basics	Basic	Count the Digits of a Given Number using Recursion		unknown	NA
Dsa Fundamentals	Recursion Basics	Basic	Find the Sum of Digits of a Number using Recursion		unknown	NA
Dsa Fundamentals	Recursion Basics	Basic	Find the GCD of Two Numbers using Recursion		unknown	NA
Dsa Fundamentals	Recursion Basics	Basic	Find the Largest Element of an Array using Recursion		unknown	NA
Dsa Fundamentals	Recursion Basics	Basic	Reverse a String using Recursion		unknown	NA
Dsa Fundamentals	Recursion Basics	Basic	Find the Factorial of a Number using Recursion		unknown	NA
Dsa Fundamentals	Recursion Basics	Basic	Convert a Decimal Number to Binary using Recursion		unknown	NA
Dsa Fundamentals	Recursion Basics	Basic	Check if a Number is a Prime Number using Recursion		unknown	NA
Dsa Fundamentals	Recursion Basics	Basic	Print Even or Odd Numbers in a Given Range using Recursion		unknown	NA
Dsa Fundamentals	Recursion Basics	Basic	Multiply Two Matrices using Recursion		unknown	NA
Dsa Fundamentals	Recursion Basics	Basic	Check if a Given String is a Palindrome using Recursion		unknown	NA
Dsa Fundamentals	Recursion Basics	Basic	Copy One String to Another using Recursion		unknown	NA
Dsa Fundamentals	Recursion Basics	Basic	Check if an Array is Sorted using Recursion		unknown	NA
Programming Fundamentals	C++ Fundamentals	Theory	Introduction to C++ Programming		read.learnyard.com	https://read.learnyard.com/cpp-fundamentals/what-is-cpp/
Programming Fundamentals	C++ Fundamentals	Theory	Literals		read.learnyard.com	https://read.learnyard.com/cpp-fundamentals/literals-in-cpp/
Programming Fundamentals	C++ Fundamentals	Theory	Comments		read.learnyard.com	https://read.learnyard.com/cpp-fundamentals/comments-in-cpp/
Programming Fundamentals	C++ Fundamentals	Theory	Variables		read.learnyard.com	https://read.learnyard.com/cpp-fundamentals/variables-in-cpp/
Programming Fundamentals	C++ Fundamentals	Theory	DataTypes in C++		read.learnyard.com	https://read.learnyard.com/cpp-fundamentals/data-types-in-cpp/
Programming Fundamentals	C++ Fundamentals	Theory	Print Output		read.learnyard.com	https://read.learnyard.com/cpp-fundamentals/print-output-in-cpp/
Programming Fundamentals	C++ Fundamentals	Theory	Arithmetic Operators | Operators in C++		read.learnyard.com	https://read.learnyard.com/cpp-fundamentals/operators-in-cpp-part-1/
Programming Fundamentals	C++ Fundamentals	Theory	Relational Operators | Operators in C++		read.learnyard.com	https://read.learnyard.com/cpp-fundamentals/operators-in-cpp-part-2/
Programming Fundamentals	C++ Fundamentals	Theory	Logical Operators | Operators in C++		read.learnyard.com	https://read.learnyard.com/cpp-fundamentals/booleans-in-cpp/
Programming Fundamentals	C++ Fundamentals	Theory	Conditional Statement in C++		read.learnyard.com	https://read.learnyard.com/cpp-fundamentals/if-else-cpp/
Programming Fundamentals	C++ Fundamentals	Theory	If-Else Statement | Conditional Statement in C++		read.learnyard.com	https://read.learnyard.com/cpp-fundamentals/else-if-ladder-cpp/
Programming Fundamentals	C++ Fundamentals	Theory	While Loop | Loop in C++		read.learnyard.com	https://read.learnyard.com/cpp-fundamentals/while-loop-cpp/
Programming Fundamentals	C++ Fundamentals	Theory	For Loop | Loop in C++		read.learnyard.com	https://read.learnyard.com/cpp-fundamentals/for-loop-cpp/
Programming Fundamentals	C++ Fundamentals	Theory	Factorial and Fibonacci Series		read.learnyard.com	https://read.learnyard.com/cpp-fundamentals/loops-standard-problems-cpp/
Programming Fundamentals	C++ Fundamentals	Theory	Break & Continue | Jumping Statements in C++		read.learnyard.com	https://read.learnyard.com/cpp-fundamentals/break-and-continue-cpp/
Programming Fundamentals	C++ Fundamentals	Theory	Switch Statement | Conditional Statement in C++		read.learnyard.com	https://read.learnyard.com/cpp-fundamentals/switch-statement-cpp/
Programming Fundamentals	C++ Fundamentals	Theory	Functions		read.learnyard.com	https://read.learnyard.com/cpp-fundamentals/functions-in-cpp/
Programming Fundamentals	C++ Fundamentals	Theory	Functions Arguments		read.learnyard.com	https://read.learnyard.com/cpp-fundamentals/function-arguments-in-cpp/
Programming Fundamentals	C++ Fundamentals	Theory	Return Statement		read.learnyard.com	https://read.learnyard.com/cpp-fundamentals/return-statement-cpp/
Programming Fundamentals	C++ Fundamentals	Theory	Local Variable		read.learnyard.com	https://read.learnyard.com/cpp-fundamentals/local-variable-cpp/
Programming Fundamentals	C++ Fundamentals	Theory	Why Do We Use Arguments and Return Type in a Function?		read.learnyard.com	https://read.learnyard.com/cpp-fundamentals/why-do-we-use-arguments-and-return-type-in-a-function-cpp/
Programming Fundamentals	C++ Fundamentals	Theory	Standard Library Functions		read.learnyard.com	https://read.learnyard.com/cpp-fundamentals/standard-library-functions-cpp/
Programming Fundamentals	C++ Fundamentals	Theory	Nested Functions		read.learnyard.com	https://read.learnyard.com/cpp-fundamentals/nested-functions-cpp/
Programming Fundamentals	C++ Fundamentals	Theory	Arrays in C++		read.learnyard.com	https://read.learnyard.com/cpp-fundamentals/arrays-in-cpp/
Programming Fundamentals	C++ Fundamentals	Theory	Iterating and Updating Arrays		read.learnyard.com	https://read.learnyard.com/cpp-fundamentals/iterating-and-updating-arrays-cpp/
Programming Fundamentals	C++ Fundamentals	Theory	Taking Input in Arrays		read.learnyard.com	https://read.learnyard.com/cpp-fundamentals/taking-input-in-arrays-cpp/
Programming Fundamentals	C++ Fundamentals	Theory	Arrays Memory Allocation		read.learnyard.com	https://read.learnyard.com/cpp-fundamentals/arrays-memory-allocation-cpp/
Programming Fundamentals	C++ Fundamentals	Theory	Caveats in C++ Arrays		read.learnyard.com	https://read.learnyard.com/cpp-fundamentals/caveats-in-cpp-arrays/
Programming Fundamentals	C++ Fundamentals	Theory	Quiz: Arrays Theory		read.learnyard.com	https://read.learnyard.com/cpp-fundamentals/quiz-arrays-theory-cpp/
Programming Fundamentals	C++ Fundamentals	Theory	Ranged For Loops		read.learnyard.com	https://read.learnyard.com/cpp-fundamentals/ranged-for-loop-in-cpp/
Programming Fundamentals	C++ Fundamentals	Theory	Arrays and Functions		read.learnyard.com	https://read.learnyard.com/cpp-fundamentals/arrays-and-functions-cpp/
Programming Fundamentals	C++ Fundamentals	Theory	Passing Array in Functions		read.learnyard.com	https://read.learnyard.com/cpp-fundamentals/passing-array-in-functions-cpp/
Programming Fundamentals	C++ Fundamentals	Theory	Vector Basics		read.learnyard.com	https://read.learnyard.com/cpp-fundamentals/vectors-cpp/
Programming Fundamentals	C++ Fundamentals	Theory	Vector Implementation - 1		read.learnyard.com	https://read.learnyard.com/cpp-fundamentals/vector-implementation-1-cpp/
Programming Fundamentals	C++ Fundamentals	Theory	Vector Implementation - 2		read.learnyard.com	https://read.learnyard.com/cpp-fundamentals/vector-implementation-2-cpp/
Programming Fundamentals	C++ Fundamentals	Theory	Quiz: Vectors		read.learnyard.com	https://read.learnyard.com/cpp-fundamentals/quiz-vectors-cpp/
Programming Fundamentals	C++ Fundamentals	Theory	Multi-dimensional arrays in C++		read.learnyard.com	https://read.learnyard.com/cpp-fundamentals/multi-dimensional-arrays-cpp/
Programming Fundamentals	C++ Fundamentals	Theory	Strings in C++		read.learnyard.com	https://read.learnyard.com/cpp-fundamentals/strings-in-cpp/
Programming Fundamentals	C++ Fundamentals	Theory	Taking Input in Strings		read.learnyard.com	https://read.learnyard.com/cpp-fundamentals/taking-input-in-strings-cpp/
Programming Fundamentals	C++ Fundamentals	Theory	String vs Arrays		read.learnyard.com	https://read.learnyard.com/cpp-fundamentals/string-vs-arrays-in-cpp/
Programming Fundamentals	C++ Fundamentals	Theory	Basic Functions of String		read.learnyard.com	https://read.learnyard.com/cpp-fundamentals/basic-functions-of-string-cpp/
Programming Fundamentals	Java Fundamentals	Theory	What is Java?		read.learnyard.com	https://read.learnyard.com/java-fundamentals/what-is-java/
Programming Fundamentals	Java Fundamentals	Theory	Features of Java		read.learnyard.com	https://read.learnyard.com/java-fundamentals/features-of-java/
Programming Fundamentals	Java Fundamentals	Theory	Java vs C++		read.learnyard.com	https://read.learnyard.com/java-fundamentals/java-vs-cpp/
Programming Fundamentals	Java Fundamentals	Theory	JVM, JRE, and JDK		read.learnyard.com	https://read.learnyard.com/java-fundamentals/jvm-jre-jdk/
Programming Fundamentals	Java Fundamentals	Theory	First Program in Java		read.learnyard.com	https://read.learnyard.com/java-fundamentals/first-program-in-java/
Programming Fundamentals	Java Fundamentals	Theory	Comments and Statements		read.learnyard.com	https://read.learnyard.com/java-fundamentals/comments-and-statements-in-java/
Programming Fundamentals	Java Fundamentals	Theory	Literals in Java		read.learnyard.com	https://read.learnyard.com/java-fundamentals/literals-in-java/
Programming Fundamentals	Java Fundamentals	Theory	Variables in Java		read.learnyard.com	https://read.learnyard.com/java-fundamentals/variables-in-java/
Programming Fundamentals	Java Fundamentals	Theory	How to Print in Java?		read.learnyard.com	https://read.learnyard.com/java-fundamentals/how-to-print-in-java/
Programming Fundamentals	Java Fundamentals	Theory	Data Types in Java		read.learnyard.com	https://read.learnyard.com/java-fundamentals/datatypes-in-java/
Programming Fundamentals	Java Fundamentals	Theory	Operators in Java		read.learnyard.com	https://read.learnyard.com/java-fundamentals/operators-in-java/
Programming Fundamentals	Java Fundamentals	Theory	Arithmetic Operators in Java		read.learnyard.com	https://read.learnyard.com/java-fundamentals/arithmetic-operators-in-java/
Programming Fundamentals	Java Fundamentals	Theory	Multiple Operators in Java		read.learnyard.com	https://read.learnyard.com/java-fundamentals/multiple-operators-in-java/
Programming Fundamentals	Java Fundamentals	Theory	Type Conversion in Java		read.learnyard.com	https://read.learnyard.com/java-fundamentals/type-conversion-in-java/
Programming Fundamentals	Java Fundamentals	Theory	User Input in Java		read.learnyard.com	https://read.learnyard.com/java-fundamentals/user-input-in-java/
Programming Fundamentals	Java Fundamentals	Theory	Making Logical Decisions in Programming: Comparing Values and Variables		read.learnyard.com	https://read.learnyard.com/java-fundamentals/making-logical-decisions-in-programming-comparing-values-and-variables-java/
Programming Fundamentals	Java Fundamentals	Theory	If-Else Statement in Java		read.learnyard.com	https://read.learnyard.com/java-fundamentals/if-else-statement-in-java/
Programming Fundamentals	Java Fundamentals	Theory	While Loop in Java		read.learnyard.com	https://read.learnyard.com/java-fundamentals/while-loop-in-java/
Programming Fundamentals	Java Fundamentals	Theory	For Loop in Java		read.learnyard.com	https://read.learnyard.com/java-fundamentals/for-loop-in-java/
Programming Fundamentals	Java Fundamentals	Theory	Do-While Loop		read.learnyard.com	https://read.learnyard.com/java-fundamentals/do-while-loop-in-java/
Programming Fundamentals	Java Fundamentals	Theory	Standard Practice Problems in Java		read.learnyard.com	https://read.learnyard.com/java-fundamentals/standard-practice-problems-java/
Programming Fundamentals	Java Fundamentals	Theory	Break and Continue in Java		read.learnyard.com	https://read.learnyard.com/java-fundamentals/break-and-continue-in-java/
Programming Fundamentals	Java Fundamentals	Theory	Switch Statement in Java		read.learnyard.com	https://read.learnyard.com/java-fundamentals/switch-statement-in-java/
Programming Fundamentals	Java Fundamentals	Theory	Arrays in Java		read.learnyard.com	https://read.learnyard.com/java-fundamentals/arrays-in-java/
Programming Fundamentals	Java Fundamentals	Theory	Types of Array in Java		read.learnyard.com	https://read.learnyard.com/java-fundamentals/types-of-array-in-java//
Programming Fundamentals	Java Fundamentals	Theory	Iterating Through Arrays		read.learnyard.com	https://read.learnyard.com/java-fundamentals/iterating-through-arrays-java/
Programming Fundamentals	Java Fundamentals	Theory	Arrays: Practice Problems I		read.learnyard.com	https://read.learnyard.com/java-fundamentals/arrays-practice-problems-i-java/
Programming Fundamentals	Java Fundamentals	Theory	Arrays: Practice Problems II		read.learnyard.com	https://read.learnyard.com/java-fundamentals/arrays-practice-problems-ii-java/
Programming Fundamentals	Java Fundamentals	Theory	Arrays: Practice Problems III		read.learnyard.com	https://read.learnyard.com/java-fundamentals/arrays-practice-problems-iii-java/
Programming Fundamentals	Java Fundamentals	Theory	Arrays: Practice Problems IV		read.learnyard.com	https://read.learnyard.com/java-fundamentals/arrays-practice-problems-iv-java/
Programming Fundamentals	Java Fundamentals	Theory	Methods in Java		read.learnyard.com	https://read.learnyard.com/java-fundamentals/methods-in-java/
Programming Fundamentals	Java Fundamentals	Theory	Method Arguments in Java		read.learnyard.com	https://read.learnyard.com/java-fundamentals/method-arguments-in-java/
Programming Fundamentals	Java Fundamentals	Theory	Why Do We Use Arguments and Return Type in a Method?		read.learnyard.com	https://read.learnyard.com/java-fundamentals/why-do-we-use-arguments-and-return-type-in-a-method-java/
Programming Fundamentals	Java Fundamentals	Theory	Standard Library Methods		read.learnyard.com	https://read.learnyard.com/java-fundamentals/standard-library-methods-java/
Programming Fundamentals	Java Fundamentals	Theory	Local Variables in a Method		read.learnyard.com	https://read.learnyard.com/java-fundamentals/local-variables-in-a-method-java/
Sorting	Bubble Sort	Theory	Bubble Sort		unknown	NA
Sorting	Insertion Sort	Theory	Insertion Sort Algorithm		unknown	NA
Sorting	Insertion Sort	Medium	Insertion Sort List 	insertion-sort-list	leetcode	https://leetcode.com/problems/insertion-sort-list/description/
Sorting	Selection Sort	Theory	Selection Sort Algorithm		unknown	NA
Sorting	Merge Sort	Theory	Merge Sort		unknown	NA
Sorting	Merge Sort	Medium	Count Inversions		gfg	https://www.geeksforgeeks.org/problems/inversion-of-array-1587115620/1
Sorting	Merge Sort	Hard	Count of Smaller Numbers After Self	count-of-smaller-numbers-after-self	leetcode	https://leetcode.com/problems/count-of-smaller-numbers-after-self/description/
Sorting	Merge Sort	Hard	Count of Range Sum	count-of-range-sum	leetcode	https://leetcode.com/problems/count-of-range-sum
Sorting	Merge Sort	Hard	Reverse Pairs	reverse-pairs	leetcode	https://leetcode.com/problems/reverse-pairs
Sorting	Merge Sort	Hard	Create Sorted Array through Instructions	create-sorted-array-through-instructions	leetcode	https://leetcode.com/problems/create-sorted-array-through-instructions/description/
Sorting	Merge Sort	Hard	Count Good Triplets in an Array	count-good-triplets-in-an-array	leetcode	https://leetcode.com/problems/count-good-triplets-in-an-array/description/
Sorting	Merge Sort	Hard	Number of Pairs Satisfying Inequality	number-of-pairs-satisfying-inequality	leetcode	https://leetcode.com/problems/number-of-pairs-satisfying-inequality/description/
Sorting	Quick Sort	Theory	Quick Sort		unknown	NA
Sorting	Quick Sort	Medium	Sort an Array	sort-an-array	leetcode	https://leetcode.com/problems/sort-an-array/description/
Sorting	Counting Sort	Theory	Counting Sort		unknown	NA
Sorting	Counting Sort	Medium	Relative Sort Array	relative-sort-array	leetcode	https://leetcode.com/problems/relative-sort-array/description/
Sorting	Counting Sort	Medium	Reduce Array Size to The Half	reduce-array-size-to-the-half	leetcode	https://leetcode.com/problems/reduce-array-size-to-the-half/description/
Sorting	Counting Sort	Medium	Maximum Ice Cream Bars	maximum-ice-cream-bars	leetcode	https://leetcode.com/problems/maximum-ice-cream-bars/
Sorting	Radix Sort	Theory	Radix Sort		unknown	NA
Sorting	Bucket Sort	Theory	Bucket Sort		unknown	NA
Sorting	Bucket Sort	Medium	Top K Frequent Elements	top-k-frequent-elements	leetcode	https://leetcode.com/problems/top-k-frequent-elements/description/
Sorting	Bucket Sort	Medium	Sort Characters By Frequency	sort-characters-by-frequency	leetcode	https://leetcode.com/problems/sort-characters-by-frequency/description/
Sorting	Bucket Sort	Medium	Maximum Gap	maximum-gap	leetcode	https://leetcode.com/problems/maximum-gap/
Sorting	Bucket Sort	Medium	Top K Frequent Words	top-k-frequent-words	leetcode	https://leetcode.com/problems/top-k-frequent-words/description/
Sorting	Bucket Sort	Hard	Contains Duplicate III	contains-duplicate-iii	leetcode	https://leetcode.com/problems/contains-duplicate-iii/description/
Sorting	Cyclic Sort	Easy	Missing Number	missing-number	leetcode	https://leetcode.com/problems/missing-number/description/
Sorting	Cyclic Sort	Medium	Find the Duplicate Number	find-the-duplicate-number	leetcode	https://leetcode.com/problems/find-the-duplicate-number/
Sorting	Cyclic Sort	Hard	First Missing Positive	first-missing-positive	leetcode	https://leetcode.com/problems/first-missing-positive
Sorting	Custom Sort	Theory	Comparator Sort		unknown	NA
Sorting	Custom Sort	Medium	Custom Sort String	custom-sort-string	leetcode	https://leetcode.com/problems/custom-sort-string/
Sorting	Custom Sort	Medium	Largest Number	largest-number	leetcode	https://leetcode.com/problems/largest-number/
Sorting	Custom Sort	Medium	Sort the Jumbled Numbers	sort-the-jumbled-numbers	leetcode	https://leetcode.com/problems/sort-the-jumbled-numbers/
Sorting	Custom Sort	Medium	Rank Teams by Votes	rank-teams-by-votes	leetcode	https://leetcode.com/problems/rank-teams-by-votes/description/
2 Pointers	Two Pointer on Arrays	Easy	Merge Two 2D Arrays by Summing Values	merge-two-2d-arrays-by-summing-values	leetcode	https://leetcode.com/problems/merge-two-2d-arrays-by-summing-values
2 Pointers	Two Pointer on Arrays	Easy	Merge Sorted Array	merge-sorted-array	leetcode	https://leetcode.com/problems/merge-sorted-array/description/
2 Pointers	Two Pointer on Arrays	Easy	Sort Array by Parity	sort-array-by-parity	leetcode	https://leetcode.com/problems/sort-array-by-parity/description/
2 Pointers	Two Pointer on Arrays	Easy	Sort Array by Parity II	sort-array-by-parity-ii	leetcode	https://leetcode.com/problems/sort-array-by-parity-ii/description/
2 Pointers	Two Pointer on Arrays	Medium	Rearrange Array Elements by Sign	rearrange-array-elements-by-sign	leetcode	https://leetcode.com/problems/rearrange-array-elements-by-sign
2 Pointers	Two Pointer on Arrays	Easy	Remove Duplicates from Sorted Array	remove-duplicates-from-sorted-array	leetcode	https://leetcode.com/problems/remove-duplicates-from-sorted-array
2 Pointers	Two Pointer on Arrays	Easy	Remove Element	remove-element	leetcode	https://leetcode.com/problems/remove-element
2 Pointers	Two Pointer on Arrays	Medium	Partition Array According to Given Pivot	partition-array-according-to-given-pivot	leetcode	https://leetcode.com/problems/partition-array-according-to-given-pivot
2 Pointers	Two Pointer on Arrays	Medium	Rotate Array	rotate-array	leetcode	https://leetcode.com/problems/rotate-array
2 Pointers	Two Pointer on Arrays	Easy	Apply Operations to an Array	apply-operations-to-an-array	leetcode	https://leetcode.com/problems/apply-operations-to-an-array
2 Pointers	Two Pointer on Arrays	Easy	Find All K-Distant Indices in an Array	find-all-k-distant-indices-in-an-array	leetcode	https://leetcode.com/problems/find-all-k-distant-indices-in-an-array
2 Pointers	Two Pointer on Arrays	Easy	Two Sum	two-sum	leetcode	https://leetcode.com/problems/two-sum/
2 Pointers	Two Pointer on Arrays	Medium	3Sum	3sum	leetcode	https://leetcode.com/problems/3sum
2 Pointers	Two Pointer on Arrays	Medium	3Sum Closest	3sum-closest	leetcode	https://leetcode.com/problems/3sum-closest
2 Pointers	Two Pointer on Arrays	Medium	4Sum	4sum	leetcode	https://leetcode.com/problems/4sum
2 Pointers	Two Pointer on Arrays	Medium	Sort Colors	sort-colors	leetcode	https://leetcode.com/problems/sort-colors
2 Pointers	Two Pointer on Arrays	Medium	Container With Most Water	container-with-most-water 	leetcode	https://leetcode.com/problems/container-with-most-water 
2 Pointers	Two Pointer on Arrays	Medium	Watering Plants II	watering-plants-ii	leetcode	https://leetcode.com/problems/watering-plants-ii
2 Pointers	Two Pointer on Arrays	Medium	Next Permutation	next-permutation	leetcode	https://leetcode.com/problems/next-permutation
2 Pointers	Two Pointer on Arrays	Medium	Next Greater Element III	next-greater-element-iii	leetcode	https://leetcode.com/problems/next-greater-element-iii
2 Pointers	Two Pointer on Strings	Easy	Reverse String	reverse-string	leetcode	https://leetcode.com/problems/reverse-string
2 Pointers	Two Pointer on Strings	Easy	Reverse Prefix of Word	reverse-prefix-of-word	leetcode	https://leetcode.com/problems/reverse-prefix-of-word
2 Pointers	Two Pointer on Strings	Easy	Reverse Vowels of a String	reverse-vowels-of-a-string	leetcode	https://leetcode.com/problems/reverse-vowels-of-a-string
2 Pointers	Two Pointer on Strings	Medium	Reverse Words in a String	reverse-words-in-a-string	leetcode	https://leetcode.com/problems/reverse-words-in-a-string
2 Pointers	Two Pointer on Strings	Easy	Reverse Words in a String III	reverse-words-in-a-string-iii	leetcode	https://leetcode.com/problems/reverse-words-in-a-string-iii
2 Pointers	Two Pointer on Strings	Easy	Valid Palindrome	valid-palindrome	leetcode	https://leetcode.com/problems/valid-palindrome
2 Pointers	Two Pointer on Strings	Easy	Valid Palindrome II	valid-palindrome-ii	leetcode	https://leetcode.com/problems/valid-palindrome-ii
2 Pointers	Two Pointer on Strings	Easy	Lexicographically Smallest Palindrome	lexicographically-smallest-palindrome	leetcode	https://leetcode.com/problems/lexicographically-smallest-palindrome
2 Pointers	Two Pointer on Strings	Easy	Merge Strings Alternately	merge-strings-alternately	leetcode	https://leetcode.com/problems/merge-strings-alternately
2 Pointers	Two Pointer on Strings	Medium	Largest Merge of Two Strings	largest-merge-of-two-strings	leetcode	https://leetcode.com/problems/largest-merge-of-two-strings
2 Pointers	Two Pointer on Strings	Easy	Shortest Distance to a Character	shortest-distance-to-a-character 	leetcode	https://leetcode.com/problems/shortest-distance-to-a-character 
2 Pointers	Two Pointer on Strings	Easy	DI String Match	di-string-match	leetcode	https://leetcode.com/problems/di-string-match
2 Pointers	Two Pointer on Strings	Medium	Make String a Subsequence Using Cyclic Increments	make-string-a-subsequence-using-cyclic-increments	leetcode	https://leetcode.com/problems/make-string-a-subsequence-using-cyclic-increments
2 Pointers	Two Pointer on Strings	Easy	Count Binary Substrings	count-binary-substrings	leetcode	https://leetcode.com/problems/count-binary-substrings
2 Pointers	Two Pointer on Strings	Medium	Minimum Length of String After Deleting Similar Ends	minimum-length-of-string-after-deleting-similar-ends	leetcode	https://leetcode.com/problems/minimum-length-of-string-after-deleting-similar-ends
2 Pointers	Two Pointer on Strings	Medium	String Compression	string-compression	leetcode	https://leetcode.com/problems/string-compression
2 Pointers	Two Pointer on Strings	Medium	Separate Black and White Balls	separate-black-and-white-balls	leetcode	https://leetcode.com/problems/separate-black-and-white-balls
2 Pointers	Two Pointer on Strings	Medium	Move Pieces to Obtain a String	move-pieces-to-obtain-a-string	leetcode	https://leetcode.com/problems/move-pieces-to-obtain-a-string
2 Pointers	Two Pointer on Strings	Medium	Sentence Similarity III	sentence-similarity-iii	leetcode	https://leetcode.com/problems/sentence-similarity-iii
Prefix Sum	Prefix Sum	Easy	Range Sum Query - Immutable	range-sum-query-immutable	leetcode	https://leetcode.com/problems/range-sum-query-immutable
Prefix Sum	Prefix Sum	Easy	Left and Right Sum Differences 	left-and-right-sum-differences	leetcode	https://leetcode.com/problems/left-and-right-sum-differences/description/
Prefix Sum	Prefix Sum	Medium	Count Vowel Strings in Ranges	count-vowel-strings-in-ranges	leetcode	https://leetcode.com/problems/count-vowel-strings-in-ranges/description/
Prefix Sum	Prefix Sum	Medium	Minimum Penalty for a Shop	minimum-penalty-for-a-shop	leetcode	https://leetcode.com/problems/minimum-penalty-for-a-shop/description/
Prefix Sum	Prefix Sum	Medium	Find Good Days to Rob the Bank	find-good-days-to-rob-the-bank	leetcode	https://leetcode.com/problems/find-good-days-to-rob-the-bank/
Prefix Sum	Prefix Sum	Medium	Sum of Absolute Differences in a Sorted Array	sum-of-absolute-differences-in-a-sorted-array	leetcode	https://leetcode.com/problems/sum-of-absolute-differences-in-a-sorted-array/description/
Prefix Sum	Prefix Sum	Medium	Product of Array Except Self	product-of-array-except-self	leetcode	https://leetcode.com/problems/product-of-array-except-self
Prefix Sum	Prefix Sum	Medium	Product of the Last K Numbers	product-of-the-last-k-numbers	leetcode	https://leetcode.com/problems/product-of-the-last-k-numbers/description/
Prefix Sum	Prefix Sum	Medium	Removing Minimum Number of Magic Beans	removing-minimum-number-of-magic-beans	leetcode	https://leetcode.com/problems/removing-minimum-number-of-magic-beans/description/
Prefix Sum	Prefix Sum	Medium	Find All Good Indices	find-all-good-indices	leetcode	https://leetcode.com/problems/find-all-good-indices/description/
Prefix Sum	Prefix Sum	Medium	Movement of Robots	movement-of-robots	leetcode	https://leetcode.com/problems/movement-of-robots/description/
Prefix Sum	Prefix Sum	Medium	Range Sum Query 2D - Immutable	range-sum-query-2d-immutable	leetcode	https://leetcode.com/problems/range-sum-query-2d-immutable
Prefix Sum	Prefix Sum	Medium	Increment Submatrices by One	increment-submatrices-by-one	leetcode	https://leetcode.com/problems/increment-submatrices-by-one/
Prefix Sum	Prefix Sum	Hard	Power of Heroes	power-of-heroes	leetcode	https://leetcode.com/problems/power-of-heroes/description/
Prefix Sum	Prefix Sum	Hard	Minimum Cost to Make Array Equal	minimum-cost-to-make-array-equal	leetcode	https://leetcode.com/problems/minimum-cost-to-make-array-equal/description/
Prefix Sum	Line Sweep	Easy	Maximum Population Year	maximum-population-year	leetcode	https://leetcode.com/problems/maximum-population-year/
Prefix Sum	Line Sweep	Easy	Points That Intersect With Cars	points-that-intersect-with-cars	leetcode	https://leetcode.com/problems/points-that-intersect-with-cars/
Prefix Sum	Line Sweep	Medium	Pongal Bunk		codechef	https://www.codechef.com/problems/COWA19B
Prefix Sum	Line Sweep	Medium	Car Pooling	car-pooling	leetcode	https://leetcode.com/problems/car-pooling/
Prefix Sum	Line Sweep	Medium	My Calendar II	my-calendar-ii	leetcode	https://leetcode.com/problems/my-calendar-ii/
Prefix Sum	Line Sweep	Medium	Shifting Letters II	shifting-letters-ii	leetcode	https://leetcode.com/problems/shifting-letters-ii/description/
Prefix Sum	Line Sweep	Hard	Perfect Rectangle	perfect-rectangle	leetcode	https://leetcode.com/problems/perfect-rectangle/description/
Prefix Sum	Line Sweep	Hard	Rectangle Area II	rectangle-area-ii	leetcode	https://leetcode.com/problems/rectangle-area-ii/
Prefix Sum	Line Sweep	Hard	Number of Flowers in Full Bloom	number-of-flowers-in-full-bloom	leetcode	https://leetcode.com/problems/number-of-flowers-in-full-bloom/description/
Matrix	Matrix Transformation and Modification	Easy	Convert 1D Array Into 2D Array	convert-1d-array-into-2d-array	leetcode	https://leetcode.com/problems/convert-1d-array-into-2d-array/description/
Matrix	Matrix Transformation and Modification	Easy	Modify the Matrix	modify-the-matrix	leetcode	https://leetcode.com/problems/modify-the-matrix/description/ 
Matrix	Matrix Transformation and Modification	Medium	Set Matrix Zeroes	set-matrix-zeroes 	leetcode	https://leetcode.com/problems/set-matrix-zeroes 
Matrix	Matrix Transformation and Modification	Medium	Sort the Matrix Diagonally	sort-the-matrix-diagonally 	leetcode	https://leetcode.com/problems/sort-the-matrix-diagonally 
Matrix	Matrix Transformation and Modification	Medium	Minimum Operations to Write the Letter Y on a Grid	minimum-operations-to-write-the-letter-y-on-a-grid	leetcode	https://leetcode.com/problems/minimum-operations-to-write-the-letter-y-on-a-grid/description/ 
Matrix	Matrix Transformation and Modification	Easy	Shift 2D Grid	shift-2d-grid 	leetcode	https://leetcode.com/problems/shift-2d-grid 
Matrix	Matrix Transformation and Modification	Easy	Matrix Similarity After Cyclic Shifts	matrix-similarity-after-cyclic-shifts	leetcode	https://leetcode.com/problems/matrix-similarity-after-cyclic-shifts/description/ 
Matrix	Matrix Transformation and Modification	Easy	Transpose Matrix	transpose-matrix 	leetcode	https://leetcode.com/problems/transpose-matrix 
Matrix	Matrix Transformation and Modification	Medium	Rotate Image	rotate-image	leetcode	https://leetcode.com/problems/rotate-image/ 
Matrix	Matrix Transformation and Modification	Medium	Rotating the Box	rotating-the-box 	leetcode	https://leetcode.com/problems/rotating-the-box 
Matrix	Matrix Transformation and Modification	Medium	Cyclically Rotating a Grid	cyclically-rotating-a-grid 	leetcode	https://leetcode.com/problems/cyclically-rotating-a-grid 
Matrix	Matrix Transformation and Modification	Medium	Game of Life	game-of-life 	leetcode	https://leetcode.com/problems/game-of-life 
Matrix	Matrix Transformation and Modification	Easy	Matrix Cells in Distance Order	matrix-cells-in-distance-order	leetcode	https://leetcode.com/problems/matrix-cells-in-distance-order
Matrix	Matrix Patterns and Validity Checks	Medium	Find Valid Matrix Given Row and Column Sums	find-valid-matrix-given-row-and-column-sums 	leetcode	https://leetcode.com/problems/find-valid-matrix-given-row-and-column-sums 
Matrix	Matrix Patterns and Validity Checks	Easy	Check if Matrix is X-Matrix	check-if-matrix-is-x-matrix	leetcode	https://leetcode.com/problems/check-if-matrix-is-x-matrix/description/ 
Matrix	Matrix Patterns and Validity Checks	Medium	Queens That Can Attack the King	queens-that-can-attack-the-king	leetcode	https://leetcode.com/problems/queens-that-can-attack-the-king/description/ 
Matrix	Matrix Patterns and Validity Checks	Medium	Max Increase to Keep City Skyline	max-increase-to-keep-city-skyline 	leetcode	https://leetcode.com/problems/max-increase-to-keep-city-skyline 
Matrix	Matrix Patterns and Validity Checks	Easy	Make a Square with the Same Color	make-a-square-with-the-same-color	leetcode	https://leetcode.com/problems/make-a-square-with-the-same-color/description/ 
Matrix	Matrix Patterns and Validity Checks	Easy	Subrectangle Queries	subrectangle-queries	leetcode	https://leetcode.com/problems/subrectangle-queries/ 
Matrix	Matrix Patterns and Validity Checks	Medium	Count Submatrices with Top-Left Element and Sum Less Than k	count-submatrices-with-top-left-element-and-sum-less-than-k 	leetcode	https://leetcode.com/problems/count-submatrices-with-top-left-element-and-sum-less-than-k 
Matrix	Matrix Patterns and Validity Checks	Medium	Find the Minimum Area to Cover All Ones I	find-the-minimum-area-to-cover-all-ones-i	leetcode	https://leetcode.com/problems/find-the-minimum-area-to-cover-all-ones-i
Matrix	Matrix Patterns and Validity Checks	Hard	Find the Minimum Area to Cover All Ones II	find-the-minimum-area-to-cover-all-ones-ii 	leetcode	https://leetcode.com/problems/find-the-minimum-area-to-cover-all-ones-ii 
Matrix	Matrix Patterns and Validity Checks	Medium	Valid Sudoku	valid-sudoku 	leetcode	https://leetcode.com/problems/valid-sudoku 
Matrix	Matrix Patterns and Validity Checks	Medium	Check if Move is Legal	check-if-move-is-legal 	leetcode	https://leetcode.com/problems/check-if-move-is-legal 
Matrix	Matrix Patterns and Validity Checks	Medium	Valid Tic-Tac-Toe State	valid-tic-tac-toe-state 	leetcode	https://leetcode.com/problems/valid-tic-tac-toe-state 
Matrix	Matrix Patterns and Validity Checks	Medium	Number of Laser Beams in a Bank	number-of-laser-beams-in-a-bank 	leetcode	https://leetcode.com/problems/number-of-laser-beams-in-a-bank 
Matrix	Matrix Patterns and Validity Checks	Medium	Where Will the Ball Fall	where-will-the-ball-fall 	leetcode	https://leetcode.com/problems/where-will-the-ball-fall 
Matrix	Matrix Patterns and Validity Checks	Medium	Image Overlap	image-overlap 	leetcode	https://leetcode.com/problems/image-overlap 
Matrix	Matrix Patterns and Validity Checks	Medium	Minimum Operations to Make a Uni-Value Grid	minimum-operations-to-make-a-uni-value-grid 	leetcode	https://leetcode.com/problems/minimum-operations-to-make-a-uni-value-grid 
Matrix	Matrix Traversal and Summation	Easy	Row With Maximum Ones	row-with-maximum-ones 	leetcode	https://leetcode.com/problems/row-with-maximum-ones 
Matrix	Matrix Traversal and Summation	Easy	Richest Customer Wealth	richest-customer-wealth	leetcode	https://leetcode.com/problems/richest-customer-wealth/description/  
Matrix	Matrix Traversal and Summation	Easy	Lucky Numbers in a Matrix	lucky-numbers-in-a-matrix	leetcode	https://leetcode.com/problems/lucky-numbers-in-a-matrix/description/  
Matrix	Matrix Traversal and Summation	Medium	Equal Row and Column Pairs	equal-row-and-column-pairs	leetcode	https://leetcode.com/problems/equal-row-and-column-pairs/description/ 
Matrix	Matrix Traversal and Summation	Medium	Difference Between Ones and Zeros in Row and Column	difference-between-ones-and-zeros-in-row-and-column	leetcode	https://leetcode.com/problems/difference-between-ones-and-zeros-in-row-and-column
Matrix	Matrix Traversal and Summation	Easy	Matrix Diagonal Sum	matrix-diagonal-sum	leetcode	https://leetcode.com/problems/matrix-diagonal-sum/description/ 
Matrix	Matrix Traversal and Summation	Easy	Prime in Diagonal	prime-in-diagonal	leetcode	https://leetcode.com/problems/prime-in-diagonal/description/ 
Matrix	Matrix Traversal and Summation	Medium	Diagonal Traverse	diagonal-traverse 	leetcode	https://leetcode.com/problems/diagonal-traverse 
Matrix	Matrix Traversal and Summation	Medium	Matrix Block Sum	matrix-block-sum	leetcode	https://leetcode.com/problems/matrix-block-sum/ 
Matrix	Matrix Traversal and Summation	Easy	Largest Local Values in a Matrix	largest-local-values-in-a-matrix 	leetcode	https://leetcode.com/problems/largest-local-values-in-a-matrix 
Matrix	Matrix Traversal and Summation	Medium	Maximum Sum of an Hourglass	maximum-sum-of-an-hourglass 	leetcode	https://leetcode.com/problems/maximum-sum-of-an-hourglass 
Matrix	Matrix Traversal and Summation	Medium	Maximum Matrix Sum	maximum-matrix-sum	leetcode	https://leetcode.com/problems/maximum-matrix-sum/description/ 
Matrix	Matrix Traversal and Summation	Medium	Find the Grid of Region Average	find-the-grid-of-region-average 	leetcode	https://leetcode.com/problems/find-the-grid-of-region-average 
Matrix	Matrix Traversal and Summation	Medium	Spiral Matrix	spiral-matrix 	leetcode	https://leetcode.com/problems/spiral-matrix 
Matrix	Matrix Traversal and Summation	Medium	Spiral Matrix II	spiral-matrix-ii 	leetcode	https://leetcode.com/problems/spiral-matrix-ii 
Hashing	Implementary Problems	Easy	Find Common Elements Between Two Arrays	find-common-elements-between-two-arrays	leetcode	https://leetcode.com/problems/find-common-elements-between-two-arrays
Hashing	Implementary Problems	Easy	Contains Duplicate	contains-duplicate	leetcode	https://leetcode.com/problems/contains-duplicate
Hashing	Implementary Problems	Easy	Sum of Unique Elements	sum-of-unique-elements	leetcode	https://leetcode.com/problems/sum-of-unique-elements
Hashing	Implementary Problems	Medium	Find All Duplicates in an Array	find-all-duplicates-in-an-array	leetcode	https://leetcode.com/problems/find-all-duplicates-in-an-array
Hashing	Implementary Problems	Easy	Check if All Characters Have Equal Number of Occurrences	check-if-all-characters-have-equal-number-of-occurrences	leetcode	https://leetcode.com/problems/check-if-all-characters-have-equal-number-of-occurrences
Hashing	Implementary Problems	Easy	Unique Number of Occurrences	unique-number-of-occurrences	leetcode	https://leetcode.com/problems/unique-number-of-occurrences
Hashing	Implementary Problems	Easy	Find Common Characters	find-common-characters	leetcode	https://leetcode.com/problems/find-common-characters
Hashing	Implementary Problems	Easy	Number of Good Pairs	number-of-good-pairs	leetcode	https://leetcode.com/problems/number-of-good-pairs
Hashing	Implementary Problems	Easy	Permutation Difference Between Two Strings	permutation-difference-between-two-strings	leetcode	https://leetcode.com/problems/permutation-difference-between-two-strings
Hashing	Implementary Problems	Easy	Check if the Sentence is Pangram	check-if-the-sentence-is-pangram	leetcode	https://leetcode.com/problems/check-if-the-sentence-is-pangram
Hashing	Implementary Problems	Easy	Decode the Message	decode-the-message	leetcode	https://leetcode.com/problems/decode-the-message
Hashing	Implementary Problems	Medium	Replace Elements in an Array	replace-elements-in-an-array	leetcode	https://leetcode.com/problems/replace-elements-in-an-array
Hashing	Implementary Problems	Medium	Count the Number of Special Characters II	count-the-number-of-special-characters-ii	leetcode	https://leetcode.com/problems/count-the-number-of-special-characters-ii
Hashing	Implementary Problems	Medium	Reconstruct Original Digits from English	reconstruct-original-digits-from-english	leetcode	https://leetcode.com/problems/reconstruct-original-digits-from-english
Hashing	Implementary Problems	Medium	Integer to Roman	integer-to-roman	leetcode	https://leetcode.com/problems/integer-to-roman
Hashing	Implementary Problems	Easy	Find Words That Can Be Formed by Characters	find-words-that-can-be-formed-by-characters	leetcode	https://leetcode.com/problems/find-words-that-can-be-formed-by-characters
Hashing	Implementary Problems	Easy	Find the XOR of Numbers Which Appear Twice	find-the-xor-of-numbers-which-appear-twice	leetcode	https://leetcode.com/problems/find-the-xor-of-numbers-which-appear-twice
Hashing	Implementary Problems	Easy	Sort the People	sort-the-people	leetcode	https://leetcode.com/problems/sort-the-people
Hashing	Implementary Problems	Easy	Form Smallest Number from Two-Digit Arrays	form-smallest-number-from-two-digit-arrays	leetcode	https://leetcode.com/problems/form-smallest-number-from-two-digit-arrays
Hashing	Implementary Problems	Easy	Increasing Decreasing String	increasing-decreasing-string	leetcode	https://leetcode.com/problems/increasing-decreasing-string
Hashing	Implementary Problems	Easy	Sort Array by Increasing Frequency	sort-array-by-increasing-frequency	leetcode	https://leetcode.com/problems/sort-array-by-increasing-frequency
Hashing	Implementary Problems	Medium	Sort Characters by Frequency	sort-characters-by-frequency	leetcode	https://leetcode.com/problems/sort-characters-by-frequency
Hashing	Implementary Problems	Easy	Merge Similar Items	merge-similar-items	leetcode	https://leetcode.com/problems/merge-similar-items
Hashing	Implementary Problems	Easy	Substrings of Size Three with Distinct Characters	substrings-of-size-three-with-distinct-characters	leetcode	https://leetcode.com/problems/substrings-of-size-three-with-distinct-characters
Hashing	Implementary Problems	Easy	Clear Digits	clear-digits	leetcode	https://leetcode.com/problems/clear-digits
Hashing	Implementary Problems	Medium	HTML Entity Parser	html-entity-parser	leetcode	https://leetcode.com/problems/html-entity-parser
Hashing	Implementary Problems	Easy	Largest Substring Between Two Equal Characters	largest-substring-between-two-equal-characters	leetcode	https://leetcode.com/problems/largest-substring-between-two-equal-characters
Hashing	Implementary Problems	Easy	Remove Letter to Equalize Frequency	remove-letter-to-equalize-frequency	leetcode	https://leetcode.com/problems/remove-letter-to-equalize-frequency
Hashing	Implementary Problems	Easy	Distribute Candies	distribute-candies	leetcode	https://leetcode.com/problems/distribute-candies
Hashing	Implementary Problems	Easy	Path Crossing	path-crossing	leetcode	https://leetcode.com/problems/path-crossing
Hashing	Implementary Problems	Easy	Buddy Strings	buddy-strings	leetcode	https://leetcode.com/problems/buddy-strings
Hashing	Implementary Problems	Easy	Word Pattern	word-pattern	leetcode	https://leetcode.com/problems/word-pattern
Hashing	Implementary Problems	Easy	Valid Anagram	valid-anagram	leetcode	https://leetcode.com/problems/valid-anagram
Hashing	Implementary Problems	Easy	Find Resultant Array After Removing Anagrams	find-resultant-array-after-removing-anagrams	leetcode	https://leetcode.com/problems/find-resultant-array-after-removing-anagrams
Hashing	Implementary Problems	Medium	Group Anagrams	group-anagrams	leetcode	https://leetcode.com/problems/group-anagrams
Hashing	Implementary Problems	Easy	Majority Element	majority-element	leetcode	https://leetcode.com/problems/majority-element/
Hashing	Implementary Problems	Medium	Majority Element II	majority-element-ii	leetcode	https://leetcode.com/problems/majority-element-ii
Hashing	Implementary Problems	Medium	Find All Lonely Numbers in the Array	find-all-lonely-numbers-in-the-array	leetcode	https://leetcode.com/problems/find-all-lonely-numbers-in-the-array
Hashing	Implementary Problems	Easy	Smallest Missing Integer Greater Than Sequential Prefix Sum	smallest-missing-integer-greater-than-sequential-prefix-sum	leetcode	https://leetcode.com/problems/smallest-missing-integer-greater-than-sequential-prefix-sum
Hashing	Implementary Problems	Hard	First Missing Positive	first-missing-positive	leetcode	https://leetcode.com/problems/first-missing-positive
Hashing	Implementary Problems	Hard	Shortest Impossible Sequence of Rolls	shortest-impossible-sequence-of-rolls	leetcode	https://leetcode.com/problems/shortest-impossible-sequence-of-rolls
Hashing	Implementary Problems	Medium	Find Occurrences of an Element in an Array	find-occurrences-of-an-element-in-an-array	leetcode	https://leetcode.com/problems/find-occurrences-of-an-element-in-an-array
Hashing	Implementary Problems	Easy	Redistribute Characters to Make All Strings Equal	redistribute-characters-to-make-all-strings-equal	leetcode	https://leetcode.com/problems/redistribute-characters-to-make-all-strings-equal
Hashing	Implementary Problems	Easy	Isomorphic Strings	isomorphic-strings	leetcode	https://leetcode.com/problems/isomorphic-strings
Hashing	Implementary Problems	Medium	Groups of Special Equivalent Strings	groups-of-special-equivalent-strings	leetcode	https://leetcode.com/problems/groups-of-special-equivalent-strings
Hashing	Implementary Problems	Medium	Word Subsets	word-subsets	leetcode	https://leetcode.com/problems/word-subsets
Hashing	Implementary Problems	Medium	Find the Maximum Number of Elements in Subset	find-the-maximum-number-of-elements-in-subset	leetcode	https://leetcode.com/problems/find-the-maximum-number-of-elements-in-subset
Hashing	Implementary Problems	Medium	People Whose List of Favorite Companies is Not a Subset of Another List	people-whose-list-of-favorite-companies-is-not-a-subset-of-another-list	leetcode	https://leetcode.com/problems/people-whose-list-of-favorite-companies-is-not-a-subset-of-another-list
Hashing	Implementary Problems	Hard	Count the Number of Good Partitions	count-the-number-of-good-partitions	leetcode	https://leetcode.com/problems/count-the-number-of-good-partitions
Hashing	Implementary Problems	Medium	Optimal Partition of String	optimal-partition-of-string	leetcode	https://leetcode.com/problems/optimal-partition-of-string
Hashing	Implementary Problems	Medium	Custom Sort String	custom-sort-string	leetcode	https://leetcode.com/problems/custom-sort-string
Hashing	Implementary Problems	Medium	Finding the Users Active Minutes	finding-the-users-active-minutes	leetcode	https://leetcode.com/problems/finding-the-users-active-minutes
Hashing	Implementary Problems	Medium	Convert an Array into a 2D Array with Conditions	convert-an-array-into-a-2d-array-with-conditions	leetcode	https://leetcode.com/problems/convert-an-array-into-a-2d-array-with-conditions
Hashing	Implementary Problems	Medium	Group the People Given the Group Size They Belong To	group-the-people-given-the-group-size-they-belong-to	leetcode	https://leetcode.com/problems/group-the-people-given-the-group-size-they-belong-to
Hashing	Implementary Problems	Medium	Evaluate the Bracket Pairs of a String	evaluate-the-bracket-pairs-of-a-string	leetcode	https://leetcode.com/problems/evaluate-the-bracket-pairs-of-a-string
Hashing	Implementary Problems	Medium	Minimum Number of Operations to Make Word K-Periodic	minimum-number-of-operations-to-make-word-k-periodic	leetcode	https://leetcode.com/problems/minimum-number-of-operations-to-make-word-k-periodic
Hashing	Implementary Problems	Medium	Can Convert String in K Moves	can-convert-string-in-k-moves	leetcode	https://leetcode.com/problems/can-convert-string-in-k-moves
Hashing	Implementary Problems	Medium	Restore the Array from Adjacent Pairs	restore-the-array-from-adjacent-pairs	leetcode	https://leetcode.com/problems/restore-the-array-from-adjacent-pairs
Hashing	Implementary Problems	Medium	Tuple with Same Product	tuple-with-same-product	leetcode	https://leetcode.com/problems/tuple-with-same-product
Hashing	Implementary Problems	Hard	Split the Array to Make Coprime Products	split-the-array-to-make-coprime-products	leetcode	https://leetcode.com/problems/split-the-array-to-make-coprime-products
Hashing	Implementary Problems	Medium	4Sum II	4sum-ii	leetcode	https://leetcode.com/problems/4sum-ii
Hashing	Implementary Problems	Medium	Count Artifacts That Can Be Extracted	count-artifacts-that-can-be-extracted	leetcode	https://leetcode.com/problems/count-artifacts-that-can-be-extracted
Hashing	Implementary Problems	Medium	Brick Wall	brick-wall	leetcode	https://leetcode.com/problems/brick-wall
Hashing	Implementary Problems	Medium	Pairs of Songs with Total Durations Divisible by 60	pairs-of-songs-with-total-durations-divisible-by-60	leetcode	https://leetcode.com/problems/pairs-of-songs-with-total-durations-divisible-by-60
Hashing	Implementary Problems	Medium	Alphabet Board Path	alphabet-board-path	leetcode	https://leetcode.com/problems/alphabet-board-path
Hashing	Implementary Problems	Medium	Vowel Spellchecker	vowel-spellchecker	leetcode	https://leetcode.com/problems/vowel-spellchecker
Hashing	Implementary Problems	Medium	Bulls and Cows	bulls-and-cows	leetcode	https://leetcode.com/problems/bulls-and-cows
Hashing	Implementary Problems	Medium	Card Flipping Game	card-flipping-game	leetcode	https://leetcode.com/problems/card-flipping-game
Hashing	Implementary Problems	Medium	Maximum Size of a Set After Removals	maximum-size-of-a-set-after-removals	leetcode	https://leetcode.com/problems/maximum-size-of-a-set-after-removals
Hashing	Implementary Problems	Medium	Minimum Absolute Difference Queries	minimum-absolute-difference-queries	leetcode	https://leetcode.com/problems/minimum-absolute-difference-queries
Hashing	Implementary Problems	Medium	Check if Array Pairs are Divisible by K	check-if-array-pairs-are-divisible-by-k	leetcode	https://leetcode.com/problems/check-if-array-pairs-are-divisible-by-k
Hashing	Implementary Problems	Medium	Count Pairs That Form a Complete Day II	count-pairs-that-form-a-complete-day-ii	leetcode	https://leetcode.com/problems/count-pairs-that-form-a-complete-day-ii
Hashing	Implementary Problems	Medium	Count Number of Bad Pairs	count-number-of-bad-pairs	leetcode	https://leetcode.com/problems/count-number-of-bad-pairs
Hashing	Implementary Problems	Medium	Minimum Seconds to Equalize a Circular Array	minimum-seconds-to-equalize-a-circular-array	leetcode	https://leetcode.com/problems/minimum-seconds-to-equalize-a-circular-array
Hashing	Implementary Problems	Hard	Sum of Imbalance Numbers of All Subarrays	sum-of-imbalance-numbers-of-all-subarrays	leetcode	https://leetcode.com/problems/sum-of-imbalance-numbers-of-all-subarrays
Hashing	Implementary Problems	Hard	Grid Illumination	grid-illumination	leetcode	https://leetcode.com/problems/grid-illumination
Hashing	Implementary Problems	Hard	Maximum Equal Frequency	maximum-equal-frequency	leetcode	https://leetcode.com/problems/maximum-equal-frequency
Hashing	Implementary Problems	Hard	Rearranging Fruits	rearranging-fruits	leetcode	https://leetcode.com/problems/rearranging-fruits
Hashing	Hashing With Prefix Sum	Medium	Subarray Sum Equals K	subarray-sum-equals-k	leetcode	https://leetcode.com/problems/subarray-sum-equals-k/description/
Hashing	Hashing With Prefix Sum	Medium	Subarray Sums Divisible by K	subarray-sums-divisible-by-k	leetcode	https://leetcode.com/problems/subarray-sums-divisible-by-k/description/
Hashing	Hashing With Prefix Sum	Medium	Make Sum Divisible by P	make-sum-divisible-by-p	leetcode	https://leetcode.com/problems/make-sum-divisible-by-p/description/
Hashing	Hashing With Prefix Sum	Medium	Count Number of Bad Pairs	count-number-of-bad-pairs	leetcode	https://leetcode.com/problems/count-number-of-bad-pairs/description/
Hashing	Hashing With Prefix Sum	Medium	Continuous Subarray Sum	continuous-subarray-sum	leetcode	https://leetcode.com/problems/continuous-subarray-sum
Hashing	Hashing With Prefix Sum	Medium	Count of Interesting Subarrays	count-of-interesting-subarrays	leetcode	https://leetcode.com/problems/count-of-interesting-subarrays/description/
Hashing	Hashing With Prefix Sum	Medium	Count Number of Nice Subarrays	count-number-of-nice-subarrays	leetcode	https://leetcode.com/problems/count-number-of-nice-subarrays/description/
Hashing	Hashing With Prefix Sum	Hard	Count Beautiful Substrings II	count-beautiful-substrings-ii	leetcode	https://leetcode.com/problems/count-beautiful-substrings-ii/description/
Hashing	Hashing With Prefix Sum	Medium	Sum of Digit Differences of All Pairs	sum-of-digit-differences-of-all-pairs	leetcode	https://leetcode.com/problems/sum-of-digit-differences-of-all-pairs/description/
Hashing	Hashing With Prefix Sum	Medium	Binary Subarrays with Sum	binary-subarrays-with-sum	leetcode	https://leetcode.com/problems/binary-subarrays-with-sum/description/
Hashing	Hashing With Prefix Sum	Medium	Number of Wonderful Substrings	number-of-wonderful-substrings	leetcode	https://leetcode.com/problems/number-of-wonderful-substrings/description/
Hashing	Hashing With Prefix Sum	Medium	Count the Number of Beautiful Subarrays	count-the-number-of-beautiful-subarrays	leetcode	https://leetcode.com/problems/count-the-number-of-beautiful-subarrays/description/
Hashing	Hashing With Prefix Sum	Hard	Number of Submatrices That Sum to Target	number-of-submatrices-that-sum-to-target	leetcode	https://leetcode.com/problems/number-of-submatrices-that-sum-to-target/description/
Hashing	Hashing With Prefix Sum	Hard	Count Subarrays with Median K	count-subarrays-with-median-k	leetcode	https://leetcode.com/problems/count-subarrays-with-median-k/description/
Sliding Window	Fixed Size Sliding-Window	Easy	Substrings of Size Three with Distinct Characters	substrings-of-size-three-with-distinct-characters	leetcode	https://leetcode.com/problems/substrings-of-size-three-with-distinct-characters/description/
Sliding Window	Fixed Size Sliding-Window	Medium	Find All Anagrams in a String	find-all-anagrams-in-a-string	leetcode	https://leetcode.com/problems/find-all-anagrams-in-a-string/description/
Sliding Window	Fixed Size Sliding-Window	Medium	Permutation in String	permutation-in-string	leetcode	https://leetcode.com/problems/permutation-in-string/description/
Sliding Window	Fixed Size Sliding-Window	Medium	Check If a String Contains All Binary Codes of Size K	check-if-a-string-contains-all-binary-codes-of-size-k	leetcode	https://leetcode.com/problems/check-if-a-string-contains-all-binary-codes-of-size-k/description/
Sliding Window	Fixed Size Sliding-Window	Medium	Maximum Number of Vowels in a Substring of Given Length	maximum-number-of-vowels-in-a-substring-of-given-length	leetcode	https://leetcode.com/problems/maximum-number-of-vowels-in-a-substring-of-given-length/description/
Sliding Window	Fixed Size Sliding-Window	Easy	Maximum Average Subarray I	maximum-average-subarray-i	leetcode	https://leetcode.com/problems/maximum-average-subarray-i/description/
Sliding Window	Fixed Size Sliding-Window	Medium	Number of Sub-arrays of Size K and Average Greater than or Equal to Threshold	number-of-sub-arrays-of-size-k-and-average-greater-than-or-equal-to-threshold	leetcode	https://leetcode.com/problems/number-of-sub-arrays-of-size-k-and-average-greater-than-or-equal-to-threshold/description/
Sliding Window	Fixed Size Sliding-Window	Medium	K Radius Subarray Averages	k-radius-subarray-averages	leetcode	https://leetcode.com/problems/k-radius-subarray-averages/description/
Sliding Window	Fixed Size Sliding-Window	Medium	Maximum Sum of Distinct Subarrays With Length K	maximum-sum-of-distinct-subarrays-with-length-k	leetcode	https://leetcode.com/problems/maximum-sum-of-distinct-subarrays-with-length-k/description/
Sliding Window	Fixed Size Sliding-Window	Medium	Sliding Subarray Beauty	sliding-subarray-beauty	leetcode	https://leetcode.com/problems/sliding-subarray-beauty/description/
Sliding Window	Fixed Size Sliding-Window	Medium	Maximum Points You Can Obtain from Cards	maximum-points-you-can-obtain-from-cards	leetcode	https://leetcode.com/problems/maximum-points-you-can-obtain-from-cards/
Sliding Window	Fixed Size Sliding-Window	Hard	Sliding Window Median	sliding-window-median	leetcode	https://leetcode.com/problems/sliding-window-median/description/
Sliding Window	Fixed Size Sliding-Window	Hard	Sliding Window Maximum	sliding-window-maximum	leetcode	https://leetcode.com/problems/sliding-window-maximum/
Sliding Window	Fixed Size Sliding-Window	Hard	Max Value of Equation	max-value-of-equation	leetcode	https://leetcode.com/problems/max-value-of-equation/description/
Sliding Window	Fixed Size Sliding-Window	Hard	Maximum Sum of 3 Non-Overlapping Subarrays	maximum-sum-of-3-non-overlapping-subarrays	leetcode	https://leetcode.com/problems/maximum-sum-of-3-non-overlapping-subarrays/description/
Sliding Window	Dynamic Size Sliding-Window	Medium	Longest Substring Without Repeating Characters	longest-substring-without-repeating-characters	leetcode	https://leetcode.com/problems/longest-substring-without-repeating-characters/
Sliding Window	Dynamic Size Sliding-Window	Medium	Longest Repeating Character Replacement	longest-repeating-character-replacement	leetcode	https://leetcode.com/problems/longest-repeating-character-replacement/
Sliding Window	Dynamic Size Sliding-Window	Medium	Maximum Number of Occurrences of a Substring	maximum-number-of-occurrences-of-a-substring	leetcode	https://leetcode.com/problems/maximum-number-of-occurrences-of-a-substring/description/
Sliding Window	Dynamic Size Sliding-Window	Medium	Max Consecutive Ones III	max-consecutive-ones-iii	leetcode	https://leetcode.com/problems/max-consecutive-ones-iii/
Sliding Window	Dynamic Size Sliding-Window	Medium	Count the Number of Substrings With Dominant Ones	count-the-number-of-substrings-with-dominant-ones	leetcode	https://leetcode.com/problems/count-the-number-of-substrings-with-dominant-ones/
Sliding Window	Dynamic Size Sliding-Window	Hard	Minimum Window Substring	minimum-window-substring	leetcode	https://leetcode.com/problems/minimum-window-substring/
Sliding Window	Dynamic Size Sliding-Window	Hard	Substring with Concatenation of All Words	substring-with-concatenation-of-all-words	leetcode	https://leetcode.com/problems/substring-with-concatenation-of-all-words/
Sliding Window	Dynamic Size Sliding-Window	Medium	Minimum Size Subarray Sum	minimum-size-subarray-sum	leetcode	https://leetcode.com/problems/minimum-size-subarray-sum/
Sliding Window	Dynamic Size Sliding-Window	Medium	Longest Continuous Subarray With Absolute Diff Less Than or Equal to Limit	longest-continuous-subarray-with-absolute-diff-less-than-or-equal-to-limit	leetcode	https://leetcode.com/problems/longest-continuous-subarray-with-absolute-diff-less-than-or-equal-to-limit/description/
Sliding Window	Dynamic Size Sliding-Window	Medium	Fruit Into Baskets	fruit-into-baskets	leetcode	https://leetcode.com/problems/fruit-into-baskets/
Sliding Window	Dynamic Size Sliding-Window	Medium	Subarray Product Less Than K	subarray-product-less-than-k	leetcode	https://leetcode.com/problems/subarray-product-less-than-k/
Sliding Window	Dynamic Size Sliding-Window	Medium	Grumpy Bookstore Owner	grumpy-bookstore-owner	leetcode	https://leetcode.com/problems/grumpy-bookstore-owner/
Sliding Window	Dynamic Size Sliding-Window	Medium	Moving Stones Until Consecutive II	moving-stones-until-consecutive-ii	leetcode	https://leetcode.com/problems/moving-stones-until-consecutive-ii/description/
Sliding Window	Dynamic Size Sliding-Window	Medium	Count Number of Nice Subarrays	count-number-of-nice-subarrays	leetcode	https://leetcode.com/problems/count-number-of-nice-subarrays/
Sliding Window	Dynamic Size Sliding-Window	Medium	Number of Subarrays with Bounded Maximum	number-of-subarrays-with-bounded-maximum	leetcode	https://leetcode.com/problems/number-of-subarrays-with-bounded-maximum/
Sliding Window	Dynamic Size Sliding-Window	Medium	Maximum Erasure Value	maximum-erasure-value	leetcode	https://leetcode.com/problems/maximum-erasure-value/
Sliding Window	Dynamic Size Sliding-Window	Medium	Longest Subarray of 1's After Deleting One Element	longest-subarray-of-1s-after-deleting-one-element	leetcode	https://leetcode.com/problems/longest-subarray-of-1s-after-deleting-one-element/
Sliding Window	Dynamic Size Sliding-Window	Medium	Count the Number of Good Subarrays	count-the-number-of-good-subarrays	leetcode	https://leetcode.com/problems/count-the-number-of-good-subarrays/description/
Sliding Window	Dynamic Size Sliding-Window	Medium	Minimum Consecutive Cards to Pick Up	minimum-consecutive-cards-to-pick-up	leetcode	https://leetcode.com/problems/minimum-consecutive-cards-to-pick-up/description/
Sliding Window	Dynamic Size Sliding-Window	Medium	Minimum Operations to Reduce X to Zero	minimum-operations-to-reduce-x-to-zero	leetcode	https://leetcode.com/problems/minimum-operations-to-reduce-x-to-zero/description/
Sliding Window	Dynamic Size Sliding-Window	Medium	Frequency of the Most Frequent Element	frequency-of-the-most-frequent-element	leetcode	https://leetcode.com/problems/frequency-of-the-most-frequent-element/description/
Sliding Window	Dynamic Size Sliding-Window	Hard	Subarrays with K Different Integers	subarrays-with-k-different-integers	leetcode	https://leetcode.com/problems/subarrays-with-k-different-integers/description/
Linked List	Linked List (Part 1)	Easy	Convert Binary Number in a Linked List to Integer	convert-binary-number-in-a-linked-list-to-integer	leetcode	https://leetcode.com/problems/convert-binary-number-in-a-linked-list-to-integer/description/
Linked List	Linked List (Part 1)	Easy	Intersection of Two Linked Lists	intersection-of-two-linked-lists	leetcode	https://leetcode.com/problems/intersection-of-two-linked-lists/description/
Linked List	Linked List (Part 1)	Easy	Middle of the Linked List	middle-of-the-linked-list	leetcode	https://leetcode.com/problems/middle-of-the-linked-list
Linked List	Linked List (Part 1)	Easy	Linked List Cycle	linked-list-cycle	leetcode	https://leetcode.com/problems/linked-list-cycle/
Linked List	Linked List (Part 1)	Medium	Linked List Cycle II	linked-list-cycle-ii	leetcode	https://leetcode.com/problems/linked-list-cycle-ii/
Linked List	Linked List (Part 1)	Easy	Find Length of Loop		gfg	https://www.geeksforgeeks.org/problems/find-length-of-loop/0
Linked List	Linked List (Part 1)	Easy	Reverse Linked List	reverse-linked-list	leetcode	https://leetcode.com/problems/reverse-linked-list
Linked List	Linked List (Part 1)	Easy	Palindrome Linked List	palindrome-linked-list	leetcode	https://leetcode.com/problems/palindrome-linked-list
Linked List	Linked List (Part 1)	Hard	Reverse Nodes in k-Group	reverse-nodes-in-k-group	leetcode	https://leetcode.com/problems/reverse-nodes-in-k-group
Linked List	Linked List (Part 1)	Easy	Odd Even Linked List	odd-even-linked-list	leetcode	https://leetcode.com/problems/odd-even-linked-list/
Linked List	Linked List (Part 1)	Easy	Remove Duplicates from Sorted List	remove-duplicates-from-sorted-list	leetcode	https://leetcode.com/problems/remove-duplicates-from-sorted-list/description/
Linked List	Linked List (Part 1)	Medium	Remove Nth Node From End of List	remove-nth-node-from-end-of-list	leetcode	https://leetcode.com/problems/remove-nth-node-from-end-of-list/description/
Linked List	Linked List (Part 1)	Medium	Delete the Middle Node of a Linked List	delete-the-middle-node-of-a-linked-list	leetcode	https://leetcode.com/problems/delete-the-middle-node-of-a-linked-list/description/
Linked List	Linked List (Part 1)	Medium	Add 1 to a Linked List Number		gfg	https://www.geeksforgeeks.org/problems/add-1-to-a-number-represented-as-linked-list/0
Linked List	Linked List (Part 1)	Medium	Add Two Numbers	add-two-numbers	leetcode	https://leetcode.com/problems/add-two-numbers/description/
Linked List	Linked List (Part 1)	Medium	Sort a Linked List of 0s, 1s, and 2s		gfg	https://www.geeksforgeeks.org/problems/given-a-linked-list-of-0s-1s-and-2s-sort-it/0
Linked List	Linked List (Part 1)	Medium	Sort List	sort-list	leetcode	https://leetcode.com/problems/sort-list/
Linked List	Linked List (Part 1)	Medium	Linked List Random Node	linked-list-random-node	leetcode	https://leetcode.com/problems/linked-list-random-node/description/
Linked List	Linked List (Part 1)	Medium	Copy List with Random Pointer	copy-list-with-random-pointer	leetcode	https://leetcode.com/problems/copy-list-with-random-pointer/description/
Linked List	Linked List (Part 1)	Medium	Flattening a Linked List		gfg	https://www.geeksforgeeks.org/problems/flattening-a-linked-list/1
Linked List	Linked List (Part 1)	Easy	Merge Two Sorted Lists	merge-two-sorted-lists	leetcode	https://leetcode.com/problems/merge-two-sorted-lists/description/
Linked List	Linked List (Part 1)	Hard	Merge k Sorted Lists	merge-k-sorted-lists	leetcode	https://leetcode.com/problems/merge-k-sorted-lists/description/
Linked List	Linked List (Part 2) : Design Pattern	Easy	Design HashSet	design-hashset	leetcode	https://leetcode.com/problems/design-hashset/description/
Linked List	Linked List (Part 2) : Design Pattern	Easy	Design HashMap	design-hashmap	leetcode	https://leetcode.com/problems/design-hashmap/description/
Linked List	Linked List (Part 2) : Design Pattern	Medium	Design Browser History	design-browser-history	leetcode	https://leetcode.com/problems/design-browser-history/description/
Linked List	Linked List (Part 2) : Design Pattern	Hard	Design a Text Editor	design-a-text-editor	leetcode	https://leetcode.com/problems/design-a-text-editor/description/
Linked List	Linked List (Part 2) : Design Pattern	Hard	All O'one Data Structure	all-oone-data-structure	leetcode	https://leetcode.com/problems/all-oone-data-structure/
Linked List	Linked List (Part 2) : Design Pattern	Medium	LRU Cache	lru-cache	leetcode	https://leetcode.com/problems/lru-cache/
Linked List	Linked List (Part 2) : Design Pattern	Hard	LFU Cache	lfu-cache	leetcode	https://leetcode.com/problems/lfu-cache
Stack	Parentheses Problem	Easy	Valid Parentheses	valid-parentheses	leetcode	https://leetcode.com/problems/valid-parentheses/
Stack	Parentheses Problem	Easy	Maximum Nesting Depth of the Parentheses	maximum-nesting-depth-of-the-parentheses	leetcode	https://leetcode.com/problems/maximum-nesting-depth-of-the-parentheses
Stack	Parentheses Problem	Easy	Remove Outermost Parentheses	remove-outermost-parentheses	leetcode	https://leetcode.com/problems/remove-outermost-parentheses
Stack	Parentheses Problem	Medium	Minimum Add to Make Parentheses Valid	minimum-add-to-make-parentheses-valid	leetcode	https://leetcode.com/problems/minimum-add-to-make-parentheses-valid/
Stack	Parentheses Problem	Medium	Minimum Remove to Make Valid Parentheses	minimum-remove-to-make-valid-parentheses	leetcode	https://leetcode.com/problems/minimum-remove-to-make-valid-parentheses
Stack	Parentheses Problem	Medium	Maximum Nesting Depth of Two Valid Parentheses Strings	maximum-nesting-depth-of-two-valid-parentheses-strings	leetcode	https://leetcode.com/problems/maximum-nesting-depth-of-two-valid-parentheses-strings
Stack	Parentheses Problem	Medium	Check if a Parentheses String Can Be Valid	check-if-a-parentheses-string-can-be-valid	leetcode	https://leetcode.com/problems/check-if-a-parentheses-string-can-be-valid
Stack	Parentheses Problem	Medium	Reverse Substrings Between Each Pair of Parentheses	reverse-substrings-between-each-pair-of-parentheses	leetcode	https://leetcode.com/problems/reverse-substrings-between-each-pair-of-parentheses
Stack	Parentheses Problem	Medium	Score of Parentheses	score-of-parentheses	leetcode	https://leetcode.com/problems/score-of-parentheses
Stack	Parentheses Problem	Medium	Minimum Insertions to Balance a Parentheses String	minimum-insertions-to-balance-a-parentheses-string	leetcode	https://leetcode.com/problems/minimum-insertions-to-balance-a-parentheses-string
Stack	Parentheses Problem	Hard	Longest Valid Parentheses	longest-valid-parentheses	leetcode	https://leetcode.com/problems/longest-valid-parentheses/
Stack	Parentheses Problem	Hard	Redundant Parenthesis		gfg	https://www.geeksforgeeks.org/problems/redundant-parenthesis--170647/1
Stack	Design Problems	Medium	Min Stack	min-stack	leetcode	https://leetcode.com/problems/min-stack/
Stack	Design Problems	Hard	Maximum Frequency Stack	maximum-frequency-stack	leetcode	https://leetcode.com/problems/maximum-frequency-stack/
Stack	Design Problems	Medium	Design a Stack With Increment Operation	design-a-stack-with-increment-operation	leetcode	https://leetcode.com/problems/design-a-stack-with-increment-operation/description/
Stack	Design Problems	Hard	Dinner Plate Stacks	dinner-plate-stacks	leetcode	https://leetcode.com/problems/dinner-plate-stacks/description/
Stack	Advance Stack Problems	Medium	Merge Intervals	merge-intervals	leetcode	https://leetcode.com/problems/merge-intervals/
Stack	Advance Stack Problems	Medium	Insert Intervals	insert-interval	leetcode	https://leetcode.com/problems/insert-interval/
Stack	Advance Stack Problems	Medium	Asteroid Collision	asteroid-collision	leetcode	https://leetcode.com/problems/asteroid-collision/
Stack	Advance Stack Problems	Medium	Construct Smallest Number From DI String	construct-smallest-number-from-di-string	leetcode	https://leetcode.com/problems/construct-smallest-number-from-di-string/
Stack	Advance Stack Problems	Medium	Evaluate Reverse Polish Notation	evaluate-reverse-polish-notation	leetcode	https://leetcode.com/problems/evaluate-reverse-polish-notation/
Stack	Advance Stack Problems	Medium	Simplify Path	simplify-path	leetcode	https://leetcode.com/problems/simplify-path/
Stack	Advance Stack Problems	Hard	Basic Calculator	basic-calculator	leetcode	https://leetcode.com/problems/basic-calculator/
Stack	Advance Stack Problems	Medium	Basic Calculator II	basic-calculator-ii	leetcode	https://leetcode.com/problems/basic-calculator-ii/
Stack	Advance Stack Problems	Hard	Basic Calculator IV	basic-calculator-iv	leetcode	https://leetcode.com/problems/basic-calculator-iv/
Stack	Advance Stack Problems	Hard	Replace Non-Coprime Numbers in Array	replace-non-coprime-numbers-in-array	leetcode	https://leetcode.com/problems/replace-non-coprime-numbers-in-array/
Stack	Advance Stack Problems	Hard	Robot Collisons	robot-collisions	leetcode	https://leetcode.com/problems/robot-collisions/
Stack	Advance Stack Problems	Hard	Number of atoms	number-of-atoms	leetcode	https://leetcode.com/problems/number-of-atoms/description/
Stack	Monotonic Stack	Easy	Final Prices With a Special Discount in a Shop	final-prices-with-a-special-discount-in-a-shop	leetcode	https://leetcode.com/problems/final-prices-with-a-special-discount-in-a-shop
Stack	Monotonic Stack	Easy	Next Greater Element I	next-greater-element-i	leetcode	https://leetcode.com/problems/next-greater-element-i
Stack	Monotonic Stack	Medium	Next Greater Element II	next-greater-element-ii	leetcode	https://leetcode.com/problems/next-greater-element-ii
Stack	Monotonic Stack	Hard	Next Greater Element IV	next-greater-element-iv	leetcode	https://leetcode.com/problems/next-greater-element-iv
Stack	Monotonic Stack	Medium	Daily Temperatures	daily-temperatures	leetcode	https://leetcode.com/problems/daily-temperatures
Stack	Monotonic Stack	Medium	Car Fleet	car-fleet	leetcode	https://leetcode.com/problems/car-fleet/
Stack	Monotonic Stack	Hard	Car Fleet II	car-fleet-ii	leetcode	https://leetcode.com/problems/car-fleet-ii/
Stack	Monotonic Stack	Medium	132 Pattern	132-pattern	leetcode	https://leetcode.com/problems/132-pattern
Stack	Monotonic Stack	Medium	Smallest Subsequence of Distinct Characters	smallest-subsequence-of-distinct-characters	leetcode	https://leetcode.com/problems/smallest-subsequence-of-distinct-characters
Stack	Monotonic Stack	Medium	Count Submatrices With All Ones	count-submatrices-with-all-ones	leetcode	https://leetcode.com/problems/count-submatrices-with-all-ones
Stack	Monotonic Stack	Medium	Remove Duplicate Letters	remove-duplicate-letters	leetcode	https://leetcode.com/problems/remove-duplicate-letters
Stack	Monotonic Stack	Medium	The Number of Weak Characters in the Game	the-number-of-weak-characters-in-the-game	leetcode	https://leetcode.com/problems/the-number-of-weak-characters-in-the-game
Stack	Monotonic Stack	Medium	Maximum Subarray Min-Product	maximum-subarray-min-product	leetcode	https://leetcode.com/problems/maximum-subarray-min-product
Stack	Monotonic Stack	Medium	Sum of Subarray Minimums	sum-of-subarray-minimums	leetcode	https://leetcode.com/problems/sum-of-subarray-minimums
Stack	Monotonic Stack	Medium	Shortest Unsorted Continuous Subarray	shortest-unsorted-continuous-subarray	leetcode	https://leetcode.com/problems/shortest-unsorted-continuous-subarray
Stack	Monotonic Stack	Medium	Remove K Digits	remove-k-digits	leetcode	https://leetcode.com/problems/remove-k-digits
Stack	Monotonic Stack	Medium	Beautiful Towers I	beautiful-towers-i	leetcode	https://leetcode.com/problems/beautiful-towers-i/description/ 
Stack	Monotonic Stack	Medium	Beautiful Towers II	beautiful-towers-ii	leetcode	https://leetcode.com/problems/beautiful-towers-ii
Stack	Monotonic Stack	Medium	Online Stock Span	online-stock-span	leetcode	https://leetcode.com/problems/online-stock-span
Stack	Monotonic Stack	Hard	Minimum Number of Increments on Subarrays to Form a Target Array	minimum-number-of-increments-on-subarrays-to-form-a-target-array	leetcode	https://leetcode.com/problems/minimum-number-of-increments-on-subarrays-to-form-a-target-array
Stack	Monotonic Stack	Hard	Maximum Score of a Good Subarray	maximum-score-of-a-good-subarray	leetcode	https://leetcode.com/problems/maximum-score-of-a-good-subarray
Stack	Monotonic Stack	Hard	Number of Visible People in a Queue	number-of-visible-people-in-a-queue	leetcode	https://leetcode.com/problems/number-of-visible-people-in-a-queue
Stack	Monotonic Stack	Hard	Trapping Rain Water	trapping-rain-water	leetcode	https://leetcode.com/problems/trapping-rain-water
Stack	Monotonic Stack	Hard	Maximal Rectangle	maximal-rectangle	leetcode	https://leetcode.com/problems/maximal-rectangle
Stack	Monotonic Stack	Hard	Largest Rectangle in Histogram	largest-rectangle-in-histogram	leetcode	https://leetcode.com/problems/largest-rectangle-in-histogram
Stack	Monotonic Stack	Hard	Create Maximum Number	create-maximum-number	leetcode	https://leetcode.com/problems/create-maximum-number
Stack	Monotonic Stack	Hard	Find Building Where Alice And Bob Can Meet	find-building-where-alice-and-bob-can-meet	leetcode	https://leetcode.com/problems/find-building-where-alice-and-bob-can-meet/
Stack	Monotonic Stack	Hard	Sum Of Total Strength Of Wizards	sum-of-total-strength-of-wizards	leetcode	https://leetcode.com/problems/sum-of-total-strength-of-wizards/
Stack	Monotonic Stack	Hard	Find the Number of Subarrays Where Boundary Elements Are Maximum	find-the-number-of-subarrays-where-boundary-elements-are-maximum	leetcode	https://leetcode.com/problems/find-the-number-of-subarrays-where-boundary-elements-are-maximum/
Queue	Implementation Problems	Easy	C++ STL (queue)		gfg	https://www.geeksforgeeks.org/problems/c-stl-set-5-queue/1
Queue	Implementation Problems	Easy	Implement Queue using Array		gfg	https://www.geeksforgeeks.org/problems/implement-queue-using-array/1
Queue	Implementation Problems	Easy	Implement Stack using Queues	implement-stack-using-queues	leetcode	https://leetcode.com/problems/implement-stack-using-queues/
Queue	Implementation Problems	Easy	Implement Queue using Stacks	implement-queue-using-stacks	leetcode	https://leetcode.com/problems/implement-queue-using-stacks/
Queue	Implementation Problems	Easy	Queue using Two Stacks		gfg	https://www.geeksforgeeks.org/problems/queue-using-two-stacks/1
Queue	Implementation Problems	Easy	Implement Queue using Linked List		gfg	https://www.geeksforgeeks.org/problems/implement-queue-using-linked-list/1
Queue	Implementation Problems	Medium	Design Circular Queue	design-circular-queue	leetcode	https://leetcode.com/problems/design-circular-queue/
Queue	Implementation Problems	Medium	Design Front Middle Back Queue	design-front-middle-back-queue	leetcode	https://leetcode.com/problems/design-front-middle-back-queue/
Queue	Implementation Problems	Hard	N-Queue using Array		naukri	https://www.naukri.com/code360/problems/n-queue-using-array_1170053
Queue	Singly-Ended Queue	Easy	Reverse First K Elements of Queue		gfg	https://www.geeksforgeeks.org/problems/reverse-first-k-elements-of-queue/1
Queue	Singly-Ended Queue	Easy	First Non-Repeating Character in a Stream		gfg	https://www.geeksforgeeks.org/problems/first-non-repeating-character-in-a-stream1216/1
Queue	Singly-Ended Queue	Medium	First Negative Integer in Every Window of Size K		gfg	https://www.geeksforgeeks.org/problems/first-negative-integer-in-every-window-of-size-k3345/1
Queue	Singly-Ended Queue	Medium	Dota2 Senate	dota2-senate	leetcode	https://leetcode.com/problems/dota2-senate/
Queue	Singly-Ended Queue	Medium	Find the Winner of the Circular Game	find-the-winner-of-the-circular-game	leetcode	https://leetcode.com/problems/find-the-winner-of-the-circular-game/
Queue	Singly-Ended Queue	Medium	Reveal Cards in Increasing Order	reveal-cards-in-increasing-order	leetcode	https://leetcode.com/problems/reveal-cards-in-increasing-order/
Queue	Singly-Ended Queue	Hard	Minimum Number of K Consecutive Bit Flips	minimum-number-of-k-consecutive-bit-flips	leetcode	https://leetcode.com/problems/minimum-number-of-k-consecutive-bit-flips/
Queue	Singly-Ended Queue	Hard	Stamping the Sequence	stamping-the-sequence	leetcode	https://leetcode.com/problems/stamping-the-sequence
Queue	Doubly-Ended Queue	Easy	Deque Implementations		gfg	https://www.geeksforgeeks.org/problems/deque-implementations/1
Queue	Doubly-Ended Queue	Medium	Design Circular Deque	design-circular-deque	leetcode	https://leetcode.com/problems/design-circular-deque/
Queue	Doubly-Ended Queue	Medium	Jump Game VI	jump-game-vi	leetcode	https://leetcode.com/problems/jump-game-vi/
Queue	Doubly-Ended Queue	Medium	Continuous Subarrays	continuous-subarrays	leetcode	https://leetcode.com/problems/continuous-subarrays/
Queue	Doubly-Ended Queue	Hard	Max Value of Equation	max-value-of-equation	leetcode	https://leetcode.com/problems/max-value-of-equation/
Queue	Doubly-Ended Queue	Hard	Sliding Window Maximum	sliding-window-maximum	leetcode	https://leetcode.com/problems/sliding-window-maximum/
Queue	Doubly-Ended Queue	Hard	Shortest Subarray with Sum at Least K	shortest-subarray-with-sum-at-least-k	leetcode	https://leetcode.com/problems/shortest-subarray-with-sum-at-least-k/
Queue	Doubly-Ended Queue	Hard	Constrained Subsequence Sum	constrained-subsequence-sum	leetcode	https://leetcode.com/problems/constrained-subsequence-sum/
Binary Search	Introductory Problems	Easy	Binary Search	binary-search	leetcode	https://leetcode.com/problems/binary-search/description/
Binary Search	Introductory Problems	Easy	Guess Number Higher or Lower	guess-number-higher-or-lower	leetcode	https://leetcode.com/problems/guess-number-higher-or-lower/
Binary Search	Introductory Problems	Medium	H-Index II	h-index-ii	leetcode	https://leetcode.com/problems/h-index-ii/
Binary Search	Upper Bound and Lower Bound	Medium	Find First and Last Position of Element in Sorted Array	find-first-and-last-position-of-element-in-sorted-array	leetcode	https://leetcode.com/problems/find-first-and-last-position-of-element-in-sorted-array/
Binary Search	Upper Bound and Lower Bound	Easy	Special Array With X Elements Greater Than or Equal X	special-array-with-x-elements-greater-than-or-equal-x	leetcode	https://leetcode.com/problems/special-array-with-x-elements-greater-than-or-equal-x/
Binary Search	Upper Bound and Lower Bound	Easy	Find Smallest Letter Greater Than Target	find-smallest-letter-greater-than-target	leetcode	https://leetcode.com/problems/find-smallest-letter-greater-than-target/
Binary Search	Upper Bound and Lower Bound	Easy	Longest Subsequence With Limited Sum	longest-subsequence-with-limited-sum	leetcode	https://leetcode.com/problems/longest-subsequence-with-limited-sum/description/
Binary Search	Upper Bound and Lower Bound	Easy	First Bad Version	first-bad-version	leetcode	https://leetcode.com/problems/first-bad-version/
Binary Search	Upper Bound and Lower Bound	Easy	Arranging Coins	arranging-coins	leetcode	https://leetcode.com/problems/arranging-coins/description/
Binary Search	Upper Bound and Lower Bound	Easy	Find the Distance Value Between Two Arrays	find-the-distance-value-between-two-arrays	leetcode	https://leetcode.com/problems/find-the-distance-value-between-two-arrays/description/
Binary Search	Upper Bound and Lower Bound	Easy	Search Insert Position	search-insert-position	leetcode	https://leetcode.com/problems/search-insert-position/
Binary Search	Upper Bound and Lower Bound	Easy	Find Target Indices After Sorting Array	find-target-indices-after-sorting-array	leetcode	https://leetcode.com/problems/find-target-indices-after-sorting-array/description/
Binary Search	Upper Bound and Lower Bound	Medium	Find Right Interval	find-right-interval	leetcode	https://leetcode.com/problems/find-right-interval/description/
Binary Search	Upper Bound and Lower Bound	Medium	Online Election	online-election	leetcode	https://leetcode.com/problems/online-election/
Binary Search	Upper Bound and Lower Bound	Medium	Most Beautiful Item for Each Query	most-beautiful-item-for-each-query	leetcode	https://leetcode.com/problems/most-beautiful-item-for-each-query/description/
Binary Search	Upper Bound and Lower Bound	Medium	Time Based Key-Value Store	time-based-key-value-store	leetcode	https://leetcode.com/problems/time-based-key-value-store/
Binary Search	Upper Bound and Lower Bound	Medium	Random Pick with Weight	random-pick-with-weight	leetcode	https://leetcode.com/problems/random-pick-with-weight/
Binary Search	Upper Bound and Lower Bound	Medium	Plates Between Candles	plates-between-candles	leetcode	https://leetcode.com/problems/plates-between-candles/
Binary Search	Upper Bound and Lower Bound	Medium	Successful Pairs of Spells and Potions	successful-pairs-of-spells-and-potions	leetcode	https://leetcode.com/problems/successful-pairs-of-spells-and-potions/
Binary Search	Upper Bound and Lower Bound	Medium	Range Frequency Queries	range-frequency-queries	leetcode	https://leetcode.com/problems/range-frequency-queries/
Binary Search	Upper Bound and Lower Bound	Medium	Minimum Operations to Make All Array Elements Equal	minimum-operations-to-make-all-array-elements-equal	leetcode	https://leetcode.com/problems/minimum-operations-to-make-all-array-elements-equal/
Binary Search	Upper Bound and Lower Bound	Medium	Count Number of Rectangles Containing Each Point	count-number-of-rectangles-containing-each-point	leetcode	https://leetcode.com/problems/count-number-of-rectangles-containing-each-point/
Binary Search	Upper Bound and Lower Bound	Medium	Count the Number of Fair Pairs	count-the-number-of-fair-pairs	leetcode	https://leetcode.com/problems/count-the-number-of-fair-pairs/
Binary Search	Upper Bound and Lower Bound	Medium	Minimum Absolute Sum Difference	minimum-absolute-sum-difference	leetcode	https://leetcode.com/problems/minimum-absolute-sum-difference/
Binary Search	Upper Bound and Lower Bound	Hard	Find the Longest Valid Obstacle Course at Each Position	find-the-longest-valid-obstacle-course-at-each-position	leetcode	https://leetcode.com/problems/find-the-longest-valid-obstacle-course-at-each-position/
Binary Search	Upper Bound and Lower Bound	Hard	Find the Number of Subarrays Where Boundary Elements Are Maximum	find-the-number-of-subarrays-where-boundary-elements-are-maximum	leetcode	https://leetcode.com/problems/find-the-number-of-subarrays-where-boundary-elements-are-maximum/
Binary Search	Search on Matrix	Easy	Count Negative Numbers in a Sorted Matrix	count-negative-numbers-in-a-sorted-matrix	leetcode	https://leetcode.com/problems/count-negative-numbers-in-a-sorted-matrix/
Binary Search	Search on Matrix	Medium	Search a 2D Matrix	search-a-2d-matrix	leetcode	https://leetcode.com/problems/search-a-2d-matrix/
Binary Search	Search on Matrix	Medium	Search a 2D Matrix II	search-a-2d-matrix-ii	leetcode	https://leetcode.com/problems/search-a-2d-matrix-ii/
Binary Search	Search on Matrix	Hard	Median in a Row-wise Sorted Matrix		gfg	https://www.geeksforgeeks.org/problems/median-in-a-row-wise-sorted-matrix1527/1
Binary Search	Missing and Repeating Number	Easy	Missing Number	missing-number	leetcode	https://leetcode.com/problems/missing-number/description/
Binary Search	Missing and Repeating Number	Easy	Kth Missing Positive Number	kth-missing-positive-number	leetcode	https://leetcode.com/problems/kth-missing-positive-number/
Binary Search	Missing and Repeating Number	Medium	Single Element in a Sorted Array	single-element-in-a-sorted-array	leetcode	https://leetcode.com/problems/single-element-in-a-sorted-array/
Binary Search	Missing and Repeating Number	Easy	Minimum Common Value	minimum-common-value	leetcode	https://leetcode.com/problems/minimum-common-value/description/
Binary Search	Missing and Repeating Number	Medium	Find the Duplicate Number	find-the-duplicate-number	leetcode	https://leetcode.com/problems/find-the-duplicate-number/
Binary Search	Binary Search on Semi-Sorted Space	Medium	Find Peak Element	find-peak-element	leetcode	https://leetcode.com/problems/find-peak-element/description/
Binary Search	Binary Search on Semi-Sorted Space	Medium	Find a Peak Element II	find-a-peak-element-ii	leetcode	https://leetcode.com/problems/find-a-peak-element-ii/description/
Binary Search	Binary Search on Semi-Sorted Space	Medium	Find Minimum in Rotated Sorted Array	find-minimum-in-rotated-sorted-array	leetcode	https://leetcode.com/problems/find-minimum-in-rotated-sorted-array/description/
Binary Search	Binary Search on Semi-Sorted Space	Medium	Peak Index in a Mountain Array	peak-index-in-a-mountain-array	leetcode	https://leetcode.com/problems/peak-index-in-a-mountain-array/description/
Binary Search	Binary Search on Semi-Sorted Space	Medium	Search in Rotated Sorted Array	search-in-rotated-sorted-array	leetcode	https://leetcode.com/problems/search-in-rotated-sorted-array/description/
Binary Search	Binary Search on Semi-Sorted Space	Medium	Search in Rotated Sorted Array II	search-in-rotated-sorted-array-ii	leetcode	https://leetcode.com/problems/search-in-rotated-sorted-array-ii/description/
Binary Search	Binary Search on Semi-Sorted Space	Medium	Rotation		gfg	https://www.geeksforgeeks.org/problems/rotation4723/1
Binary Search	Binary Search on Semi-Sorted Space	Hard	Find Minimum in Rotated Sorted Array II	find-minimum-in-rotated-sorted-array-ii	leetcode	https://leetcode.com/problems/find-minimum-in-rotated-sorted-array-ii/description/
Binary Search	Binary Search on Semi-Sorted Space	Hard	Find in Mountain Array	find-in-mountain-array	leetcode	https://leetcode.com/problems/find-in-mountain-array/description/
Binary Search	Binary Search On Answer	Easy	Sqrt(x)	sqrtx	leetcode	https://leetcode.com/problems/sqrtx/
Binary Search	Binary Search On Answer	Medium	Capacity to Ship Packages Within D Days	capacity-to-ship-packages-within-d-days	leetcode	https://leetcode.com/problems/capacity-to-ship-packages-within-d-days/description/
Binary Search	Binary Search On Answer	Medium	Koko Eating Bananas	koko-eating-bananas	leetcode	https://leetcode.com/problems/koko-eating-bananas/description/ 
Binary Search	Binary Search On Answer	Medium	Find the Smallest Divisor Given a Threshold	find-the-smallest-divisor-given-a-threshold	leetcode	https://leetcode.com/problems/find-the-smallest-divisor-given-a-threshold/
Binary Search	Binary Search On Answer	Medium	Minimum Number of Days to Make M Bouquets	minimum-number-of-days-to-make-m-bouquets	leetcode	https://leetcode.com/problems/minimum-number-of-days-to-make-m-bouquets/description/
Binary Search	Binary Search On Answer	Medium	Aggressive Cows		gfg	https://www.geeksforgeeks.org/problems/aggressive-cows/1
Binary Search	Binary Search On Answer	Medium	Maximum Candies Allocated to K Children	maximum-candies-allocated-to-k-children	leetcode	https://leetcode.com/problems/maximum-candies-allocated-to-k-children/
Binary Search	Binary Search On Answer	Medium	Most Profit Assigning Work	most-profit-assigning-work	leetcode	https://leetcode.com/problems/most-profit-assigning-work/
Binary Search	Binary Search On Answer	Medium	Maximum Value at a Given Index in a Bounded Array	maximum-value-at-a-given-index-in-a-bounded-array	leetcode	https://leetcode.com/problems/maximum-value-at-a-given-index-in-a-bounded-array/
Binary Search	Binary Search On Answer	Medium	Maximum Side Length of a Square With Sum Less Than or Equal to Threshold	maximum-side-length-of-a-square-with-sum-less-than-or-equal-to-threshold	leetcode	https://leetcode.com/problems/maximum-side-length-of-a-square-with-sum-less-than-or-equal-to-threshold/description/ 
Binary Search	Binary Search On Answer	Medium	Minimum Speed to Arrive on Time	minimum-speed-to-arrive-on-time	leetcode	https://leetcode.com/problems/minimum-speed-to-arrive-on-time/
Binary Search	Binary Search On Answer	Medium	Minimum Time to Repair Cars	minimum-time-to-repair-cars	leetcode	https://leetcode.com/problems/minimum-time-to-repair-cars/
Binary Search	Binary Search On Answer	Medium	Maximum Number of Removable Characters	maximum-number-of-removable-characters	leetcode	https://leetcode.com/problems/maximum-number-of-removable-characters/
Binary Search	Binary Search On Answer	Medium	Heaters	heaters	leetcode	https://leetcode.com/problems/heaters/
Binary Search	Binary Search On Answer	Medium	Earliest Second to Mark Indices I	earliest-second-to-mark-indices-i	leetcode	https://leetcode.com/problems/earliest-second-to-mark-indices-i/
Binary Search	Binary Search On Answer	Medium	Maximum White Tiles Covered by a Carpet	maximum-white-tiles-covered-by-a-carpet	leetcode	https://leetcode.com/problems/maximum-white-tiles-covered-by-a-carpet/
Binary Search	Binary Search On Answer	Medium	Minimum Absolute Difference Between Elements with Constraint	minimum-absolute-difference-between-elements-with-constraint	leetcode	https://leetcode.com/problems/minimum-absolute-difference-between-elements-with-constraint/
Binary Search	Binary Search On Answer	Medium	Sell Diminishing-Valued Colored Balls	sell-diminishing-valued-colored-balls	leetcode	https://leetcode.com/problems/sell-diminishing-valued-colored-balls/
Binary Search	Binary Search On Answer	Medium	Ugly Number III	ugly-number-iii	leetcode	https://leetcode.com/problems/ugly-number-iii/
Binary Search	Binary Search On Answer	Medium	Minimize the Maximum of Two Arrays	minimize-the-maximum-of-two-arrays	leetcode	https://leetcode.com/problems/minimize-the-maximum-of-two-arrays/description/
Binary Search	Binary Search On Answer	Medium	Split Array Largest Sum	split-array-largest-sum	leetcode	https://leetcode.com/problems/split-array-largest-sum/
Binary Search	Binary Search On Answer	Medium	Maximum Running Time of N Computers	maximum-running-time-of-n-computers	leetcode	https://leetcode.com/problems/maximum-running-time-of-n-computers/
Binary Search	Binary Search On Answer	Hard	Maximum Number of Robots Within Budget	maximum-number-of-robots-within-budget	leetcode	https://leetcode.com/problems/maximum-number-of-robots-within-budget/
Binary Search	Binary Search On Answer	Hard	Maximum Number of Groups With Increasing Length	maximum-number-of-groups-with-increasing-length	leetcode	https://leetcode.com/problems/maximum-number-of-groups-with-increasing-length/
Binary Search	Binary Search On Answer	Hard	Maximum Number of Tasks You Can Assign	maximum-number-of-tasks-you-can-assign	leetcode	https://leetcode.com/problems/maximum-number-of-tasks-you-can-assign/
Binary Search	Binary Search On Answer	Hard	Median of Two Sorted Arrays	median-of-two-sorted-arrays	leetcode	https://leetcode.com/problems/median-of-two-sorted-arrays/description/
Binary Search	Minmax Problems	Medium	Magnetic Force Between Two Balls	magnetic-force-between-two-balls	leetcode	https://leetcode.com/problems/magnetic-force-between-two-balls/
Binary Search	Minmax Problems	Medium	Maximum Tastiness of Candy Basket	maximum-tastiness-of-candy-basket	leetcode	https://leetcode.com/problems/maximum-tastiness-of-candy-basket/
Binary Search	Minmax Problems	Medium	Minimum Limit of Balls in a Bag	minimum-limit-of-balls-in-a-bag	leetcode	https://leetcode.com/problems/minimum-limit-of-balls-in-a-bag/
Binary Search	Minmax Problems	Medium	Minimized Maximum of Products Distributed to Any Store	minimized-maximum-of-products-distributed-to-any-store	leetcode	https://leetcode.com/problems/minimized-maximum-of-products-distributed-to-any-store/
Binary Search	Minmax Problems	Medium	Minimize the Maximum Difference of Pairs	minimize-the-maximum-difference-of-pairs	leetcode	https://leetcode.com/problems/minimize-the-maximum-difference-of-pairs/
Binary Search	Minmax Problems	Hard	Maximize the Minimum Powered City	maximize-the-minimum-powered-city	leetcode	https://leetcode.com/problems/maximize-the-minimum-powered-city/
Binary Search	Finding the K-th Element	Hard	Kth Smallest Number in Multiplication Table	kth-smallest-number-in-multiplication-table	leetcode	https://leetcode.com/problems/kth-smallest-number-in-multiplication-table/description/
Binary Search	Finding the K-th Element	Hard	Find K-th Smallest Pair Distance	find-k-th-smallest-pair-distance	leetcode	https://leetcode.com/problems/find-k-th-smallest-pair-distance/
Binary Search	Finding the K-th Element	Hard	Kth Smallest Element in a Sorted Matrix	kth-smallest-element-in-a-sorted-matrix	leetcode	https://leetcode.com/problems/kth-smallest-element-in-a-sorted-matrix/
Binary Search	Finding the K-th Element	Hard	Find the Median of the Uniqueness Array	find-the-median-of-the-uniqueness-array	leetcode	https://leetcode.com/problems/find-the-median-of-the-uniqueness-array/description/
Binary Search	Finding the K-th Element	Hard	Kth Smallest Product of Two Sorted Arrays	kth-smallest-product-of-two-sorted-arrays	leetcode	https://leetcode.com/problems/kth-smallest-product-of-two-sorted-arrays/
Binary Search	Finding the K-th Element	Hard	Kth Smallest Amount With Single Denomination Combination	kth-smallest-amount-with-single-denomination-combination	leetcode	https://leetcode.com/problems/kth-smallest-amount-with-single-denomination-combination/
Binary Search	Finding the K-th Element	Hard	Find the Kth Smallest Sum of a Matrix With Sorted Rows	find-the-kth-smallest-sum-of-a-matrix-with-sorted-rows	leetcode	https://leetcode.com/problems/find-the-kth-smallest-sum-of-a-matrix-with-sorted-rows/description/
Bit Manipulation	Basic Bit Concepts	Easy	Decimal to Binary		gfg	https://www.geeksforgeeks.org/problems/decimal-to-binary-1587115620/1
Bit Manipulation	Basic Bit Concepts	Easy	Get, Set, Clear ith Bit		gfg	https://www.geeksforgeeks.org/problems/bit-manipulation-1666686020/0
Bit Manipulation	Basic Bit Concepts	Easy	Kth Bit is Set or Not		gfg	https://www.geeksforgeeks.org/problems/check-whether-k-th-bit-is-set-or-not-1587115620/1
Bit Manipulation	Basic Bit Concepts	Easy	Check Odd or Even		gfg	https://www.geeksforgeeks.org/problems/odd-or-even3618/1
Bit Manipulation	Basic Bit Concepts	Easy	Set the Rightmost Unset Bit		gfg	https://www.geeksforgeeks.org/problems/set-the-rightmost-unset-bit4436/1
Bit Manipulation	Basic Bit Concepts	Easy	Number Complement	number-complement	leetcode	https://leetcode.com/problems/number-complement/description/
Bit Manipulation	Basic Bit Concepts	Easy	Number of 1 Bits	number-of-1-bits	leetcode	https://leetcode.com/problems/number-of-1-bits/
Bit Manipulation	Basic Bit Concepts	Easy	Counting Bits	counting-bits	leetcode	https://leetcode.com/problems/counting-bits/
Bit Manipulation	Basic Bit Concepts	Medium	Count Total Set Bits		gfg	https://www.geeksforgeeks.org/problems/count-total-set-bits-1587115620/1
Bit Manipulation	Basic Bit Concepts	Easy	Reverse Bits	reverse-bits	leetcode	https://leetcode.com/problems/reverse-bits/
Bit Manipulation	Basic Bit Concepts	Easy	Power of Two	power-of-two	leetcode	https://leetcode.com/problems/power-of-two/
Bit Manipulation	Basic Bit Concepts	Easy	Power of Four	power-of-four	leetcode	https://leetcode.com/problems/power-of-four
Bit Manipulation	Basic Bit Concepts	Easy	Hamming Distance	hamming-distance	leetcode	https://leetcode.com/problems/hamming-distance/
Bit Manipulation	Basic Bit Concepts	Easy	Add Binary	add-binary	leetcode	https://leetcode.com/problems/add-binary/
Bit Manipulation	Basic Bit Concepts	Medium	Total Hamming Distance	total-hamming-distance	leetcode	https://leetcode.com/problems/total-hamming-distance/
Bit Manipulation	Basic Bit Concepts	Easy	UTF-8 Validation	utf-8-validation 	leetcode	https://leetcode.com/problems/utf-8-validation 
Bit Manipulation	Basic Bit Concepts	Medium	Single Number II	single-number-ii	leetcode	https://leetcode.com/problems/single-number-ii/
Bit Manipulation	Basic Bit Concepts	Medium	Divide Two Integers	divide-two-integers	leetcode	https://leetcode.com/problems/divide-two-integers/
Bit Manipulation	Bitwise XOR operator	Easy	Decode Xored Array	decode-xored-array 	leetcode	https://leetcode.com/problems/decode-xored-array 
Bit Manipulation	Bitwise XOR operator	Easy	Single Number	single-number	leetcode	https://leetcode.com/problems/single-number/
Bit Manipulation	Bitwise XOR operator	Medium	Single Number III	single-number-iii	leetcode	https://leetcode.com/problems/single-number-iii/
Bit Manipulation	Bitwise XOR operator	Medium	Sum of Two Integers	sum-of-two-integers	leetcode	https://leetcode.com/problems/sum-of-two-integers/description/
Bit Manipulation	Bitwise XOR operator	Easy	Swap Two Numbers (with Temp Variable)		gfg	https://www.geeksforgeeks.org/problems/swap-two-numbers3844/1
Bit Manipulation	Bitwise XOR operator	Easy	Missing Number	missing-number	leetcode	https://leetcode.com/problems/missing-number/
Bit Manipulation	Bitwise XOR operator	Easy	Decode Xored Permutation	decode-xored-permutation	leetcode	https://leetcode.com/problems/decode-xored-permutation
Bit Manipulation	Bitwise XOR operator	Medium	Find the Original Array of Prefix XOR	find-the-original-array-of-prefix-xor	leetcode	https://leetcode.com/problems/find-the-original-array-of-prefix-xor
Bit Manipulation	Bitwise XOR operator	Medium	Gray Code	gray-code	leetcode	https://leetcode.com/problems/gray-code/
Bit Manipulation	Bitwise XOR operator	Medium	XOR Queries of a Subarray	xor-queries-of-a-subarray	leetcode	https://leetcode.com/problems/xor-queries-of-a-subarray/
Bit Manipulation	Bitwise XOR operator	Medium	XOR Sequences		codeforces	https://codeforces.com/problemset/problem/1979/B
Bit Manipulation	Bitwise XOR operator	Medium	Minimum Number of Operations to Make Array XOR Equal to K	minimum-number-of-operations-to-make-array-xor-equal-to-k	leetcode	https://leetcode.com/problems/minimum-number-of-operations-to-make-array-xor-equal-to-k
Bit Manipulation	Bitwise XOR operator	Medium	Maximum XOR Product	maximum-xor-product	leetcode	https://leetcode.com/problems/maximum-xor-product
Bit Manipulation	Bitwise XOR operator	Medium	Neighboring Bitwise XOR	neighboring-bitwise-xor	leetcode	https://leetcode.com/problems/neighboring-bitwise-xor
Bit Manipulation	Bitwise XOR operator	Hard	Minimum XOR Sum of Two Arrays	minimum-xor-sum-of-two-arrays	leetcode	https://leetcode.com/problems/minimum-xor-sum-of-two-arrays/
Bit Manipulation	Bitwise XOR operator	Hard	Find XOR Sum of All Pairs Bitwise AND	find-xor-sum-of-all-pairs-bitwise-and	leetcode	https://leetcode.com/problems/find-xor-sum-of-all-pairs-bitwise-and
Bit Manipulation	Bitwise XOR operator	Hard	Find Longest Awesome Substring	find-longest-awesome-substring	leetcode	https://leetcode.com/problems/find-longest-awesome-substring
Bit Manipulation	Bitwise OR operator	Medium	Shortest Subarray with OR at Least K	shortest-subarray-with-or-at-least-k-ii	leetcode	https://leetcode.com/problems/shortest-subarray-with-or-at-least-k-ii/
Bit Manipulation	Bitwise OR operator	Medium	Minimum Array End	minimum-array-end	leetcode	https://leetcode.com/problems/minimum-array-end
Bit Manipulation	Bitwise OR operator	Medium	Maximum OR	maximum-or	leetcode	https://leetcode.com/problems/maximum-or/
Bit Manipulation	Bitwise OR operator	Hard	Find Subarray with Bitwise OR Closest to K	find-subarray-with-bitwise-or-closest-to-k	leetcode	https://leetcode.com/problems/find-subarray-with-bitwise-or-closest-to-k/
Bit Manipulation	Bitwise OR operator	Hard	Minimize OR of Remaining Elements Using Operations	minimize-or-of-remaining-elements-using-operations	leetcode	https://leetcode.com/problems/minimize-or-of-remaining-elements-using-operations
Bit Manipulation	Bitwise AND operator	Medium	Minimum Flips to Make A or B Equal to C	minimum-flips-to-make-a-or-b-equal-to-c	leetcode	https://leetcode.com/problems/minimum-flips-to-make-a-or-b-equal-to-c/
Bit Manipulation	Bitwise AND operator	Medium	Longest Nice Subarray	longest-nice-subarray	leetcode	https://leetcode.com/problems/longest-nice-subarray/
Bit Manipulation	Bitwise AND operator	Medium	Bitwise AND of Numbers Range	bitwise-and-of-numbers-range	leetcode	https://leetcode.com/problems/bitwise-and-of-numbers-range/
Bit Manipulation	Bitwise AND operator	Medium	Longest Subarray with Maximum Bitwise AND	longest-subarray-with-maximum-bitwise-and	leetcode	https://leetcode.com/problems/longest-subarray-with-maximum-bitwise-and/
Bit Manipulation	Bitwise AND operator	Hard	Number of Subarrays with AND Value of K	number-of-subarrays-with-and-value-of-k	leetcode	https://leetcode.com/problems/number-of-subarrays-with-and-value-of-k/
Bit Manipulation	Bitwise AND operator	Hard	Triples with Bitwise AND Equal to Zero	triples-with-bitwise-and-equal-to-zero	leetcode	https://leetcode.com/problems/triples-with-bitwise-and-equal-to-zero
Bit Manipulation	Bitwise AND operator	Hard	Minimum Operations to Form Subsequence with Target Sum	minimum-operations-to-form-subsequence-with-target-sum	leetcode	https://leetcode.com/problems/minimum-operations-to-form-subsequence-with-target-sum
Recursion & Backtracking	Recursion Problems	Easy	Power of Two	power-of-two	leetcode	https://leetcode.com/problems/power-of-two
Recursion & Backtracking	Recursion Problems	Easy	Power of Three	power-of-three	leetcode	https://leetcode.com/problems/power-of-three
Recursion & Backtracking	Recursion Problems	Easy	Power of Four	power-of-four	leetcode	https://leetcode.com/problems/power-of-four
Recursion & Backtracking	Recursion Problems	Easy	Fibonacci Number	fibonacci-number	leetcode	https://leetcode.com/problems/fibonacci-number
Recursion & Backtracking	Recursion Problems	Medium	Pow(x, n)	powx-n	leetcode	https://leetcode.com/problems/powx-n
Recursion & Backtracking	Recursion Problems	Easy	Count Good Numbers	count-good-numbers	leetcode	https://leetcode.com/problems/count-good-numbers
Recursion & Backtracking	Recursion Problems	Medium	Minimum Non-Zero Product of the Array Elements	minimum-non-zero-product-of-the-array-elements	leetcode	https://leetcode.com/problems/minimum-non-zero-product-of-the-array-elements/
Recursion & Backtracking	Recursion Problems	Easy	Delete Middle Element of a Stack		gfg	https://www.geeksforgeeks.org/problems/delete-middle-element-of-a-stack/1
Recursion & Backtracking	Recursion Problems	Medium	Sort a Stack		gfg	https://www.geeksforgeeks.org/problems/sort-a-stack/1
Recursion & Backtracking	Recursion Problems	Easy	Josephus Problem		gfg	https://www.geeksforgeeks.org/problems/josephus-problem/1
Recursion & Backtracking	Recursion Problems	Medium	Find the Winner of the Circular Game	find-the-winner-of-the-circular-game	leetcode	https://leetcode.com/problems/find-the-winner-of-the-circular-game
Recursion & Backtracking	Recursion Problems	Medium	Predict the Winner	predict-the-winner	leetcode	https://leetcode.com/problems/predict-the-winner
Recursion & Backtracking	Recursion Problems	Medium	Tower of Hanoi		gfg	https://www.geeksforgeeks.org/problems/tower-of-hanoi-1587115621/1
Recursion & Backtracking	Recursion Problems	Medium	Different Ways to Add Parentheses	different-ways-to-add-parentheses	leetcode	https://leetcode.com/problems/different-ways-to-add-parentheses
Recursion & Backtracking	Recursion Problems	Hard	Basic Calculator	basic-calculator	leetcode	https://leetcode.com/problems/basic-calculator
Recursion & Backtracking	Recursion Problems	Hard	Permutation Sequence	permutation-sequence	leetcode	https://leetcode.com/problems/permutation-sequence
Recursion & Backtracking	Recursion Problems	Hard	Regular Expression Matching	regular-expression-matching	leetcode	https://leetcode.com/problems/regular-expression-matching
Recursion & Backtracking	Recursion Problems	Hard	Wildcard Matching	wildcard-matching	leetcode	https://leetcode.com/problems/wildcard-matching
Recursion & Backtracking	Recursion Problems	Hard	Integer to English Words	integer-to-english-words	leetcode	https://leetcode.com/problems/integer-to-english-words/description/
Recursion & Backtracking	Recursion Problems	Hard	Special Binary String	special-binary-string	leetcode	https://leetcode.com/problems/special-binary-string/description/
Recursion & Backtracking	Permutation Problems	Medium	Permutations	permutations	leetcode	https://leetcode.com/problems/permutations/
Recursion & Backtracking	Permutation Problems	Medium	Construct Smallest Number from DI String	construct-smallest-number-from-di-string	leetcode	https://leetcode.com/problems/construct-smallest-number-from-di-string/
Recursion & Backtracking	Permutation Problems	Medium	Beautiful Arrangement	beautiful-arrangement	leetcode	https://leetcode.com/problems/beautiful-arrangement/
Recursion & Backtracking	Combination Problems	Medium	Target Sum	target-sum	leetcode	https://leetcode.com/problems/target-sum/
Recursion & Backtracking	Combination Problems	Medium	Combinations	combinations	leetcode	https://leetcode.com/problems/combinations/
Recursion & Backtracking	Combination Problems	Medium	Letter Combinations of a Phone Number	letter-combinations-of-a-phone-number	leetcode	https://leetcode.com/problems/letter-combinations-of-a-phone-number/
Recursion & Backtracking	Combination Problems	Medium	Letter Case Permutation	letter-case-permutation	leetcode	https://leetcode.com/problems/letter-case-permutation/
Recursion & Backtracking	Combination Problems	Medium	K-th Lexicographical String of All Happy Strings of Length n	the-k-th-lexicographical-string-of-all-happy-strings-of-length-n	leetcode	https://leetcode.com/problems/the-k-th-lexicographical-string-of-all-happy-strings-of-length-n/
Recursion & Backtracking	Combination Problems	Medium	Combination Sum	combination-sum	leetcode	https://leetcode.com/problems/combination-sum/
Recursion & Backtracking	Combination Problems	Medium	Combination Sum II	combination-sum-ii	leetcode	https://leetcode.com/problems/combination-sum-ii/
Recursion & Backtracking	Combination Problems	Medium	Combination Sum III	combination-sum-iii	leetcode	https://leetcode.com/problems/combination-sum-iii/
Recursion & Backtracking	Combination Problems	Medium	Maximum Compatibility Score Sum	maximum-compatibility-score-sum	leetcode	https://leetcode.com/problems/maximum-compatibility-score-sum/
Recursion & Backtracking	Combination Problems	Medium	Numbers with Same Consecutive Differences	numbers-with-same-consecutive-differences	leetcode	https://leetcode.com/problems/numbers-with-same-consecutive-differences/
Recursion & Backtracking	Combination Problems	Hard	N-Queens	n-queens	leetcode	https://leetcode.com/problems/n-queens/
Recursion & Backtracking	Subsets Problems	Medium	Subsets	subsets	leetcode	https://leetcode.com/problems/subsets/
Recursion & Backtracking	Subsets Problems	Medium	Subsets II	subsets-ii	leetcode	https://leetcode.com/problems/subsets-ii/
Recursion & Backtracking	Subsets Problems	Medium	Non-Decreasing Subsequences	non-decreasing-subsequences	leetcode	https://leetcode.com/problems/non-decreasing-subsequences/
Recursion & Backtracking	Subsets Problems	Medium	Number of Beautiful Subsets	the-number-of-beautiful-subsets	leetcode	https://leetcode.com/problems/the-number-of-beautiful-subsets/
Recursion & Backtracking	Path on Grid Problems	Medium	Rat in a Maze Problem		gfg	https://www.geeksforgeeks.org/problems/rat-in-a-maze-problem/1
Recursion & Backtracking	Path on Grid Problems	Hard	Sudoku Solver	sudoku-solver	leetcode	https://leetcode.com/problems/sudoku-solver/
Heap (Priority Queue)	Introductory Questions	Easy	Implementation of Priority Queue using Binary Heap		gfg	https://www.geeksforgeeks.org/problems/implementation-of-priority-queue-using-binary-heap/1
Heap (Priority Queue)	Introductory Questions	Medium	Heap Sort		gfg	https://www.geeksforgeeks.org/problems/heap-sort/1
Heap (Priority Queue)	Introductory Questions	Easy	Does Array Represent Heap?		gfg	https://www.geeksforgeeks.org/problems/does-array-represent-heap4345/1
Heap (Priority Queue)	Introductory Questions	Medium	Is Binary Tree Heap?		gfg	https://www.geeksforgeeks.org/problems/is-binary-tree-heap/1
Heap (Priority Queue)	Introductory Questions	Medium	Operations on Binary Min Heap		gfg	https://www.geeksforgeeks.org/problems/operations-on-binary-min-heap/1
Heap (Priority Queue)	Introductory Questions	Medium	Convert Min Heap to Max Heap		gfg	https://www.geeksforgeeks.org/problems/convert-min-heap-to-max-heap-1666385109/1
Heap (Priority Queue)	Implementary Questions	Easy	Relative Ranks	relative-ranks	leetcode	https://leetcode.com/problems/relative-ranks/
Heap (Priority Queue)	Implementary Questions	Easy	Take Gifts From the Richest Pile	take-gifts-from-the-richest-pile	leetcode	https://leetcode.com/problems/take-gifts-from-the-richest-pile/
Heap (Priority Queue)	Implementary Questions	Easy	Last Stone Weight	last-stone-weight	leetcode	https://leetcode.com/problems/last-stone-weight/
Heap (Priority Queue)	Implementary Questions	Easy	Largest Number After Digit Swaps by Parity	largest-number-after-digit-swaps-by-parity	leetcode	https://leetcode.com/problems/largest-number-after-digit-swaps-by-parity/
Heap (Priority Queue)	Implementary Questions	Easy	Minimum Amount of Time to Fill Cups	minimum-amount-of-time-to-fill-cups	leetcode	https://leetcode.com/problems/minimum-amount-of-time-to-fill-cups/
Heap (Priority Queue)	Implementary Questions	Medium	Seat Reservation Manager	seat-reservation-manager	leetcode	https://leetcode.com/problems/seat-reservation-manager/
Heap (Priority Queue)	Implementary Questions	Medium	Sort Characters By Frequency	sort-characters-by-frequency	leetcode	https://leetcode.com/problems/sort-characters-by-frequency/
Heap (Priority Queue)	Implementary Questions	Medium	Reduce Array Size to The Half	reduce-array-size-to-the-half	leetcode	https://leetcode.com/problems/reduce-array-size-to-the-half/
Heap (Priority Queue)	Implementary Questions	Medium	Longest Happy String	longest-happy-string	leetcode	https://leetcode.com/problems/longest-happy-string/
Heap (Priority Queue)	Implementary Questions	Medium	Reorganize String	reorganize-string	leetcode	https://leetcode.com/problems/reorganize-string/
Heap (Priority Queue)	Implementary Questions	Medium	Maximum Average Pass Ratio	maximum-average-pass-ratio	leetcode	https://leetcode.com/problems/maximum-average-pass-ratio/
Heap (Priority Queue)	Implementary Questions	Medium	Find Score of an Array After Marking All Elements	find-score-of-an-array-after-marking-all-elements	leetcode	https://leetcode.com/problems/find-score-of-an-array-after-marking-all-elements/
Heap (Priority Queue)	Implementary Questions	Medium	Furthest Building You Can Reach	furthest-building-you-can-reach	leetcode	https://leetcode.com/problems/furthest-building-you-can-reach/
Heap (Priority Queue)	Implementary Questions	Medium	Distant Barcodes	distant-barcodes	leetcode	https://leetcode.com/problems/distant-barcodes/
Heap (Priority Queue)	Implementary Questions	Medium	Task Scheduler	task-scheduler	leetcode	https://leetcode.com/problems/task-scheduler/
Heap (Priority Queue)	Implementary Questions	Medium	Maximal Score After Applying K Operations	maximal-score-after-applying-k-operations	leetcode	https://leetcode.com/problems/maximal-score-after-applying-k-operations/
Heap (Priority Queue)	Implementary Questions	Medium	Single Threaded CPU	single-threaded-cpu	leetcode	https://leetcode.com/problems/single-threaded-cpu/
Heap (Priority Queue)	Implementary Questions	Medium	Most Popular Video Creator	most-popular-video-creator	leetcode	https://leetcode.com/problems/most-popular-video-creator/
Heap (Priority Queue)	Implementary Questions	Medium	Total Cost to Hire K Workers	total-cost-to-hire-k-workers	leetcode	https://leetcode.com/problems/total-cost-to-hire-k-workers/description/
Heap (Priority Queue)	Implementary Questions	Medium	Most Frequent IDs	most-frequent-ids	leetcode	https://leetcode.com/problems/most-frequent-ids/description/
Heap (Priority Queue)	Implementary Questions	Medium	Process Tasks Using Servers	process-tasks-using-servers	leetcode	https://leetcode.com/problems/process-tasks-using-servers/
Heap (Priority Queue)	Implementary Questions	Medium	Maximum Number of Eaten Apples	maximum-number-of-eaten-apples	leetcode	https://leetcode.com/problems/maximum-number-of-eaten-apples/
Heap (Priority Queue)	Implementary Questions	Medium	Maximum Number of Events That Can Be Attended	maximum-number-of-events-that-can-be-attended	leetcode	https://leetcode.com/problems/maximum-number-of-events-that-can-be-attended/description/
Heap (Priority Queue)	Implementary Questions	Medium	Minimum Operations to Exceed Threshold Value II	minimum-operations-to-exceed-threshold-value-ii	leetcode	https://leetcode.com/problems/minimum-operations-to-exceed-threshold-value-ii/
Heap (Priority Queue)	Implementary Questions	Hard	Put Marbles in Bags	put-marbles-in-bags	leetcode	https://leetcode.com/problems/put-marbles-in-bags/
Heap (Priority Queue)	Implementary Questions	Hard	Maximum Spending After Buying Items	maximum-spending-after-buying-items	leetcode	https://leetcode.com/problems/maximum-spending-after-buying-items/
Heap (Priority Queue)	Implementary Questions	Hard	Trapping Rain Water II	trapping-rain-water-ii	leetcode	https://leetcode.com/problems/trapping-rain-water-ii/
Heap (Priority Queue)	Implementary Questions	Medium	Maximum Subsequence Score	maximum-subsequence-score	leetcode	https://leetcode.com/problems/maximum-subsequence-score/
Heap (Priority Queue)	Implementary Questions	Hard	Maximum Performance of a Team	maximum-performance-of-a-team	leetcode	https://leetcode.com/problems/maximum-performance-of-a-team/description/
Heap (Priority Queue)	Implementary Questions	Hard	Max Value of Equation	max-value-of-equation	leetcode	https://leetcode.com/problems/max-value-of-equation/description/
Heap (Priority Queue)	Implementary Questions	Hard	The Skyline Problem	the-skyline-problem	leetcode	https://leetcode.com/problems/the-skyline-problem/
Heap (Priority Queue)	Implementary Questions	Hard	Maximum Elegance of a K-Length Subsequence	maximum-elegance-of-a-k-length-subsequence	leetcode	https://leetcode.com/problems/maximum-elegance-of-a-k-length-subsequence/description/
Heap (Priority Queue)	Kth Pattern Problems	Easy	The K Weakest Rows in a Matrix	the-k-weakest-rows-in-a-matrix	leetcode	https://leetcode.com/problems/the-k-weakest-rows-in-a-matrix/
Heap (Priority Queue)	Kth Pattern Problems	Medium	Kth Largest Element in an Array	kth-largest-element-in-an-array	leetcode	https://leetcode.com/problems/kth-largest-element-in-an-array/description/
Heap (Priority Queue)	Kth Pattern Problems	Easy	Kth Largest Element in a Stream	kth-largest-element-in-a-stream	leetcode	https://leetcode.com/problems/kth-largest-element-in-a-stream/
Heap (Priority Queue)	Kth Pattern Problems	Easy	Find Subsequence of Length K With the Largest Sum	find-subsequence-of-length-k-with-the-largest-sum	leetcode	https://leetcode.com/problems/find-subsequence-of-length-k-with-the-largest-sum/description/
Heap (Priority Queue)	Kth Pattern Problems	Medium	K-th Smallest Prime Fraction	k-th-smallest-prime-fraction	leetcode	https://leetcode.com/problems/k-th-smallest-prime-fraction/description/
Heap (Priority Queue)	Kth Pattern Problems	Medium	K Closest Points to Origin	k-closest-points-to-origin	leetcode	https://leetcode.com/problems/k-closest-points-to-origin/description/
Heap (Priority Queue)	Kth Pattern Problems	Medium	Top K Frequent Elements	top-k-frequent-elements	leetcode	https://leetcode.com/problems/top-k-frequent-elements/description/
Heap (Priority Queue)	Kth Pattern Problems	Medium	Kth Smallest Element in a Sorted Matrix	kth-smallest-element-in-a-sorted-matrix	leetcode	https://leetcode.com/problems/kth-smallest-element-in-a-sorted-matrix/description/
Heap (Priority Queue)	Kth Pattern Problems	Medium	Find Kth Largest XOR Coordinate Value	find-kth-largest-xor-coordinate-value	leetcode	https://leetcode.com/problems/find-kth-largest-xor-coordinate-value/description/
Heap (Priority Queue)	Kth Pattern Problems	Medium	Top K Frequent Words	top-k-frequent-words	leetcode	https://leetcode.com/problems/top-k-frequent-words/
Heap (Priority Queue)	Kth Pattern Problems	Medium	Find K Closest Elements	find-k-closest-elements	leetcode	https://leetcode.com/problems/find-k-closest-elements/description/
Heap (Priority Queue)	Kth Pattern Problems	Medium	Ugly Number II	ugly-number-ii	leetcode	https://leetcode.com/problems/ugly-number-ii/
Heap (Priority Queue)	Kth Pattern Problems	Medium	Find the Kth Largest Integer in the Array	find-the-kth-largest-integer-in-the-array	leetcode	https://leetcode.com/problems/find-the-kth-largest-integer-in-the-array/description/
Heap (Priority Queue)	Kth Pattern Problems	Medium	Reward Top K Students	reward-top-k-students	leetcode	https://leetcode.com/problems/reward-top-k-students/description/
Heap (Priority Queue)	Kth Pattern Problems	Medium	Query Kth Smallest Trimmed Number	query-kth-smallest-trimmed-number	leetcode	https://leetcode.com/problems/query-kth-smallest-trimmed-number/
Heap (Priority Queue)	Kth Pattern Problems	Medium	K Highest Ranked Items Within a Price Range	k-highest-ranked-items-within-a-price-range	leetcode	https://leetcode.com/problems/k-highest-ranked-items-within-a-price-range/description/
Heap (Priority Queue)	Kth Pattern Problems	Hard	Find the Kth Smallest Sum of a Matrix With Sorted Rows	find-the-kth-smallest-sum-of-a-matrix-with-sorted-rows	leetcode	https://leetcode.com/problems/find-the-kth-smallest-sum-of-a-matrix-with-sorted-rows/description/
Heap (Priority Queue)	Kth Pattern Problems	Hard	Find the K-Sum of an Array	find-the-k-sum-of-an-array	leetcode	https://leetcode.com/problems/find-the-k-sum-of-an-array/description/
Heap (Priority Queue)	Minimize Operations	Medium	Remove Stones to Minimize the Total	remove-stones-to-minimize-the-total	leetcode	https://leetcode.com/problems/remove-stones-to-minimize-the-total/
Heap (Priority Queue)	Minimize Operations	Medium	Minimum Operations to Halve Array Sum	minimum-operations-to-halve-array-sum	leetcode	https://leetcode.com/problems/minimum-operations-to-halve-array-sum/
Heap (Priority Queue)	Minimize Operations	Medium	The Number of the Smallest Unoccupied Chair	the-number-of-the-smallest-unoccupied-chair	leetcode	https://leetcode.com/problems/the-number-of-the-smallest-unoccupied-chair/
Heap (Priority Queue)	Minimize Operations	Medium	Lexicographically Minimum String After Removing Stars	lexicographically-minimum-string-after-removing-stars	leetcode	https://leetcode.com/problems/lexicographically-minimum-string-after-removing-stars/description/
Heap (Priority Queue)	Minimize Operations	Medium	Replace Question Marks in String to Minimize Its Value	replace-question-marks-in-string-to-minimize-its-value	leetcode	https://leetcode.com/problems/replace-question-marks-in-string-to-minimize-its-value/description/
Heap (Priority Queue)	Minimize Operations	Medium	Minimum Sum of Squared Difference	minimum-sum-of-squared-difference	leetcode	https://leetcode.com/problems/minimum-sum-of-squared-difference/description/
Heap (Priority Queue)	Minimize Operations	Hard	Minimum Cost to Hire K Workers	minimum-cost-to-hire-k-workers	leetcode	https://leetcode.com/problems/minimum-cost-to-hire-k-workers/
Heap (Priority Queue)	Minimize Operations	Hard	Minimize Deviation in Array	minimize-deviation-in-array	leetcode	https://leetcode.com/problems/minimize-deviation-in-array/description/
Heap (Priority Queue)	Minimize Operations	Hard	Minimum Moves to Move a Box to Their Target Location	minimum-moves-to-move-a-box-to-their-target-location	leetcode	https://leetcode.com/problems/minimum-moves-to-move-a-box-to-their-target-location/description/
Heap (Priority Queue)	Minimize Operations	Hard	Minimum Interval to Include Each Query	minimum-interval-to-include-each-query	leetcode	https://leetcode.com/problems/minimum-interval-to-include-each-query/description/
Heap (Priority Queue)	Merge K Sorted Patterns	Hard	Merge K Sorted Lists	merge-k-sorted-lists	leetcode	https://leetcode.com/problems/merge-k-sorted-lists/description/
Heap (Priority Queue)	Merge K Sorted Patterns	Hard	Find K Pairs with Smallest Sums	find-k-pairs-with-smallest-sums	leetcode	https://leetcode.com/problems/find-k-pairs-with-smallest-sums/  
Heap (Priority Queue)	Merge K Sorted Patterns	Medium	Merge K Sorted Arrays		gfg	https://www.geeksforgeeks.org/problems/merge-k-sorted-arrays/1
Heap (Priority Queue)	Two Heap Pattern	Medium	Number of Orders in the Backlog	number-of-orders-in-the-backlog	leetcode	https://leetcode.com/problems/number-of-orders-in-the-backlog/
Heap (Priority Queue)	Two Heap Pattern	Hard	Sliding Window Median	sliding-window-median	leetcode	https://leetcode.com/problems/sliding-window-median/description/
Heap (Priority Queue)	Two Heap Pattern	Hard	IPO	ipo	leetcode	https://leetcode.com/problems/ipo/description/
Heap (Priority Queue)	Two Heap Pattern	Hard	Find Median from Data Stream	find-median-from-data-stream	leetcode	https://leetcode.com/problems/find-median-from-data-stream/
Heap (Priority Queue)	Two Heap Pattern	Hard	Meeting Rooms III	meeting-rooms-iii	leetcode	https://leetcode.com/problems/meeting-rooms-iii/
Heap (Priority Queue)	Two Heap Pattern	Hard	Time to Cross a Bridge	time-to-cross-a-bridge	leetcode	https://leetcode.com/problems/time-to-cross-a-bridge/
Tries	Introductory Questions	Medium	Implement Trie (Prefix Tree)	implement-trie-prefix-tree	leetcode	https://leetcode.com/problems/implement-trie-prefix-tree/
Tries	Introductory Questions	Hard	Trie Delete		gfg	https://www.geeksforgeeks.org/problems/trie-delete/1
Tries	Introductory Questions	Medium	Design Add and Search Words Data Structure	design-add-and-search-words-data-structure	leetcode	https://leetcode.com/problems/design-add-and-search-words-data-structure/
Tries	Introductory Questions	Medium	Map Sum Pairs	map-sum-pairs	leetcode	https://leetcode.com/problems/map-sum-pairs/
Tries	Trie with Bit Manipulation	Hard	Maximum XOR of Two Numbers in an Array	maximum-xor-of-two-numbers-in-an-array	leetcode	https://leetcode.com/problems/maximum-xor-of-two-numbers-in-an-array/
Tries	Trie with Bit Manipulation	Hard	Minimum XOR Value Pair		gfg	https://www.geeksforgeeks.org/problems/minimum-xor-value-pair/1
Tries	Trie with Bit Manipulation	Hard	Maximum XOR With an Element From Array	maximum-xor-with-an-element-from-array	leetcode	https://leetcode.com/problems/maximum-xor-with-an-element-from-array/
Tries	Trie with Bit Manipulation	Hard	Count Pairs With XOR in a Range	count-pairs-with-xor-in-a-range	leetcode	https://leetcode.com/problems/count-pairs-with-xor-in-a-range/
Tries	Trie with Bit Manipulation	Hard	Maximum Strong Pair XOR II	maximum-strong-pair-xor-ii	leetcode	https://leetcode.com/problems/maximum-strong-pair-xor-ii/
Tries	Trie involving String	Medium	Longest Common Prefix	longest-common-prefix	leetcode	https://leetcode.com/problems/longest-common-prefix/
Tries	Trie involving String	Medium	Find the Length of the Longest Common Prefix	find-the-length-of-the-longest-common-prefix	leetcode	https://leetcode.com/problems/find-the-length-of-the-longest-common-prefix/
Tries	Trie involving String	Medium	Search Suggestions System	search-suggestions-system	leetcode	https://leetcode.com/problems/search-suggestions-system/
Tries	Trie involving String	Hard	Sum of Prefix Scores of Strings	sum-of-prefix-scores-of-strings	leetcode	https://leetcode.com/problems/sum-of-prefix-scores-of-strings/
Tries	Trie involving String	Hard	Prefix and Suffix Search	prefix-and-suffix-search	leetcode	https://leetcode.com/problems/prefix-and-suffix-search/
Tries	Trie involving String	Hard	Longest Common Suffix Queries	longest-common-suffix-queries	leetcode	https://leetcode.com/problems/longest-common-suffix-queries/
Tries	Trie involving String	Hard	Count Prefix and Suffix Pairs II	count-prefix-and-suffix-pairs-ii	leetcode	https://leetcode.com/problems/count-prefix-and-suffix-pairs-ii/
Tries	Trie involving String	Hard	Stream of Characters	stream-of-characters	leetcode	https://leetcode.com/problems/stream-of-characters/
Tries	Trie involving String	Medium	Extra Characters in a String	extra-characters-in-a-string	leetcode	https://leetcode.com/problems/extra-characters-in-a-string/
Tries	Trie involving String	Medium	Implement Magic Dictionary	implement-magic-dictionary	leetcode	https://leetcode.com/problems/implement-magic-dictionary/
Tries	Trie involving String	Medium	Number of Matching Subsequences	number-of-matching-subsequences	leetcode	https://leetcode.com/problems/number-of-matching-subsequences/
Tries	Trie involving String	Medium	Camelcase Matching	camelcase-matching	leetcode	https://leetcode.com/problems/camelcase-matching/
Tries	Trie involving String	Medium	Short Encoding of Words	short-encoding-of-words	leetcode	https://leetcode.com/problems/short-encoding-of-words/
Tries	Trie involving String	Hard	Encrypt and Decrypt Strings	encrypt-and-decrypt-strings	leetcode	https://leetcode.com/problems/encrypt-and-decrypt-strings/
Tries	Trie involving String	Medium	Longest Word in Dictionary	longest-word-in-dictionary	leetcode	https://leetcode.com/problems/longest-word-in-dictionary/description/
Tries	Trie involving String	Hard	Construct String With Minimum Cost	construct-string-with-minimum-cost	leetcode	https://leetcode.com/problems/construct-string-with-minimum-cost/description/
Tries	Trie involving Recursion	Medium	Shortest Uncommon Substring in an Array	shortest-uncommon-substring-in-an-array	leetcode	https://leetcode.com/problems/shortest-uncommon-substring-in-an-array/
Tries	Trie involving Recursion	Medium	Word Break	word-break	leetcode	https://leetcode.com/problems/word-break/
Tries	Trie involving Recursion	Hard	Word Break II	word-break-ii	leetcode	https://leetcode.com/problems/word-break-ii/
Tries	Trie involving Recursion	Hard	Word Search II	word-search-ii	leetcode	https://leetcode.com/problems/word-search-ii/
Tries	Trie involving Recursion	Hard	Palindrome Pairs	palindrome-pairs	leetcode	https://leetcode.com/problems/palindrome-pairs/
Tries	Trie involving File System	Hard	Remove Sub-Folders from the Filesystem	remove-sub-folders-from-the-filesystem	leetcode	https://leetcode.com/problems/remove-sub-folders-from-the-filesystem/
Tries	Trie involving File System	Medium	Delete Duplicate Folders in System	delete-duplicate-folders-in-system	leetcode	https://leetcode.com/problems/delete-duplicate-folders-in-system/
Greedy	Part I	Easy	Maximum 69 Number	maximum-69-number	leetcode	https://leetcode.com/problems/maximum-69-number/description/
Greedy	Part I	Easy	Maximum Sum with Exactly K Elements	maximum-sum-with-exactly-k-elements	leetcode	https://leetcode.com/problems/maximum-sum-with-exactly-k-elements/description/
Greedy	Part I	Easy	Minimum Time to Type Word Using Special Typewriter	minimum-time-to-type-word-using-special-typewriter	leetcode	https://leetcode.com/problems/minimum-time-to-type-word-using-special-typewriter/description/
Greedy	Part I	Easy	Minimum Operations to Make the Array Increasing	minimum-operations-to-make-the-array-increasing	leetcode	https://leetcode.com/problems/minimum-operations-to-make-the-array-increasing/description/
Greedy	Part I	Easy	Minimum Number of Operations to Convert Time	minimum-number-of-operations-to-convert-time	leetcode	https://leetcode.com/problems/minimum-number-of-operations-to-convert-time/description/
Greedy	Part I	Easy	Assign Cookies	assign-cookies	leetcode	https://leetcode.com/problems/assign-cookies/
Greedy	Part I	Easy	Play with Chips	play-with-chips	leetcode	https://leetcode.com/problems/play-with-chips/
Greedy	Part I	Medium	Jump Game	jump-game	leetcode	https://leetcode.com/problems/jump-game/
Greedy	Part I	Medium	Jump Game II	jump-game-ii	leetcode	https://leetcode.com/problems/jump-game-ii/
Greedy	Part I	Medium	Wiggle Subsequence	wiggle-subsequence	leetcode	https://leetcode.com/problems/wiggle-subsequence/
Greedy	Part I	Medium	Cinema Seat Allocation	cinema-seat-allocation	leetcode	https://leetcode.com/problems/cinema-seat-allocation/
Greedy	Part I	Medium	Advantage Shuffle	advantage-shuffle	leetcode	https://leetcode.com/problems/advantage-shuffle/
Greedy	Part I	Medium	Minimum Score by Changing Two Elements	minimum-score-by-changing-two-elements	leetcode	https://leetcode.com/problems/minimum-score-by-changing-two-elements/
Greedy	Part I	Medium	Minimum Operations to Make Array Equal II	minimum-operations-to-make-array-equal-ii	leetcode	https://leetcode.com/problems/minimum-operations-to-make-array-equal-ii/
Greedy	Part I	Medium	Mice and Cheese	mice-and-cheese	leetcode	https://leetcode.com/problems/mice-and-cheese/
Greedy	Part I	Medium	Minimum Seconds to Equalize a Circular Array	minimum-seconds-to-equalize-a-circular-array	leetcode	https://leetcode.com/problems/minimum-seconds-to-equalize-a-circular-array/
Greedy	Part I	Medium	Maximum Bags with Full Capacity of Rocks	maximum-bags-with-full-capacity-of-rocks	leetcode	https://leetcode.com/problems/maximum-bags-with-full-capacity-of-rocks/
Greedy	Part I	Medium	Minimize Maximum of Array	minimize-maximum-of-array	leetcode	https://leetcode.com/problems/minimize-maximum-of-array/
Greedy	Part I	Medium	Minimum Platforms		gfg	https://www.geeksforgeeks.org/problems/minimum-platforms-1587115620/1
Greedy	Part I	Medium	Fractional Knapsack		gfg	https://www.geeksforgeeks.org/problems/fractional-knapsack-1587115620/1
Greedy	Part I	Medium	Activity Selection		gfg	https://www.geeksforgeeks.org/problems/activity-selection-1587115620/1
Greedy	Part I	Medium	Job Sequencing Problem		gfg	https://www.geeksforgeeks.org/problems/job-sequencing-problem-1587115620/1
Greedy	Part I	Medium	Non-Overlapping Intervals	non-overlapping-intervals	leetcode	https://leetcode.com/problems/non-overlapping-intervals/description/
Greedy	Part I	Medium	Divide Intervals into Minimum Number of Groups	divide-intervals-into-minimum-number-of-groups	leetcode	https://leetcode.com/problems/divide-intervals-into-minimum-number-of-groups/description/
Greedy	Part I	Medium	Task Scheduler	task-scheduler	leetcode	https://leetcode.com/problems/task-scheduler/
Greedy	Part I	Hard	Minimum Number of Operations to Make Arrays Similar	minimum-number-of-operations-to-make-arrays-similar	leetcode	https://leetcode.com/problems/minimum-number-of-operations-to-make-arrays-similar/description/
Greedy	Part I	Hard	Minimum Cost for Cutting Cake II	minimum-cost-for-cutting-cake-ii	leetcode	https://leetcode.com/problems/minimum-cost-for-cutting-cake-ii/description/
Greedy	Part I	Hard	Patching Array	patching-array	leetcode	https://leetcode.com/problems/patching-array/description/
Greedy	Part I	Hard	Reverse Subarray to Maximize Array Value	reverse-subarray-to-maximize-array-value	leetcode	https://leetcode.com/problems/reverse-subarray-to-maximize-array-value/description/
Greedy	Part I	Hard	Super Washing Machines	super-washing-machines	leetcode	https://leetcode.com/problems/super-washing-machines/description/
Greedy	Part I	Hard	Minimum Cost to Equalize Array	minimum-cost-to-equalize-array	leetcode	https://leetcode.com/problems/minimum-cost-to-equalize-array/description/
Greedy	Part I	Medium	Optimal Partition of String	optimal-partition-of-string	leetcode	https://leetcode.com/problems/optimal-partition-of-string/
Greedy	Part I	Medium	Minimum Swaps to Make Strings Equal	minimum-swaps-to-make-strings-equal	leetcode	https://leetcode.com/problems/minimum-swaps-to-make-strings-equal/
Greedy	Part I	Hard	Maximum Number of Non-Overlapping Substrings	maximum-number-of-non-overlapping-substrings	leetcode	https://leetcode.com/problems/maximum-number-of-non-overlapping-substrings/description/
Greedy	Part I	Hard	Lexicographically Smallest Beautiful String	lexicographically-smallest-beautiful-string	leetcode	https://leetcode.com/problems/lexicographically-smallest-beautiful-string/description/
Greedy	Part I	Hard	Count K-Subsequences of a String with Maximum Beauty	count-k-subsequences-of-a-string-with-maximum-beauty	leetcode	https://leetcode.com/problems/count-k-subsequences-of-a-string-with-maximum-beauty/description/
Greedy	Part I	Medium	Bag of Tokens	bag-of-tokens	leetcode	https://leetcode.com/problems/bag-of-tokens/
Greedy	Part I	Medium	Boats to Save People	boats-to-save-people	leetcode	https://leetcode.com/problems/boats-to-save-people/
Greedy	Part I	Medium	Maximum Matching of Players with Trainers	maximum-matching-of-players-with-trainers	leetcode	https://leetcode.com/problems/maximum-matching-of-players-with-trainers/
Greedy	Part I	Hard	Candy	candy	leetcode	https://leetcode.com/problems/candy/
Greedy	Part II	Easy	Lemonade Change	lemonade-change	leetcode	https://leetcode.com/problems/lemonade-change/
Greedy	Part II	Medium	Gas Station	gas-station	leetcode	https://leetcode.com/problems/gas-station/
Greedy	Part II	Medium	Group the People Given the Group Size They Belong To	group-the-people-given-the-group-size-they-belong-to	leetcode	https://leetcode.com/problems/group-the-people-given-the-group-size-they-belong-to/
Greedy	Part II	Medium	Divide Array in Sets of K Consecutive Numbers	divide-array-in-sets-of-k-consecutive-numbers	leetcode	https://leetcode.com/problems/divide-array-in-sets-of-k-consecutive-numbers/
Greedy	Part II	Medium	Previous Permutation with One Swap	previous-permutation-with-one-swap	leetcode	https://leetcode.com/problems/previous-permutation-with-one-swap/
Greedy	Part II	Medium	Partition Labels	partition-labels	leetcode	https://leetcode.com/problems/partition-labels/
Greedy	Part II	Medium	Construct K Palindrome Strings	construct-k-palindrome-strings	leetcode	https://leetcode.com/problems/construct-k-palindrome-strings/
Greedy	Part II	Medium	Reorganize String	reorganize-string	leetcode	https://leetcode.com/problems/reorganize-string/
Greedy	Part II	Medium	String Without AAA or BBB	string-without-aaa-or-bbb	leetcode	https://leetcode.com/problems/string-without-aaa-or-bbb/
Greedy	Part II	Medium	Check If a String Can Break Another String	check-if-a-string-can-break-another-string	leetcode	https://leetcode.com/problems/check-if-a-string-can-break-another-string/
Greedy	Part II	Medium	Remove Duplicate Letters	remove-duplicate-letters	leetcode	https://leetcode.com/problems/remove-duplicate-letters/
Greedy	Part II	Medium	Largest Merge of Two Strings	largest-merge-of-two-strings	leetcode	https://leetcode.com/problems/largest-merge-of-two-strings/description/
Greedy	Part II	Medium	Shortest String That Contains Three Strings	shortest-string-that-contains-three-strings	leetcode	https://leetcode.com/problems/shortest-string-that-contains-three-strings/
Greedy	Part II	Medium	Lexicographically Smallest String After Substring Operation	lexicographically-smallest-string-after-substring-operation	leetcode	https://leetcode.com/problems/lexicographically-smallest-string-after-substring-operation/
Greedy	Part II	Medium	Minimum Rounds to Complete All Tasks	minimum-rounds-to-complete-all-tasks	leetcode	https://leetcode.com/problems/minimum-rounds-to-complete-all-tasks/description/
Greedy	Part II	Medium	Number of Burgers with No Waste of Ingredients	number-of-burgers-with-no-waste-of-ingredients	leetcode	https://leetcode.com/problems/number-of-burgers-with-no-waste-of-ingredients/
Greedy	Part II	Medium	Queue Reconstruction by Height	queue-reconstruction-by-height	leetcode	https://leetcode.com/problems/queue-reconstruction-by-height/
Greedy	Part II	Medium	Car Pooling	car-pooling	leetcode	https://leetcode.com/problems/car-pooling/
Dynamic Programming Level 1	Linear DP	Easy	Climbing Stairs	climbing-stairs	leetcode	https://leetcode.com/problems/climbing-stairs/
Dynamic Programming Level 1	Linear DP	Easy	Min Cost Climbing Stairs	min-cost-climbing-stairs	leetcode	https://leetcode.com/problems/min-cost-climbing-stairs/
Dynamic Programming Level 1	Linear DP	Medium	Perfect Squares	perfect-squares	leetcode	https://leetcode.com/problems/perfect-squares/
Dynamic Programming Level 1	Linear DP	Medium	Decode Ways	decode-ways	leetcode	https://leetcode.com/problems/decode-ways/
Dynamic Programming Level 1	Linear DP	Medium	Unique Binary Search Trees	unique-binary-search-trees	leetcode	https://leetcode.com/problems/unique-binary-search-trees/
Dynamic Programming Level 1	Linear DP	Medium	House Robber	house-robber	leetcode	https://leetcode.com/problems/house-robber/
Dynamic Programming Level 1	Linear DP	Medium	Coin Change	coin-change	leetcode	https://leetcode.com/problems/coin-change/
Dynamic Programming Level 1	Linear DP	Easy	Best Time to Buy and Sell Stock	best-time-to-buy-and-sell-stock	leetcode	https://leetcode.com/problems/best-time-to-buy-and-sell-stock/
Dynamic Programming Level 1	Linear DP	Medium	Minimum Cost For Tickets	minimum-cost-for-tickets	leetcode	https://leetcode.com/problems/minimum-cost-for-tickets/
Dynamic Programming Level 1	Linear DP	Medium	Delete and Earn	delete-and-earn	leetcode	https://leetcode.com/problems/delete-and-earn/
Dynamic Programming Level 1	Linear DP	Medium	Maximum Total Damage With Spell Casting	maximum-total-damage-with-spell-casting	leetcode	https://leetcode.com/problems/maximum-total-damage-with-spell-casting/description/
Dynamic Programming Level 1	Linear DP	Medium	Arithmetic Slices	arithmetic-slices	leetcode	https://leetcode.com/problems/arithmetic-slices/
Dynamic Programming Level 1	Linear DP	Medium	Longest Arithmetic Subsequence of Given Difference	longest-arithmetic-subsequence-of-given-difference	leetcode	https://leetcode.com/problems/longest-arithmetic-subsequence-of-given-difference/description/
Dynamic Programming Level 1	Linear DP	Medium	Partition Array for Maximum Sum	partition-array-for-maximum-sum	leetcode	https://leetcode.com/problems/partition-array-for-maximum-sum/description/
Dynamic Programming Level 1	Linear DP	Hard	Maximize Consecutive Elements in an Array After Modification		unknown	Maximize Consecutive Elements in an Array After Modification
Dynamic Programming Level 1	2 Dimensional DP	Medium	Coin Change II	coin-change-ii	leetcode	https://leetcode.com/problems/coin-change-ii/description/
Dynamic Programming Level 1	2 Dimensional DP	Medium	Knight Dialer	knight-dialer	leetcode	https://leetcode.com/problems/knight-dialer/
Dynamic Programming Level 1	2 Dimensional DP	Medium	Partition Equal Subset Sum	partition-equal-subset-sum	leetcode	https://leetcode.com/problems/partition-equal-subset-sum/description/
Dynamic Programming Level 1	2 Dimensional DP	Medium	Triangle	triangle	leetcode	https://leetcode.com/problems/triangle/
Dynamic Programming Level 1	2 Dimensional DP	Hard	Student Attendance Record Leetcode	student-attendance-record-ii	leetcode	https://leetcode.com/problems/student-attendance-record-ii/description/
Dynamic Programming Level 1	2 Dimensional DP	Hard	Find the Maximum Length of a Good Subsequence II	find-the-maximum-length-of-a-good-subsequence-ii	leetcode	https://leetcode.com/problems/find-the-maximum-length-of-a-good-subsequence-ii/description/
Dynamic Programming Level 1	2 Dimensional DP	Hard	K Inverse Pairs Array	k-inverse-pairs-array	leetcode	https://leetcode.com/problems/k-inverse-pairs-array/
Dynamic Programming Level 1	2 Dimensional DP	Medium	Combination Sum IV	combination-sum-iv	leetcode	https://leetcode.com/problems/combination-sum-iv/
Dynamic Programming Level 1	2 Dimensional DP	Medium	Largest Sum of Averages	largest-sum-of-averages	leetcode	https://leetcode.com/problems/largest-sum-of-averages/
Dynamic Programming Level 1	2 Dimensional DP	Medium	Longest Arithmetic Subsequence	longest-arithmetic-subsequence	leetcode	https://leetcode.com/problems/longest-arithmetic-subsequence/
Dynamic Programming Level 1	2 Dimensional DP	Medium	Number of Dice Rolls With Target Sum	number-of-dice-rolls-with-target-sum	leetcode	https://leetcode.com/problems/number-of-dice-rolls-with-target-sum/
Dynamic Programming Level 1	2 Dimensional DP	Medium	Dice Roll Simulation	dice-roll-simulation	leetcode	https://leetcode.com/problems/dice-roll-simulation/
Dynamic Programming Level 1	2 Dimensional DP	Hard	Number of Strings Which Can Be Rearranged to Contain Substring	number-of-strings-which-can-be-rearranged-to-contain-substring	leetcode	https://leetcode.com/problems/number-of-strings-which-can-be-rearranged-to-contain-substring/description/
Dynamic Programming Level 1	2 Dimensional DP	Hard	Frog Jump	frog-jump	leetcode	https://leetcode.com/problems/frog-jump/
Dynamic Programming Level 1	2 Dimensional DP	Hard	Best Time to Buy and Sell Stock II	best-time-to-buy-and-sell-stock-ii	leetcode	https://leetcode.com/problems/best-time-to-buy-and-sell-stock-ii/description/
Dynamic Programming Level 1	2 Dimensional DP	Hard	Best Time to Buy and Sell Stock III	best-time-to-buy-and-sell-stock-iii	leetcode	https://leetcode.com/problems/best-time-to-buy-and-sell-stock-iii/description/
Dynamic Programming Level 1	2 Dimensional DP	Hard	Best Time to Buy and Sell Stock IV	best-time-to-buy-and-sell-stock-iv	leetcode	https://leetcode.com/problems/best-time-to-buy-and-sell-stock-iv/
Dynamic Programming Level 1	2 Dimensional DP	Hard	Freedom Trail	freedom-trail	leetcode	https://leetcode.com/problems/freedom-trail/
Dynamic Programming Level 1	2 Dimensional DP	Hard	Number of Music Playlists	number-of-music-playlists	leetcode	https://leetcode.com/problems/number-of-music-playlists/
Dynamic Programming Level 1	2 Dimensional DP	Hard	Count Vowels Permutation	count-vowels-permutation	leetcode	https://leetcode.com/problems/count-vowels-permutation/
Dynamic Programming Level 1	2 Dimensional DP	Medium	Best Time to Buy and Sell Stock with Transaction Fee	best-time-to-buy-and-sell-stock-with-transaction-fee	leetcode	https://leetcode.com/problems/best-time-to-buy-and-sell-stock-with-transaction-fee/
Dynamic Programming Level 1	2 Dimensional DP	Hard	Minimum Distance to Type a Word Using Two Fingers	minimum-distance-to-type-a-word-using-two-fingers	leetcode	https://leetcode.com/problems/minimum-distance-to-type-a-word-using-two-fingers/
Dynamic Programming Level 1	2 Dimensional DP	Hard	Minimum Difficulty of a Job Schedule	minimum-difficulty-of-a-job-schedule	leetcode	https://leetcode.com/problems/minimum-difficulty-of-a-job-schedule/
Dynamic Programming Level 1	2 Dimensional DP	Medium	Best Time to Buy and Sell Stock with Cooldown	best-time-to-buy-and-sell-stock-with-cooldown	leetcode	https://leetcode.com/problems/best-time-to-buy-and-sell-stock-with-cooldown/
Dynamic Programming Level 1	2 Dimensional DP	Hard	Number of Ways to Paint N \xd7 3 Grid	number-of-ways-to-paint-n-3-grid	leetcode	https://leetcode.com/problems/number-of-ways-to-paint-n-3-grid/
Dynamic Programming Level 1	2 Dimensional DP	Hard	Build Array Where You Can Find The Maximum Exactly K Comparisons	build-array-where-you-can-find-the-maximum-exactly-k-comparisons	leetcode	https://leetcode.com/problems/build-array-where-you-can-find-the-maximum-exactly-k-comparisons/
Dynamic Programming Level 1	2 Dimensional DP	Hard	Number of Ways of Cutting a Pizza	number-of-ways-of-cutting-a-pizza	leetcode	https://leetcode.com/problems/number-of-ways-of-cutting-a-pizza/
Dynamic Programming Level 1	2 Dimensional DP	Hard	Paint House III	paint-house-iii	leetcode	https://leetcode.com/problems/paint-house-iii/
Dynamic Programming Level 1	2 Dimensional DP	Hard	Count All Possible Routes	count-all-possible-routes	leetcode	https://leetcode.com/problems/count-all-possible-routes/
Dynamic Programming Level 1	DP On Grid	Medium	Geek's Training		gfg	https://www.geeksforgeeks.org/problems/geeks-training/1
Dynamic Programming Level 1	DP On Grid	Medium	Unique Paths	unique-paths	leetcode	https://leetcode.com/problems/unique-paths/
Dynamic Programming Level 1	DP On Grid	Medium	Unique Paths II	unique-paths-ii	leetcode	https://leetcode.com/problems/unique-paths-ii/
Dynamic Programming Level 1	DP On Grid	Medium	Minimum Path Sum	minimum-path-sum	leetcode	https://leetcode.com/problems/minimum-path-sum/
Dynamic Programming Level 1	DP On Grid	Medium	Maximum Non Negative Product in a Matrix	maximum-non-negative-product-in-a-matrix	leetcode	https://leetcode.com/problems/maximum-non-negative-product-in-a-matrix/
Dynamic Programming Level 1	DP On Grid	Medium	Maximum Difference Score in a Grid	maximum-difference-score-in-a-grid	leetcode	https://leetcode.com/problems/maximum-difference-score-in-a-grid/description/
Dynamic Programming Level 1	DP On Grid	Medium	Minimum Number of Operations to Satisfy Conditions	minimum-number-of-operations-to-satisfy-conditions	leetcode	https://leetcode.com/problems/minimum-number-of-operations-to-satisfy-conditions/description/
Dynamic Programming Level 1	DP On Grid	Medium	Maximum Number of Moves in a Grid	maximum-number-of-moves-in-a-grid	leetcode	https://leetcode.com/problems/maximum-number-of-moves-in-a-grid/description/
Dynamic Programming Level 1	DP On Grid	Medium	Where Will the Ball Fall	where-will-the-ball-fall	leetcode	https://leetcode.com/problems/where-will-the-ball-fall/
Dynamic Programming Level 1	DP On Grid	Hard	Dungeon Game	dungeon-game	leetcode	https://leetcode.com/problems/dungeon-game/
Dynamic Programming Level 1	DP On Grid	Hard	Cherry Pickup	cherry-pickup	leetcode	https://leetcode.com/problems/cherry-pickup/
Dynamic Programming Level 1	DP On Grid	Hard	Number of Paths with Max Score	number-of-paths-with-max-score	leetcode	https://leetcode.com/problems/number-of-paths-with-max-score/
Dynamic Programming Level 1	DP On Grid	Hard	Cherry Pickup II	cherry-pickup-ii	leetcode	https://leetcode.com/problems/cherry-pickup-ii/
Dynamic Programming Level 1	DP On Grid	Hard	Minimum Falling Path Sum II	minimum-falling-path-sum-ii	leetcode	https://leetcode.com/problems/minimum-falling-path-sum-ii/
Dynamic Programming Level 1	DP On Grid	Medium	Out of Boundary Paths	out-of-boundary-paths	leetcode	https://leetcode.com/problems/out-of-boundary-paths/
Dynamic Programming Level 1	DP On Grid	Medium	Minimum Falling Path Sum	minimum-falling-path-sum	leetcode	https://leetcode.com/problems/minimum-falling-path-sum/
Dynamic Programming Level 1	Knapsack DP	Medium	Knapsack - 1		atcoder	https://atcoder.jp/contests/dp/tasks/dp_d
Dynamic Programming Level 1	Knapsack DP	Medium	Knapsack - 2		atcoder	https://atcoder.jp/contests/dp/tasks/dp_e
Dynamic Programming Level 1	Knapsack DP	Medium	Ones and Zeroes	ones-and-zeroes	leetcode	https://leetcode.com/problems/ones-and-zeroes/
Dynamic Programming Level 1	Knapsack DP	Medium	Target Sum	target-sum	leetcode	https://leetcode.com/problems/target-sum/
Dynamic Programming Level 1	Knapsack DP	Medium	2 Keys Keyboard	2-keys-keyboard	leetcode	https://leetcode.com/problems/2-keys-keyboard/
Dynamic Programming Level 1	Knapsack DP	Medium	Best Team With No Conflicts	best-team-with-no-conflicts	leetcode	https://leetcode.com/problems/best-team-with-no-conflicts/
Dynamic Programming Level 1	Knapsack DP	Medium	Shopping Offers	shopping-offers	leetcode	https://leetcode.com/problems/shopping-offers/
Dynamic Programming Level 1	Knapsack DP	Medium	Minimum Number of Coins for Fruits	minimum-number-of-coins-for-fruits	leetcode	https://leetcode.com/problems/minimum-number-of-coins-for-fruits/description/
Dynamic Programming Level 1	Knapsack DP	Medium	Last Stone Weight II	last-stone-weight-ii	leetcode	https://leetcode.com/problems/last-stone-weight-ii/
Dynamic Programming Level 1	Knapsack DP	Medium	Rod Cutting		gfg	https://www.geeksforgeeks.org/problems/rod-cutting0840/1
Dynamic Programming Level 1	Knapsack DP	Medium	Filling Bookcase Shelves	filling-bookcase-shelves	leetcode	https://leetcode.com/problems/filling-bookcase-shelves/description/
Dynamic Programming Level 1	Knapsack DP	Medium	Video Stitching	video-stitching	leetcode	https://leetcode.com/problems/video-stitching/
Dynamic Programming Level 1	Knapsack DP	Hard	Maximize Total Cost of Alternating Subarrays	maximize-total-cost-of-alternating-subarrays	leetcode	https://leetcode.com/problems/maximize-total-cost-of-alternating-subarrays/description/
Dynamic Programming Level 1	Knapsack DP	Hard	Pizza With 3n Slices	pizza-with-3n-slices	leetcode	https://leetcode.com/problems/pizza-with-3n-slices/
Dynamic Programming Level 1	Knapsack DP	Hard	Minimum Swaps To Make Sequences Increasing	minimum-swaps-to-make-sequences-increasing	leetcode	https://leetcode.com/problems/minimum-swaps-to-make-sequences-increasing/
Dynamic Programming Level 1	Knapsack DP	Hard	Profitable Schemes	profitable-schemes	leetcode	https://leetcode.com/problems/profitable-schemes/
Dynamic Programming Level 1	Knapsack DP	Hard	Reducing Dishes	reducing-dishes	leetcode	https://leetcode.com/problems/reducing-dishes/
Dynamic Programming Level 1	Knapsack DP	Hard	Find Number of Ways to Reach the K-th Stair	find-number-of-ways-to-reach-the-k-th-stair	leetcode	https://leetcode.com/problems/find-number-of-ways-to-reach-the-k-th-stair/
Dynamic Programming Level 1	Knapsack DP	Hard	Find the Sum of Subsequence Powers	find-the-sum-of-subsequence-powers	leetcode	https://leetcode.com/problems/find-the-sum-of-subsequence-powers/description/
Dynamic Programming Level 1	Knapsack DP	Hard	Count of Sub-Multisets With Bounded Sum	count-of-sub-multisets-with-bounded-sum	leetcode	https://leetcode.com/problems/count-of-sub-multisets-with-bounded-sum/description/
Dynamic Programming Level 1	Longest Increasing Subsequence	Medium	Longest Increasing Subsequence	longest-increasing-subsequence	leetcode	https://leetcode.com/problems/longest-increasing-subsequence/
Dynamic Programming Level 1	Longest Increasing Subsequence	Medium	Printing Longest Increasing Subsequence		gfg	https://www.geeksforgeeks.org/problems/printing-longest-increasing-subsequence/0
Dynamic Programming Level 1	Longest Increasing Subsequence	Medium	Number of Longest Increasing Subsequence	number-of-longest-increasing-subsequence	leetcode	https://leetcode.com/problems/number-of-longest-increasing-subsequence/
Dynamic Programming Level 1	Longest Increasing Subsequence	Medium	Largest Divisible Subset	largest-divisible-subset	leetcode	https://leetcode.com/problems/largest-divisible-subset/
Dynamic Programming Level 1	Longest Increasing Subsequence	Medium	Longest Unequal Adjacent Groups Subsequence II	longest-unequal-adjacent-groups-subsequence-ii	leetcode	https://leetcode.com/problems/longest-unequal-adjacent-groups-subsequence-ii/description/
Dynamic Programming Level 1	Longest Increasing Subsequence	Medium	Max Sum Increasing Subsequence		gfg	https://www.geeksforgeeks.org/problems/maximum-sum-increasing-subsequence4749/1
Dynamic Programming Level 1	Longest Increasing Subsequence	Medium	Find the Maximum Length of Valid Subsequence II	find-the-maximum-length-of-valid-subsequence-ii	leetcode	https://leetcode.com/problems/find-the-maximum-length-of-valid-subsequence-ii/description/
Dynamic Programming Level 1	Longest Increasing Subsequence	Medium	Wiggle Subsequence	wiggle-subsequence	leetcode	https://leetcode.com/problems/wiggle-subsequence/
Dynamic Programming Level 1	Longest Increasing Subsequence	Hard	Find the Count of Monotonic Pairs I	find-the-count-of-monotonic-pairs-i	leetcode	https://leetcode.com/problems/find-the-count-of-monotonic-pairs-i/description/
Dynamic Programming Level 1	Longest Increasing Subsequence	Hard	Russian Doll Envelopes	russian-doll-envelopes	leetcode	https://leetcode.com/problems/russian-doll-envelopes/
Dynamic Programming Level 1	Longest Increasing Subsequence	Hard	Delete Columns to Make Sorted III	delete-columns-to-make-sorted-iii	leetcode	https://leetcode.com/problems/delete-columns-to-make-sorted-iii/
Dynamic Programming Level 1	Longest Increasing Subsequence	Hard	Minimum Number of Removals to Make Mountain Array	minimum-number-of-removals-to-make-mountain-array	leetcode	https://leetcode.com/problems/minimum-number-of-removals-to-make-mountain-array/
Dynamic Programming Level 1	Longest Increasing Subsequence	Hard	Maximum Height by Stacking Cuboids	maximum-height-by-stacking-cuboids	leetcode	https://leetcode.com/problems/maximum-height-by-stacking-cuboids/
Dynamic Programming Level 1	Longest Increasing Subsequence	Hard	Maximum Length of Pair Chain	maximum-length-of-pair-chain	leetcode	https://leetcode.com/problems/maximum-length-of-pair-chain/
Dynamic Programming Level 1	Longest Increasing Subsequence	Hard	Make Array Strictly Increasing	make-array-strictly-increasing	leetcode	https://leetcode.com/problems/make-array-strictly-increasing/
Dynamic Programming Level 1	Longest Common Subsequence	Medium	Longest Common Subsequence	longest-common-subsequence	leetcode	https://leetcode.com/problems/longest-common-subsequence/
Dynamic Programming Level 1	Longest Common Subsequence	Hard	Print all LCS sequences		gfg	https://www.geeksforgeeks.org/problems/print-all-lcs-sequences3413/1
Dynamic Programming Level 1	Longest Common Subsequence	Theory	Count Common Subsequence in Two Strings		gfg	https://www.geeksforgeeks.org/count-common-subsequence-in-two-strings/
Dynamic Programming Level 1	Longest Common Subsequence	Medium	Delete operation for two strings	delete-operation-for-two-strings	leetcode	https://leetcode.com/problems/delete-operation-for-two-strings/description/
Dynamic Programming Level 1	Longest Common Subsequence	Medium	Longest Palindromic Substring	longest-palindromic-substring	leetcode	https://leetcode.com/problems/longest-palindromic-substring/
Dynamic Programming Level 1	Longest Common Subsequence	Medium	Longest Palindromic Subsequence	longest-palindromic-subsequence	leetcode	https://leetcode.com/problems/longest-palindromic-subsequence/
Dynamic Programming Level 1	Longest Common Subsequence	Medium	Maximum Length of Repeated Subarray	maximum-length-of-repeated-subarray	leetcode	https://leetcode.com/problems/maximum-length-of-repeated-subarray/
Dynamic Programming Level 1	Longest Common Subsequence	Medium	Edit Distance	edit-distance	leetcode	https://leetcode.com/problems/edit-distance/
Dynamic Programming Level 1	Longest Common Subsequence	Medium	Interleaving String	interleaving-string	leetcode	https://leetcode.com/problems/interleaving-string/
Dynamic Programming Level 1	Longest Common Subsequence	Hard	Regular Expression Matching	regular-expression-matching	leetcode	https://leetcode.com/problems/regular-expression-matching/
Dynamic Programming Level 1	Longest Common Subsequence	Hard	Wildcard Matching	wildcard-matching	leetcode	https://leetcode.com/problems/wildcard-matching/
Dynamic Programming Level 1	Longest Common Subsequence	Hard	Shortest Common Supersequence	shortest-common-supersequence	leetcode	https://leetcode.com/problems/shortest-common-supersequence/
Dynamic Programming Level 1	Longest Common Subsequence	Hard	Minimum Insertion Steps to Make a String Palindrome	minimum-insertion-steps-to-make-a-string-palindrome	leetcode	https://leetcode.com/problems/minimum-insertion-steps-to-make-a-string-palindrome/
Dynamic Programming Level 1	Longest Common Subsequence	Hard	Max Dot Product of Two Subsequences	max-dot-product-of-two-subsequences	leetcode	https://leetcode.com/problems/max-dot-product-of-two-subsequences/
Dynamic Programming Level 1	DP on String	Medium	Minimum Substring Partition of Equal Character Frequency	minimum-substring-partition-of-equal-character-frequency	leetcode	https://leetcode.com/problems/minimum-substring-partition-of-equal-character-frequency/description/
Dynamic Programming Level 1	DP on String	Medium	Apply Operations to Make Two Strings Equal	apply-operations-to-make-two-strings-equal	leetcode	https://leetcode.com/problems/apply-operations-to-make-two-strings-equal/description/
Dynamic Programming Level 1	DP on String	Medium	Minimum ASCII Delete Sum for Two Strings	minimum-ascii-delete-sum-for-two-strings	leetcode	https://leetcode.com/problems/minimum-ascii-delete-sum-for-two-strings/
Dynamic Programming Level 1	DP on String	Medium	Word Break	word-break	leetcode	https://leetcode.com/problems/word-break/
Dynamic Programming Level 1	DP on String	Medium	Longest String Chain	longest-string-chain	leetcode	https://leetcode.com/problems/longest-string-chain/
Dynamic Programming Level 1	DP on String	Medium	Unique Substrings in Wraparound String	unique-substrings-in-wraparound-string	leetcode	https://leetcode.com/problems/unique-substrings-in-wraparound-string/
Dynamic Programming Level 1	DP on String	Hard	Longest Valid Parentheses	longest-valid-parentheses	leetcode	https://leetcode.com/problems/longest-valid-parentheses/
Dynamic Programming Level 1	DP on String	Hard	Distinct Subsequences	distinct-subsequences	leetcode	https://leetcode.com/problems/distinct-subsequences/
Dynamic Programming Level 1	DP on String	Hard	Word Break II	word-break-ii	leetcode	https://leetcode.com/problems/word-break-ii/
Dynamic Programming Level 1	DP on String	Hard	Sort an Array	count-the-repetitions	leetcode	https://leetcode.com/problems/count-the-repetitions/
Dynamic Programming Level 1	DP on String	Hard	Concatenated Words	concatenated-words	leetcode	https://leetcode.com/problems/concatenated-words/
Dynamic Programming Level 1	DP on String	Hard	Count Different Palindromic Subsequences	count-different-palindromic-subsequences	leetcode	https://leetcode.com/problems/count-different-palindromic-subsequences/
Dynamic Programming Level 1	DP on String	Hard	Distinct Subsequences II	distinct-subsequences-ii	leetcode	https://leetcode.com/problems/distinct-subsequences-ii/
Dynamic Programming Level 1	DP on String	Hard	Longest Chunked Palindrome Decomposition	longest-chunked-palindrome-decomposition	leetcode	https://leetcode.com/problems/longest-chunked-palindrome-decomposition/
Dynamic Programming Level 1	DP on String	Hard	String Compression II	string-compression-ii	leetcode	https://leetcode.com/problems/string-compression-ii/
Dynamic Programming Level 1	DP on String	Hard	Number of Ways to Form a Target String Given a Dictionary	number-of-ways-to-form-a-target-string-given-a-dictionary	leetcode	https://leetcode.com/problems/number-of-ways-to-form-a-target-string-given-a-dictionary/
Dynamic Programming Level 1	DP on String	Hard	Minimum Changes to Make K Semi-palindromes	minimum-changes-to-make-k-semi-palindromes	leetcode	https://leetcode.com/problems/minimum-changes-to-make-k-semi-palindromes/description/
Dynamic Programming Level 1	Cummulative Sum	Medium	Maximal Square	maximal-square	leetcode	https://leetcode.com/problems/maximal-square/
Dynamic Programming Level 1	Cummulative Sum	Medium	Range Sum Query 2D - Immutable	range-sum-query-2d-immutable	leetcode	https://leetcode.com/problems/range-sum-query-2d-immutable/
Dynamic Programming Level 1	Cummulative Sum	Medium	Largest Plus Sign	largest-plus-sign	leetcode	https://leetcode.com/problems/largest-plus-sign/
Dynamic Programming Level 1	Cummulative Sum	Medium	Largest 1-Bordered Square	largest-1-bordered-square	leetcode	https://leetcode.com/problems/largest-1-bordered-square/
Dynamic Programming Level 1	Cummulative Sum	Medium	Count Square Submatrices with All Ones	count-square-submatrices-with-all-ones	leetcode	https://leetcode.com/problems/count-square-submatrices-with-all-ones/
Dynamic Programming Level 1	Cummulative Sum	Medium	Matrix Block Sum	matrix-block-sum	leetcode	https://leetcode.com/problems/matrix-block-sum/
Dynamic Programming Level 1	Cummulative Sum	Medium	Count Submatrices With All Ones	count-submatrices-with-all-ones	leetcode	https://leetcode.com/problems/count-submatrices-with-all-ones/
Dynamic Programming Level 1	Cummulative Sum	Medium	Ways to Make a Fair Array	ways-to-make-a-fair-array	leetcode	https://leetcode.com/problems/ways-to-make-a-fair-array/
Dynamic Programming Level 1	Cummulative Sum	Hard	Maximal Rectangle	maximal-rectangle	leetcode	https://leetcode.com/problems/maximal-rectangle/
Dynamic Programming Level 1	Cummulative Sum	Hard	Max Sum of Rectangle No Larger Than K	max-sum-of-rectangle-no-larger-than-k	leetcode	https://leetcode.com/problems/max-sum-of-rectangle-no-larger-than-k/
Dynamic Programming Level 1	Cummulative Sum	Hard	Super Washing Machines	super-washing-machines	leetcode	https://leetcode.com/problems/super-washing-machines/
Dynamic Programming Level 1	Cummulative Sum	Hard	Maximum Sum of 3 Non-Overlapping Subarrays	maximum-sum-of-3-non-overlapping-subarrays	leetcode	https://leetcode.com/problems/maximum-sum-of-3-non-overlapping-subarrays/
Dynamic Programming Level 1	Cummulative Sum	Hard	Number of Submatrices That Sum to Target	number-of-submatrices-that-sum-to-target	leetcode	https://leetcode.com/problems/number-of-submatrices-that-sum-to-target/
Dynamic Programming Level 1	Cummulative Sum	Hard	Find the Count of Monotonic Pairs II	find-the-count-of-monotonic-pairs-ii	leetcode	https://leetcode.com/problems/find-the-count-of-monotonic-pairs-ii/description/
Dynamic Programming Level 1	Cummulative Sum	Hard	Get the Maximum Score	get-the-maximum-score	leetcode	https://leetcode.com/problems/get-the-maximum-score/
Dynamic Programming Level 1	Matrix Chain Multiplication	Hard	Matrix Chain Multiplication		gfg	https://www.geeksforgeeks.org/problems/matrix-chain-multiplication0303/1
Dynamic Programming Level 1	Matrix Chain Multiplication	Medium	Guess Number Higher or Lower II	guess-number-higher-or-lower-ii	leetcode	https://leetcode.com/problems/guess-number-higher-or-lower-ii/
Dynamic Programming Level 1	Matrix Chain Multiplication	Medium	Predict the Winner	predict-the-winner	leetcode	https://leetcode.com/problems/predict-the-winner/
Dynamic Programming Level 1	Matrix Chain Multiplication	Medium	Stone Game	stone-game	leetcode	https://leetcode.com/problems/stone-game/
Dynamic Programming Level 1	Matrix Chain Multiplication	Hard	Burst Balloons	burst-balloons	leetcode	https://leetcode.com/problems/burst-balloons/
Dynamic Programming Level 1	Matrix Chain Multiplication	Medium	Minimum Score Triangulation of Polygon	minimum-score-triangulation-of-polygon	leetcode	https://leetcode.com/problems/minimum-score-triangulation-of-polygon/
Dynamic Programming Level 1	Matrix Chain Multiplication	Medium	Minimum Cost Tree From Leaf Values	minimum-cost-tree-from-leaf-values	leetcode	https://leetcode.com/problems/minimum-cost-tree-from-leaf-values/
Dynamic Programming Level 1	Matrix Chain Multiplication	Medium	Partition Array for Maximum Sum	partition-array-for-maximum-sum	leetcode	https://leetcode.com/problems/partition-array-for-maximum-sum/description/
Dynamic Programming Level 1	Matrix Chain Multiplication	Hard	Palindrome Partitioning II	palindrome-partitioning-iii	leetcode	https://leetcode.com/problems/palindrome-partitioning-iii/description/
Dynamic Programming Level 1	Matrix Chain Multiplication	Medium	Stone Game VII	stone-game-vii	leetcode	https://leetcode.com/problems/stone-game-vii/
Dynamic Programming Level 1	Matrix Chain Multiplication	Hard	Remove Boxes	remove-boxes	leetcode	https://leetcode.com/problems/remove-boxes/
Dynamic Programming Level 1	Matrix Chain Multiplication	Hard	Strange Printer	strange-printer	leetcode	https://leetcode.com/problems/strange-printer/
Dynamic Programming Level 1	Matrix Chain Multiplication	Hard	Valid Permutations for DI Sequence	valid-permutations-for-di-sequence	leetcode	https://leetcode.com/problems/valid-permutations-for-di-sequence/
Dynamic Programming Level 1	Matrix Chain Multiplication	Hard	Minimum Cost to Merge Stones	minimum-cost-to-merge-stones	leetcode	https://leetcode.com/problems/minimum-cost-to-merge-stones/
Dynamic Programming Level 1	Matrix Chain Multiplication	Hard	Allocate Mailboxes	allocate-mailboxes	leetcode	https://leetcode.com/problems/allocate-mailboxes/
Dynamic Programming Level 1	Matrix Chain Multiplication	Hard	Minimum Cost to Cut a Stick	minimum-cost-to-cut-a-stick	leetcode	https://leetcode.com/problems/minimum-cost-to-cut-a-stick/
Dynamic Programming Level 1	Matrix Chain Multiplication	Hard	Stone Game V	stone-game-v	leetcode	https://leetcode.com/problems/stone-game-v/
Dynamic Programming Level 1	Matrix Chain Multiplication	Hard	Palindrome Partitioning III	palindrome-partitioning-iii	leetcode	https://leetcode.com/problems/palindrome-partitioning-iii/
Dynamic Programming Level 1	Kadane Algo	Medium	Maximum Subarray	maximum-subarray	leetcode	https://leetcode.com/problems/maximum-subarray/
Dynamic Programming Level 1	Kadane Algo	Medium	Maximum Product Subarray	maximum-product-subarray	leetcode	https://leetcode.com/problems/maximum-product-subarray/
Dynamic Programming Level 1	Kadane Algo	Medium	Bitwise ORs of Subarrays	bitwise-ors-of-subarrays	leetcode	https://leetcode.com/problems/bitwise-ors-of-subarrays/
Dynamic Programming Level 1	Kadane Algo	Medium	Longest Turbulent Subarray	longest-turbulent-subarray	leetcode	https://leetcode.com/problems/longest-turbulent-subarray/
Dynamic Programming Level 1	Kadane Algo	Medium	Maximum Subarray Sum with One Deletion	maximum-subarray-sum-with-one-deletion	leetcode	https://leetcode.com/problems/maximum-subarray-sum-with-one-deletion/
Dynamic Programming Level 1	Kadane Algo	Medium	K-Concatenation Maximum Sum	k-concatenation-maximum-sum	leetcode	https://leetcode.com/problems/k-concatenation-maximum-sum/
Dynamic Programming Level 1	Kadane Algo	Medium	Length of Longest Fibonacci Subsequence	length-of-longest-fibonacci-subsequence	leetcode	https://leetcode.com/problems/length-of-longest-fibonacci-subsequence/
Dynamic Programming Level 2	DP with Bitmask	Medium	Can I Win	can-i-win	leetcode	https://leetcode.com/problems/can-i-win/
Dynamic Programming Level 2	DP with Bitmask	Medium	Partition to K Equal Sum Subsets	partition-to-k-equal-sum-subsets	leetcode	https://leetcode.com/problems/partition-to-k-equal-sum-subsets/
Dynamic Programming Level 2	DP with Bitmask	Hard	Stickers to Spell Word	stickers-to-spell-word	leetcode	https://leetcode.com/problems/stickers-to-spell-word/
Dynamic Programming Level 2	DP with Bitmask	Hard	Smallest Sufficient Team	smallest-sufficient-team	leetcode	https://leetcode.com/problems/smallest-sufficient-team/
Dynamic Programming Level 2	DP with Bitmask	Hard	Maximum Students Taking Exam	maximum-students-taking-exam	leetcode	https://leetcode.com/problems/maximum-students-taking-exam/
Dynamic Programming Level 2	DP with Bitmask	Hard	Number of Ways to Wear Different Hats to Each Other	number-of-ways-to-wear-different-hats-to-each-other	leetcode	https://leetcode.com/problems/number-of-ways-to-wear-different-hats-to-each-other/
Dynamic Programming Level 2	DP with Bitmask	Hard	Minimum Cost to Connect Two Groups of Points	minimum-cost-to-connect-two-groups-of-points	leetcode	https://leetcode.com/problems/minimum-cost-to-connect-two-groups-of-points/
Dynamic Programming Level 2	DP with Bitmask	Hard	Maximum Number of Achievable Transfer Requests	maximum-number-of-achievable-transfer-requests	leetcode	https://leetcode.com/problems/maximum-number-of-achievable-transfer-requests/
Dynamic Programming Level 2	DP with Bitmask	Hard	Little Elephant and T-Shirts		codechef	https://www.codechef.com/problems/TSHIRTS
Dynamic Programming Level 2	DP with Bitmask	Hard	Distribute Repeating Integers	distribute-repeating-integers	leetcode	https://leetcode.com/problems/distribute-repeating-integers/
Dynamic Programming Level 2	DP with Bitmask	Hard	Maximize Grid Happiness	maximize-grid-happiness	leetcode	https://leetcode.com/problems/maximize-grid-happiness/
Dynamic Programming Level 2	DP with Bitmask	Hard	Find Minimum Time to Finish All Jobs	find-minimum-time-to-finish-all-jobs	leetcode	https://leetcode.com/problems/find-minimum-time-to-finish-all-jobs/
Dynamic Programming Level 2	DP with Bitmask	Hard	Minimum Sum of Values by Dividing Array	minimum-sum-of-values-by-dividing-array	leetcode	https://leetcode.com/problems/minimum-sum-of-values-by-dividing-array/description/
Dynamic Programming Level 2	DP with Bitmask	Hard	Shortest Path Visiting All Nodes	shortest-path-visiting-all-nodes	leetcode	https://leetcode.com/problems/shortest-path-visiting-all-nodes/
Dynamic Programming Level 2	DP with Bitmask	Hard	Grouping		atcoder	https://atcoder.jp/contests/dp/tasks/dp_u
Dynamic Programming Level 2	DP with Bitmask	Hard	Matching		atcoder	https://atcoder.jp/contests/dp/tasks/dp_o
Dynamic Programming Level 2	Digit DP	Hard	Counting Numbers		cses	https://cses.fi/problemset/task/2220
Dynamic Programming Level 2	Digit DP	Hard	Non-negative Integers without Consecutive Ones	non-negative-integers-without-consecutive-ones	leetcode	https://leetcode.com/problems/non-negative-integers-without-consecutive-ones/
Dynamic Programming Level 2	Digit DP	Hard	Numbers At Most N Given Digit Set	numbers-at-most-n-given-digit-set	leetcode	https://leetcode.com/problems/numbers-at-most-n-given-digit-set/
Dynamic Programming Level 2	Digit DP	Hard	Numbers With Repeated Digits	numbers-with-repeated-digits	leetcode	https://leetcode.com/problems/numbers-with-repeated-digits/
Dynamic Programming Level 2	Digit DP	Hard	Number of Digit One	number-of-digit-one	leetcode	https://leetcode.com/problems/number-of-digit-one/
Dynamic Programming Level 2	Digit DP	Hard	Number of Beautiful Integers in the Range	number-of-beautiful-integers-in-the-range	leetcode	https://leetcode.com/problems/number-of-beautiful-integers-in-the-range/
Dynamic Programming Level 2	Digit DP	Hard	Count the Number of Powerful Integers	count-the-number-of-powerful-integers	leetcode	https://leetcode.com/problems/count-the-number-of-powerful-integers/description/
Dynamic Programming Level 2	Digit DP	Hard	Find All Good Strings	find-all-good-strings	leetcode	https://leetcode.com/problems/find-all-good-strings/description/
Dynamic Programming Level 2	DP on Trees	Medium	House Robber III	house-robber-iii	leetcode	https://leetcode.com/problems/house-robber-iii/
Dynamic Programming Level 2	DP on Trees	Medium	Longest ZigZag Path in a Binary Tree	longest-zigzag-path-in-a-binary-tree	leetcode	https://leetcode.com/problems/longest-zigzag-path-in-a-binary-tree/
Dynamic Programming Level 2	DP on Trees	Medium	Maximum Score After Applying Operations on a Tree	maximum-score-after-applying-operations-on-a-tree	leetcode	https://leetcode.com/problems/maximum-score-after-applying-operations-on-a-tree/description/
Dynamic Programming Level 2	DP on Trees	Medium	Subordinates		cses	https://cses.fi/problemset/task/1674
Dynamic Programming Level 2	DP on Trees	Hard	Tree Matching		cses	https://cses.fi/problemset/task/1130
Dynamic Programming Level 2	DP on Trees	Hard	Maximum Sum BST in Binary Tree	maximum-sum-bst-in-binary-tree	leetcode	https://leetcode.com/problems/maximum-sum-bst-in-binary-tree/
Dynamic Programming Level 2	DP on Trees	Hard	Number of Ways to Reorder Array to Get Same BST	number-of-ways-to-reorder-array-to-get-same-bst	leetcode	https://leetcode.com/problems/number-of-ways-to-reorder-array-to-get-same-bst/
Dynamic Programming Level 2	DP on Trees	Hard	Maximum Points After Collecting Coins From All Nodes	maximum-points-after-collecting-coins-from-all-nodes	leetcode	https://leetcode.com/problems/maximum-points-after-collecting-coins-from-all-nodes/description/
Dynamic Programming Level 2	DP on Trees	Hard	Sum of Distances in Tree	sum-of-distances-in-tree	leetcode	https://leetcode.com/problems/sum-of-distances-in-tree/description/
Dynamic Programming Level 2	DP on Trees	Hard	Maximum Points After Collecting Coins From All Nodes	maximum-points-after-collecting-coins-from-all-nodes	leetcode	https://leetcode.com/problems/maximum-points-after-collecting-coins-from-all-nodes/description/
Dynamic Programming Level 2	DP on Trees	Hard	Count Paths That Can Form a Palindrome in a Tree	count-paths-that-can-form-a-palindrome-in-a-tree	leetcode	https://leetcode.com/problems/count-paths-that-can-form-a-palindrome-in-a-tree/description/
Dynamic Programming Level 2	DP on Trees	Hard	Find Number of Coins to Place in Tree Nodes	find-number-of-coins-to-place-in-tree-nodes	leetcode	https://leetcode.com/problems/find-number-of-coins-to-place-in-tree-nodes/description/
Dynamic Programming Level 2	DP on Trees	Hard	Minimize the Total Price of the Trips	minimize-the-total-price-of-the-trips	leetcode	https://leetcode.com/problems/minimize-the-total-price-of-the-trips/description/
Dynamic Programming Level 2	DP on Trees	Hard	Tree Distances 1		cses	https://cses.fi/problemset/task/1132
Dynamic Programming Level 2	DP on Trees	Hard	Tree Distances II		cses	https://cses.fi/problemset/task/1133
Dynamic Programming Level 2	DP on Trees	Hard	Company Queries I		cses	https://cses.fi/problemset/task/1687
Dynamic Programming Level 2	DP on Trees	Hard	Company Queries II		cses	https://cses.fi/problemset/task/1688
Dynamic Programming Level 2	DP on Trees	Hard	Distance Queries		cses	https://cses.fi/problemset/task/1135
Dynamic Programming Level 2	DP with Math	Medium	Ugly Number II	ugly-number-ii	leetcode	https://leetcode.com/problems/ugly-number-ii/
Dynamic Programming Level 2	DP with Math	Medium	Count Sorted Vowel Strings	count-sorted-vowel-strings	leetcode	https://leetcode.com/problems/count-sorted-vowel-strings/
Dynamic Programming Level 2	DP with Math	Hard	Race Car	race-car	leetcode	https://leetcode.com/problems/race-car/
Dynamic Programming Level 2	DP with Math	Hard	Super Egg Drop	super-egg-drop	leetcode	https://leetcode.com/problems/super-egg-drop/
Dynamic Programming Level 2	DP with Math	Hard	Least Operators to Express Number	least-operators-to-express-number	leetcode	https://leetcode.com/problems/least-operators-to-express-number/
Dynamic Programming Level 2	DP with Math	Hard	Largest Multiple of Three	largest-multiple-of-three	leetcode	https://leetcode.com/problems/largest-multiple-of-three/
Dynamic Programming Level 2	DP with Math	Hard	Kth Smallest Instructions	kth-smallest-instructions	leetcode	https://leetcode.com/problems/kth-smallest-instructions/
Dynamic Programming Level 2	DP with Math	Medium	Number of Sets of K Non-Overlapping Line Segments	number-of-sets-of-k-non-overlapping-line-segments	leetcode	https://leetcode.com/problems/number-of-sets-of-k-non-overlapping-line-segments/
Dynamic Programming Level 2	DP with Math	Medium	Domino and Tromino Tiling	domino-and-tromino-tiling	leetcode	https://leetcode.com/problems/domino-and-tromino-tiling/
Dynamic Programming Level 2	DP with Math	Medium	Count Numbers with Unique Digits	count-numbers-with-unique-digits	leetcode	https://leetcode.com/problems/count-numbers-with-unique-digits/
Dynamic Programming Level 2	DP with Math	Hard	Minimum One Bit Operations to Make Integers Zero	minimum-one-bit-operations-to-make-integers-zero	leetcode	https://leetcode.com/problems/minimum-one-bit-operations-to-make-integers-zero/
Dynamic Programming Level 2	DP with Math	Hard	Find All Possible Stable Binary Arrays II	find-all-possible-stable-binary-arrays-ii	leetcode	https://leetcode.com/problems/find-all-possible-stable-binary-arrays-ii/description/
Dynamic Programming Level 2	DP with Math	Hard	Counting Tilings		cses	https://cses.fi/problemset/task/2181
Dynamic Programming Level 2	Dp with Probability	Medium	Soup Servings	soup-servings	leetcode	https://leetcode.com/problems/soup-servings/
Dynamic Programming Level 2	Dp with Probability	Medium	New 21 Game	new-21-game	leetcode	https://leetcode.com/problems/new-21-game/
Dynamic Programming Level 2	Dp with Probability	Medium	Airplane Seat Assignment Probability	airplane-seat-assignment-probability	leetcode	https://leetcode.com/problems/airplane-seat-assignment-probability/
Dynamic Programming Level 2	Dp with Probability	Medium	Knight Probability in Chessboard	knight-probability-in-chessboard	leetcode	https://leetcode.com/problems/knight-probability-in-chessboard/
Dynamic Programming Level 2	Dp with Probability	Medium	Champagne Tower	champagne-tower	leetcode	https://leetcode.com/problems/champagne-tower/
Dynamic Programming Level 2	Dp with Probability	Hard	Sushi		atcoder	https://atcoder.jp/contests/dp/tasks/dp_j
Dynamic Programming Level 2	Dp with Probability	Hard	Coins		atcoder	https://atcoder.jp/contests/dp/tasks/dp_i
Dynamic Programming Level 2	Dp with Probability	Hard	Probability of a Two Boxes Having the Same Number of Distinct Balls	probability-of-a-two-boxes-having-the-same-number-of-distinct-balls	leetcode	https://leetcode.com/problems/probability-of-a-two-boxes-having-the-same-number-of-distinct-balls/description/
Binary Search Tree	Basic Operations	Easy	Search in a Binary Search Tree	search-in-a-binary-search-tree	leetcode	https://leetcode.com/problems/search-in-a-binary-search-tree/
Binary Search Tree	Basic Operations	Medium	Insert into a Binary Search Tree	insert-into-a-binary-search-tree	leetcode	https://leetcode.com/problems/insert-into-a-binary-search-tree/
Binary Search Tree	Basic Operations	Medium	Delete Node in a BST	delete-node-in-a-bst	leetcode	https://leetcode.com/problems/delete-node-in-a-bst/
Binary Search Tree	Construction of BST	Easy	Convert Sorted Array to Binary Search Tree	convert-sorted-array-to-binary-search-tree	leetcode	https://leetcode.com/problems/convert-sorted-array-to-binary-search-tree/
Binary Search Tree	Construction of BST	Medium	Convert Sorted List to Binary Search Tree	convert-sorted-list-to-binary-search-tree	leetcode	https://leetcode.com/problems/convert-sorted-list-to-binary-search-tree/
Binary Search Tree	Construction of BST	Medium	Convert BST to Greater Tree	convert-bst-to-greater-tree	leetcode	https://leetcode.com/problems/convert-bst-to-greater-tree
Binary Search Tree	Construction of BST	Medium	Trim a Binary Search Tree	trim-a-binary-search-tree	leetcode	https://leetcode.com/problems/trim-a-binary-search-tree
Binary Search Tree	Construction of BST	Medium	Serialize and Deserialize BST	serialize-and-deserialize-bst	leetcode	https://leetcode.com/problems/serialize-and-deserialize-bst
Binary Search Tree	Construction of BST	Medium	Construct Binary Search Tree from Preorder Traversal	construct-binary-search-tree-from-preorder-traversal	leetcode	https://leetcode.com/problems/construct-binary-search-tree-from-preorder-traversal/
Binary Search Tree	Construction of BST	Medium	Construct BST from Postorder		gfg	https://www.geeksforgeeks.org/problems/construct-bst-from-post-order/1
Binary Search Tree	Construction of BST	Medium	Balance a Binary Search Tree	balance-a-binary-search-tree	leetcode	https://leetcode.com/problems/balance-a-binary-search-tree
Binary Search Tree	Construction of BST	Medium	Binary Search Tree to Greater Sum Tree	binary-search-tree-to-greater-sum-tree	leetcode	https://leetcode.com/problems/binary-search-tree-to-greater-sum-tree
Binary Search Tree	Validation and Property	Easy	Find Mode in Binary Search Tree	find-mode-in-binary-search-tree	leetcode	https://leetcode.com/problems/find-mode-in-binary-search-tree
Binary Search Tree	Validation and Property	Easy	Range Sum of BST	range-sum-of-bst	leetcode	https://leetcode.com/problems/range-sum-of-bst/
Binary Search Tree	Validation and Property	Medium	Validate Binary Search Tree	validate-binary-search-tree	leetcode	https://leetcode.com/problems/validate-binary-search-tree/
Binary Search Tree	Validation and Property	Easy	Minimum Distance Between BST Nodes	minimum-distance-between-bst-nodes	leetcode	https://leetcode.com/problems/minimum-distance-between-bst-nodes
Binary Search Tree	Validation and Property	Medium	Kth Smallest Element in a BST	kth-smallest-element-in-a-bst	leetcode	https://leetcode.com/problems/kth-smallest-element-in-a-bst/
Binary Search Tree	Validation and Property	Easy	Increasing Order Search Tree	increasing-order-search-tree	leetcode	https://leetcode.com/problems/increasing-order-search-tree
Binary Search Tree	Validation and Property	Easy	Two Sum IV - Input is a BST	two-sum-iv-input-is-a-bst	leetcode	https://leetcode.com/problems/two-sum-iv-input-is-a-bst
Binary Search Tree	Validation and Property	Hard	Maximum Sum BST in Binary Tree	maximum-sum-bst-in-binary-tree	leetcode	https://leetcode.com/problems/maximum-sum-bst-in-binary-tree
Binary Search Tree	Validation and Property	Medium	Find Common Nodes in two BSTs		gfg	https://www.geeksforgeeks.org/problems/print-common-nodes-in-bst/1
Binary Search Tree	Validation and Property	Medium	All Elements in Two Binary Search Trees	all-elements-in-two-binary-search-trees	leetcode	https://leetcode.com/problems/all-elements-in-two-binary-search-trees/description/
Binary Search Tree	Validation and Property	Medium	Unique Binary Search Trees	unique-binary-search-trees	leetcode	https://leetcode.com/problems/unique-binary-search-trees/description/
Binary Search Tree	Validation and Property	Medium	Recover Binary Search Tree	recover-binary-search-tree	leetcode	https://leetcode.com/problems/recover-binary-search-tree/description/
Binary Search Tree	Validation and Property	Hard	Number of Ways to Reorder Array to Get Same BST	number-of-ways-to-reorder-array-to-get-same-bst	leetcode	https://leetcode.com/problems/number-of-ways-to-reorder-array-to-get-same-bst
Binary Search Tree	Validation and Property	Medium	Binary Search Tree Iterator	binary-search-tree-iterator	leetcode	https://leetcode.com/problems/binary-search-tree-iterator/
Binary Search Tree	Validation and Property	Medium	Lowest Common Ancestor of a Binary Search Tree	lowest-common-ancestor-of-a-binary-search-tree	leetcode	https://leetcode.com/problems/lowest-common-ancestor-of-a-binary-search-tree
Binary Search Tree	Validation and Property	Medium	Closest Nodes Queries in a Binary Search Tree	closest-nodes-queries-in-a-binary-search-tree	leetcode	https://leetcode.com/problems/closest-nodes-queries-in-a-binary-search-tree
Binary Tree	Traversals	Easy	Binary Tree Preorder Traversal	binary-tree-preorder-traversal	leetcode	https://leetcode.com/problems/binary-tree-preorder-traversal/
Binary Tree	Traversals	Easy	Binary Tree Inorder Traversal	binary-tree-inorder-traversal	leetcode	https://leetcode.com/problems/binary-tree-inorder-traversal/
Binary Tree	Traversals	Easy	Binary Tree Postorder Traversal	binary-tree-postorder-traversal	leetcode	https://leetcode.com/problems/binary-tree-postorder-traversal/
Binary Tree	Traversals	Easy	Preorder, Postorder, Inorder in a Single Traversal		gfg	https://www.geeksforgeeks.org/preorder-postorder-and-inorder-traversal-of-a-binary-tree-using-a-single-stack/
Binary Tree	Properties of trees	Easy	Remove Half Nodes		gfg	https://www.geeksforgeeks.org/problems/remove-half-nodes/1
Binary Tree	Properties of trees	Easy	Balanced Binary Tree	balanced-binary-tree	leetcode	https://leetcode.com/problems/balanced-binary-tree/description/
Binary Tree	Properties of trees	Easy	Maximum Depth of Binary Tree	maximum-depth-of-binary-tree	leetcode	https://leetcode.com/problems/maximum-depth-of-binary-tree/description/
Binary Tree	Properties of trees	Easy	Diameter of Binary Tree	diameter-of-binary-tree	leetcode	https://leetcode.com/problems/diameter-of-binary-tree/description/
Binary Tree	Properties of trees	Easy	Count Complete Tree Nodes	count-complete-tree-nodes	leetcode	https://leetcode.com/problems/count-complete-tree-nodes/description/
Binary Tree	Properties of trees	Easy	Minimum Depth of Binary Tree	minimum-depth-of-binary-tree	leetcode	https://leetcode.com/problems/minimum-depth-of-binary-tree/
Binary Tree	Properties of trees	Medium	Check Completeness of a Binary Tree	check-completeness-of-a-binary-tree	leetcode	https://leetcode.com/problems/check-completeness-of-a-binary-tree/
Binary Tree	Construction of Tree	Medium	Construct Binary Tree from Parent Array		gfg	https://www.geeksforgeeks.org/problems/construct-binary-tree-from-parent-array/1
Binary Tree	Construction of Tree	Medium	Linked List to Binary Tree		gfg	https://www.geeksforgeeks.org/problems/make-binary-tree/1
Binary Tree	Construction of Tree	Medium	Construct Binary Tree from Preorder and Inorder Traversal	construct-binary-tree-from-preorder-and-inorder-traversal	leetcode	https://leetcode.com/problems/construct-binary-tree-from-preorder-and-inorder-traversal/
Binary Tree	Construction of Tree	Medium	Construct Binary Tree from Inorder and Postorder Traversal	construct-binary-tree-from-inorder-and-postorder-traversal	leetcode	https://leetcode.com/problems/construct-binary-tree-from-inorder-and-postorder-traversal/
Binary Tree	Construction of Tree	Medium	Construct Binary Tree from Preorder and Postorder Traversal	construct-binary-tree-from-preorder-and-postorder-traversal	leetcode	https://leetcode.com/problems/construct-binary-tree-from-preorder-and-postorder-traversal/
Binary Tree	Construction of Tree	Medium	Construct Binary Tree from String with Bracket Representation		gfg	https://www.geeksforgeeks.org/construct-binary-tree-string-bracket-representation/
Binary Tree	Two tree Validation	Easy	Same Tree	same-tree	leetcode	https://leetcode.com/problems/same-tree/
Binary Tree	Two tree Validation	Easy	Two Mirror Trees		gfg	https://www.geeksforgeeks.org/problems/two-mirror-trees/1
Binary Tree	Two tree Validation	Easy	Merge Two Binary Trees	merge-two-binary-trees	leetcode	https://leetcode.com/problems/merge-two-binary-trees/
Binary Tree	Two tree Validation	Easy	Subtree of Another Tree	subtree-of-another-tree	leetcode	https://leetcode.com/problems/subtree-of-another-tree/
Binary Tree	Two tree Validation	Easy	Check if Tree is Isomorphic		gfg	https://www.geeksforgeeks.org/problems/check-if-tree-is-isomorphic/1
Binary Tree	Two tree Validation	Easy	Leaf-Similar Trees	leaf-similar-trees	leetcode	https://leetcode.com/problems/leaf-similar-trees/
Binary Tree	Two tree Validation	Medium	Check if Subtree		gfg	https://www.geeksforgeeks.org/problems/check-if-subtree/1
Binary Tree	Two tree Validation	Medium	Mirror Tree		gfg	https://www.geeksforgeeks.org/problems/mirror-tree/1
Binary Tree	Level Order Traversal	Medium	Binary Tree Level Order Traversal	binary-tree-level-order-traversal	leetcode	https://leetcode.com/problems/binary-tree-level-order-traversal/description/
Binary Tree	Level Order Traversal	Medium	Binary Tree Level Order Traversal II	binary-tree-level-order-traversal-ii	leetcode	https://leetcode.com/problems/binary-tree-level-order-traversal-ii/description/
Binary Tree	Level Order Traversal	Easy	Cousins in Binary Tree	cousins-in-binary-tree	leetcode	https://leetcode.com/problems/cousins-in-binary-tree/description/
Binary Tree	Level Order Traversal	Easy	Average of Levels in Binary Tree	average-of-levels-in-binary-tree	leetcode	https://leetcode.com/problems/average-of-levels-in-binary-tree/description/
Binary Tree	Level Order Traversal	Medium	Minimum Number of Operations to Sort a Binary Tree by Level	minimum-number-of-operations-to-sort-a-binary-tree-by-level	leetcode	https://leetcode.com/problems/minimum-number-of-operations-to-sort-a-binary-tree-by-level/description/
Binary Tree	Level Order Traversal	Easy	Binary Tree Right Side View	binary-tree-right-side-view	leetcode	https://leetcode.com/problems/binary-tree-right-side-view/description/
Binary Tree	Level Order Traversal	Easy	Left View of Binary Tree		gfg	https://www.geeksforgeeks.org/problems/left-view-of-binary-tree/1
Binary Tree	Level Order Traversal	Medium	Top View of Binary Tree		gfg	https://www.geeksforgeeks.org/problems/top-view-of-binary-tree/1
Binary Tree	Level Order Traversal	Hard	Vertical Order Traversal of a Binary Tree	vertical-order-traversal-of-a-binary-tree	leetcode	https://leetcode.com/problems/vertical-order-traversal-of-a-binary-tree/
Binary Tree	Level Order Traversal	Hard	Serialize and Deserialize Binary Tree	serialize-and-deserialize-binary-tree	leetcode	https://leetcode.com/problems/serialize-and-deserialize-binary-tree/description/
Binary Tree	Level Order Traversal	Medium	All Nodes Distance K in Binary Tree	all-nodes-distance-k-in-binary-tree	leetcode	https://leetcode.com/problems/all-nodes-distance-k-in-binary-tree/description/
Binary Tree	Level Order Traversal	Hard	Burning Tree		gfg	https://www.geeksforgeeks.org/problems/burning-tree/1
Binary Tree	Level Order Traversal	Medium	Populating Next Right Pointers in Each Node	populating-next-right-pointers-in-each-node	leetcode	https://leetcode.com/problems/populating-next-right-pointers-in-each-node/description/
Binary Tree	Binary Tree Path	Easy	Binary Tree Paths	binary-tree-paths	leetcode	https://leetcode.com/problems/binary-tree-paths/description/
Binary Tree	Binary Tree Path	Easy	Path Sum	path-sum	leetcode	https://leetcode.com/problems/path-sum/description/
Binary Tree	Binary Tree Path	Medium	Children Sum in a Binary Tree		gfg	https://www.geeksforgeeks.org/problems/children-sum-parent/1
Binary Tree	Binary Tree Path	Medium	Path Sum II	path-sum-ii	leetcode	https://leetcode.com/problems/path-sum-ii/
Binary Tree	Binary Tree Path	Medium	Sum Root to Leaf Numbers	sum-root-to-leaf-numbers	leetcode	https://leetcode.com/problems/sum-root-to-leaf-numbers/
Binary Tree	Binary Tree Path	Hard	Binary Tree Maximum Path Sum	binary-tree-maximum-path-sum	leetcode	https://leetcode.com/problems/binary-tree-maximum-path-sum/description/
Binary Tree	Binary Tree Path	Medium	Path Sum III	path-sum-iii	leetcode	https://leetcode.com/problems/path-sum-iii/description/
Binary Tree	Binary Tree Path	Medium	Lowest Common Ancestor of a Binary Tree	lowest-common-ancestor-of-a-binary-tree	leetcode	https://leetcode.com/problems/lowest-common-ancestor-of-a-binary-tree/description/
Binary Tree	N-ary Tree	Theory	N-ary Tree		leetcode	https://leetcode.com/explore/learn/card/n-ary-tree/
Binary Tree	N-ary Tree	Easy	N-ary Tree Postorder Traversal	n-ary-tree-postorder-traversal	leetcode	https://leetcode.com/problems/n-ary-tree-postorder-traversal
Binary Tree	N-ary Tree	Easy	N-ary Tree Preorder Traversal	n-ary-tree-preorder-traversal	leetcode	https://leetcode.com/problems/n-ary-tree-preorder-traversal
Binary Tree	N-ary Tree	Easy	Maximum Depth of N-ary Tree	maximum-depth-of-n-ary-tree	leetcode	https://leetcode.com/problems/maximum-depth-of-n-ary-tree
Graphs	Graph Representation	Easy	DFS Traversal		naukri	https://www.naukri.com/code360/problems/dfs-traversal_630462
Graphs	Graph Representation	Easy	Find if Path Exists in Graph	find-if-path-exists-in-graph	leetcode	https://leetcode.com/problems/find-if-path-exists-in-graph/description/
Graphs	Graph Representation	Medium	Keys and Rooms	keys-and-rooms	leetcode	https://leetcode.com/problems/keys-and-rooms/description/
Graphs	Graph Representation	Medium	Number of Provinces	number-of-provinces	leetcode	https://leetcode.com/problems/number-of-provinces/description/
Graphs	Graph Representation	Medium	Count the Number of Complete Components	count-the-number-of-complete-components	leetcode	https://leetcode.com/problems/count-the-number-of-complete-components/description/
Graphs	Graph Representation	Medium	Reorder Routes to Make All Paths Lead to the City Zero	reorder-routes-to-make-all-paths-lead-to-the-city-zero	leetcode	https://leetcode.com/problems/reorder-routes-to-make-all-paths-lead-to-the-city-zero/description/
Graphs	Graph Representation	Hard	Longest Cycle in a Graph	longest-cycle-in-a-graph	leetcode	https://leetcode.com/problems/longest-cycle-in-a-graph/description/
Graphs	Graph Representation	Easy	BFS in Graph		naukri	https://www.naukri.com/code360/problems/bfs-in-graph_973002
Graphs	Graph Representation	Medium	Snakes and Ladders	snakes-and-ladders	leetcode	https://leetcode.com/problems/snakes-and-ladders/description/
Graphs	Graph Representation	Medium	Open the Lock	open-the-lock	leetcode	https://leetcode.com/problems/open-the-lock/description/
Graphs	Graph Representation	Medium	Round Trip 		cses	https://cses.fi/problemset/task/1667
Graphs	Graph Representation	Hard	Word Ladder	word-ladder	leetcode	https://leetcode.com/problems/word-ladder/description/
Graphs	Graph Representation	Hard	Valid BFS?		codeforces	https://codeforces.com/problemset/problem/1037/D
Graphs	Graph Representation	Medium	Count the Number of Houses at a Certain Distance I	count-the-number-of-houses-at-a-certain-distance-i	leetcode	https://leetcode.com/problems/count-the-number-of-houses-at-a-certain-distance-i/description/
Graphs	Graph Representation	Medium	As Far from Land as Possible	as-far-from-land-as-possible	leetcode	https://leetcode.com/problems/as-far-from-land-as-possible/description/
Graphs	Graph Representation	Medium	Minimum Operations to Convert Number	minimum-operations-to-convert-number	leetcode	https://leetcode.com/problems/minimum-operations-to-convert-number/description/
Graphs	Graph Representation	Medium	Minimum Score of a Path Between Two Cities	minimum-score-of-a-path-between-two-cities	leetcode	https://leetcode.com/problems/minimum-score-of-a-path-between-two-cities/description/
Graphs	Graph Representation	Medium	Shortest Path with Alternating Colors	shortest-path-with-alternating-colors	leetcode	https://leetcode.com/problems/shortest-path-with-alternating-colors/description/
Graphs	Graph Representation	Medium	Minimum Number of Operations to Make X and Y Equal	minimum-number-of-operations-to-make-x-and-y-equal	leetcode	https://leetcode.com/problems/minimum-number-of-operations-to-make-x-and-y-equal/description/
Graphs	Graph Representation	Hard	Shortest Path Visiting All Nodes	shortest-path-visiting-all-nodes	leetcode	https://leetcode.com/problems/shortest-path-visiting-all-nodes/description/
Graphs	Graph Representation	Medium	Jump Game III	jump-game-iii	leetcode	https://leetcode.com/problems/jump-game-iii/description/
Graphs	Graph Representation	Medium	Clone Graph	clone-graph	leetcode	https://leetcode.com/problems/clone-graph/description/
Graphs	Graph Representation	Hard	Last Day Where You Can Still Cross	last-day-where-you-can-still-cross	leetcode	https://leetcode.com/problems/last-day-where-you-can-still-cross/description/
Graphs	Graph Representation	Hard	Sliding Puzzle	sliding-puzzle	leetcode	https://leetcode.com/problems/sliding-puzzle/description/
Graphs	Graph Representation	Hard	Maximum Candies You Can Get from Boxes	maximum-candies-you-can-get-from-boxes	leetcode	https://leetcode.com/problems/maximum-candies-you-can-get-from-boxes/description/ 
Graphs	Graph Representation	Hard	Shortest Path to Get All Keys	shortest-path-to-get-all-keys	leetcode	https://leetcode.com/problems/shortest-path-to-get-all-keys/description/
Graphs	Graph Representation	Hard	Jump Game IV	jump-game-iv	leetcode	https://leetcode.com/problems/jump-game-iv/description/
Graphs	Graph Representation	Hard	Word Ladder II	word-ladder-ii	leetcode	https://leetcode.com/problems/word-ladder-ii/description/
Graphs	Graph Representation	Hard	Escape the Spreading Fire	escape-the-spreading-fire	leetcode	https://leetcode.com/problems/escape-the-spreading-fire/
Graphs	Cycle Detection 	Medium	Detect Cycle in an Undirected Graph (GeeksforGeeks)		gfg	https://www.geeksforgeeks.org/problems/detect-cycle-in-an-undirected-graph/0
Graphs	Cycle Detection 	Medium	Detect Cycle in a Directed Graph (GeeksforGeeks)		gfg	https://www.geeksforgeeks.org/problems/detect-cycle-in-a-directed-graph/1
Graphs	Cycle Detection 	Medium	Check if a Graph Has a Cycle of Odd Length		naukri	https://www.naukri.com/code360/library/check-if-a-graph-has-a-cycle-of-odd-length
Graphs	Cycle Detection 	Medium	Detect Cycles in 2D Grid	detect-cycles-in-2d-grid	leetcode	https://leetcode.com/problems/detect-cycles-in-2d-grid/
Graphs	Cycle Detection 	Hard	Shortest Cycle in a Graph	shortest-cycle-in-a-graph	leetcode	https://leetcode.com/problems/shortest-cycle-in-a-graph/description/
Graphs	Cycle Detection 	Medium	Is Graph Bipartite?	is-graph-bipartite	leetcode	https://leetcode.com/problems/is-graph-bipartite/
Graphs	Cycle Detection 	Medium	Possible Bipartition	possible-bipartition	leetcode	https://leetcode.com/problems/possible-bipartition/description/
Graphs	Cycle Detection 	Medium	Flower Planting With No Adjacent	flower-planting-with-no-adjacent	leetcode	https://leetcode.com/problems/flower-planting-with-no-adjacent/description/
Graphs	Cycle Detection 	Hard	Divide Nodes into the Maximum Number of Groups	divide-nodes-into-the-maximum-number-of-groups	leetcode	https://leetcode.com/problems/divide-nodes-into-the-maximum-number-of-groups/description/
Graphs	Topological Sort	Medium	Course Schedule	course-schedule	leetcode	https://leetcode.com/problems/course-schedule
Graphs	Topological Sort	Medium	Course Schedule II	course-schedule-ii	leetcode	https://leetcode.com/problems/course-schedule-ii
Graphs	Topological Sort	Medium	Find Eventual Safe States	find-eventual-safe-states	leetcode	https://leetcode.com/problems/find-eventual-safe-states/description/
Graphs	Topological Sort	Medium	Minimum Height Trees	minimum-height-trees	leetcode	https://leetcode.com/problems/minimum-height-trees
Graphs	Topological Sort	Medium	Loud and Rich	loud-and-rich	leetcode	https://leetcode.com/problems/loud-and-rich
Graphs	Topological Sort	Medium	All Ancestors of a Node in a Directed Acyclic Graph	all-ancestors-of-a-node-in-a-directed-acyclic-graph	leetcode	https://leetcode.com/problems/all-ancestors-of-a-node-in-a-directed-acyclic-graph/description/
Graphs	Topological Sort	Hard	Find All Possible Recipes from Given Supplies	find-all-possible-recipes-from-given-supplies	leetcode	https://leetcode.com/problems/find-all-possible-recipes-from-given-supplies
Graphs	Topological Sort	Hard	Alien Dictionary 		gfg	https://www.geeksforgeeks.org/problems/alien-dictionary/1
Graphs	Topological Sort	Hard	Longest Increasing Path in a Matrix	longest-increasing-path-in-a-matrix	leetcode	https://leetcode.com/problems/longest-increasing-path-in-a-matrix
Graphs	Topological Sort	Hard	Cat and Mouse	cat-and-mouse	leetcode	https://leetcode.com/problems/cat-and-mouse/description/
Graphs	Topological Sort	Hard	Sort Items by Groups Respecting Dependencies	sort-items-by-groups-respecting-dependencies	leetcode	https://leetcode.com/problems/sort-items-by-groups-respecting-dependencies/description/
Graphs	Topological Sort	Hard	Sort Items by Groups Respecting Dependencies	sort-items-by-groups-respecting-dependencies	leetcode	https://leetcode.com/problems/sort-items-by-groups-respecting-dependencies/description/
Graphs	Topological Sort	Hard	Largest Color Value in a Directed Graph	largest-color-value-in-a-directed-graph	leetcode	https://leetcode.com/problems/largest-color-value-in-a-directed-graph/description/
Graphs	Topological Sort	Hard	Parallel Courses III	parallel-courses-iii	leetcode	https://leetcode.com/problems/parallel-courses-iii
Graphs	Topological Sort	Hard	Parallel Courses II	parallel-courses-ii	leetcode	https://leetcode.com/problems/parallel-courses-ii/
Graphs	Topological Sort	Hard	Number of Increasing Paths in a Grid	number-of-increasing-paths-in-a-grid	leetcode	https://leetcode.com/problems/number-of-increasing-paths-in-a-grid
Graphs	Topological Sort	Hard	Build a Matrix With Conditions	build-a-matrix-with-conditions	leetcode	https://leetcode.com/problems/build-a-matrix-with-conditions
Graphs	Flood Fill	Easy	Flood Fill	flood-fill	leetcode	https://leetcode.com/problems/flood-fill/description/
Graphs	Flood Fill	Easy	Island Perimeter	island-perimeter	leetcode	https://leetcode.com/problems/island-perimeter/description/
Graphs	Flood Fill	Medium	Battleships in a Board	battleships-in-a-board	leetcode	https://leetcode.com/problems/battleships-in-a-board/description/
Graphs	Flood Fill	Medium	Number of Islands	number-of-islands	leetcode	https://leetcode.com/problems/number-of-islands/description/
Graphs	Flood Fill	Medium	Max Area of Island	max-area-of-island	leetcode	https://leetcode.com/problems/max-area-of-island/description/
Graphs	Flood Fill	Medium	Count Sub Islands	count-sub-islands	leetcode	https://leetcode.com/problems/count-sub-islands/description/
Graphs	Flood Fill	Medium	Find All Groups of Farmland	find-all-groups-of-farmland	leetcode	https://leetcode.com/problems/find-all-groups-of-farmland/description/
Graphs	Multi Source BFS	Medium	Rotting Oranges	rotting-oranges	leetcode	https://leetcode.com/problems/rotting-oranges/description/
Graphs	Multi Source BFS	Medium	Number of Enclaves	number-of-enclaves	leetcode	https://leetcode.com/problems/number-of-enclaves/description/
Graphs	Multi Source BFS	Medium	Map of Highest Peak	map-of-highest-peak	leetcode	https://leetcode.com/problems/map-of-highest-peak/description/
Graphs	Multi Source BFS	Medium	Surrounded Regions	surrounded-regions	leetcode	https://leetcode.com/problems/surrounded-regions/description/
Graphs	Multi Source BFS	Medium	Number of Closed Islands	number-of-closed-islands	leetcode	https://leetcode.com/problems/number-of-closed-islands/description/
Graphs	Multi Source BFS	Medium	01 Matrix	01-matrix	leetcode	https://leetcode.com/problems/01-matrix/description/
Graphs	Multi Source BFS	Medium	Shortest Bridge	shortest-bridge	leetcode	https://leetcode.com/problems/shortest-bridge/description/
Graphs	Dijsktra Algorithm	Medium	Shortest Route I		cses	https://cses.fi/problemset/task/1671/
Graphs	Dijsktra Algorithm	Medium	Dijkstra? 		codeforces	https://codeforces.com/contest/20/problem/C
Graphs	Dijsktra Algorithm	Medium	Investigation		cses	https://cses.fi/problemset/task/1202/
Graphs	Dijsktra Algorithm	Medium	Flight Discount		cses	https://cses.fi/problemset/task/1195
Graphs	Dijsktra Algorithm	Medium	Network Delay Time	network-delay-time	leetcode	https://leetcode.com/problems/network-delay-time/description/
Graphs	Dijsktra Algorithm	Medium	Cheapest Flights Within K Stops	cheapest-flights-within-k-stops	leetcode	https://leetcode.com/problems/cheapest-flights-within-k-stops
Graphs	Dijsktra Algorithm	Medium	Number of Ways to Arrive at Destination	number-of-ways-to-arrive-at-destination	leetcode	https://leetcode.com/problems/number-of-ways-to-arrive-at-destination/description/
Graphs	Dijsktra Algorithm	Medium	Path with Maximum Probability	path-with-maximum-probability	leetcode	https://leetcode.com/problems/path-with-maximum-probability/description/
Graphs	Dijsktra Algorithm	Medium	Path with Minimum Effort	path-with-minimum-effort	leetcode	https://leetcode.com/problems/path-with-minimum-effort/description/
Graphs	Dijsktra Algorithm	Medium	Number of Restricted Paths from First to Last Node	number-of-restricted-paths-from-first-to-last-node	leetcode	https://leetcode.com/problems/number-of-restricted-paths-from-first-to-last-node/description/
Graphs	Dijsktra Algorithm	Hard	Reachable Nodes in Subdivided Graph	reachable-nodes-in-subdivided-graph	leetcode	https://leetcode.com/problems/reachable-nodes-in-subdivided-graph/description/
Graphs	Dijsktra Algorithm	Hard	Minimum Cost to Make at Least One Valid Path in a Grid		unknown	Minimum Cost to Make at Least One Valid Path in a Grid
Graphs	Dijsktra Algorithm	Hard	Minimum Obstacle Removal to Reach Corner		unknown	Minimum Obstacle Removal to Reach Corner
Graphs	Dijsktra Algorithm	Medium	Shortest Path in Binary Matrix	shortest-path-in-binary-matrix	leetcode	https://leetcode.com/problems/shortest-path-in-binary-matrix/description/ 
Graphs	Dijsktra Algorithm	Medium	Nearest Exit from Entrance in Maze	nearest-exit-from-entrance-in-maze	leetcode	https://leetcode.com/problems/nearest-exit-from-entrance-in-maze/description/ 
Graphs	Dijsktra Algorithm	Medium	Minimum Cost to Make at Least One Valid Path in a Grid	minimum-cost-to-make-at-least-one-valid-path-in-a-grid	leetcode	https://leetcode.com/problems/minimum-cost-to-make-at-least-one-valid-path-in-a-grid/description/
Graphs	Dijsktra Algorithm	Hard	Second Minimum Time to Reach Destination	second-minimum-time-to-reach-destination	leetcode	https://leetcode.com/problems/second-minimum-time-to-reach-destination/description/
Graphs	Bellman Ford	Medium	High Score 		cses	https://cses.fi/problemset/task/1673
Graphs	Bellman Ford	Medium	Cycle Finding		cses	https://cses.fi/problemset/task/1197
Graphs	Bellman Ford	Hard	Bus Routes	bus-routes	leetcode	https://leetcode.com/problems/bus-routes/description/
Graphs	Floyd Warshall	Medium	Road Construction		cses	https://cses.fi/problemset/task/1672/
Graphs	Floyd Warshall	Medium	Course Schedule IV	course-schedule-iv	leetcode	https://leetcode.com/problems/course-schedule-iv
Graphs	Floyd Warshall	Medium	Find the City With the Smallest Number of Neighbors at a Threshold Distance	find-the-city-with-the-smallest-number-of-neighbors-at-a-threshold-distance	leetcode	https://leetcode.com/problems/find-the-city-with-the-smallest-number-of-neighbors-at-a-threshold-distance/description/
Graphs	Floyd Warshall	Medium	Count the Number of Houses at a Certain Distance I	count-the-number-of-houses-at-a-certain-distance-i	leetcode	https://leetcode.com/problems/count-the-number-of-houses-at-a-certain-distance-i/description/
Graphs	Floyd Warshall	Medium	Minimum Cost to Convert String I	minimum-cost-to-convert-string-i	leetcode	https://leetcode.com/problems/minimum-cost-to-convert-string-i/
Graphs	Floyd Warshall	Medium	Greg and Array		codeforces	https://codeforces.com/problemset/problem/295/B
Graphs	Floyd Warshall	Hard	Design Graph With Shortest Path Calculator	design-graph-with-shortest-path-calculator	leetcode	https://leetcode.com/problems/design-graph-with-shortest-path-calculator
Graphs	Floyd Warshall	Hard	Number of Possible Sets of Closing Branches	number-of-possible-sets-of-closing-branches	leetcode	https://leetcode.com/problems/number-of-possible-sets-of-closing-branches/description/
Graphs	Travelling Salesman Problem	Hard	Find the Shortest Superstring	find-the-shortest-superstring	leetcode	https://leetcode.com/problems/find-the-shortest-superstring/description/
Graphs	Disjoint Set Union	Medium	Redundant Connection	redundant-connection	leetcode	https://leetcode.com/problems/redundant-connection/
Graphs	Disjoint Set Union	Medium	Satisfiability of Equality Equations	satisfiability-of-equality-equations	leetcode	https://leetcode.com/problems/satisfiability-of-equality-equations/
Graphs	Disjoint Set Union	Medium	Smallest String With Swaps	smallest-string-with-swaps	leetcode	https://leetcode.com/problems/smallest-string-with-swaps/
Graphs	Disjoint Set Union	Medium	Accounts Merge	accounts-merge	leetcode	https://leetcode.com/problems/accounts-merge/
Graphs	Disjoint Set Union	Medium	Most Stones Removed with Same Row or Column	most-stones-removed-with-same-row-or-column	leetcode	https://leetcode.com/problems/most-stones-removed-with-same-row-or-column/
Graphs	Disjoint Set Union	Medium	Find Latest Group of Size M	find-latest-group-of-size-m	leetcode	https://leetcode.com/problems/find-latest-group-of-size-m/
Graphs	Disjoint Set Union	Hard	Redundant Connection II	redundant-connection-ii	leetcode	https://leetcode.com/problems/redundant-connection-ii/
Graphs	Disjoint Set Union	Hard	Making a Large Island	making-a-large-island	leetcode	https://leetcode.com/problems/making-a-large-island/
Graphs	Disjoint Set Union	Hard	GCD Sort of an Array	gcd-sort-of-an-array	leetcode	https://leetcode.com/problems/gcd-sort-of-an-array/description/
Graphs	Disjoint Set Union	Hard	Bricks Falling When Hit	bricks-falling-when-hit	leetcode	https://leetcode.com/problems/bricks-falling-when-hit/
Graphs	Disjoint Set Union	Hard	Checking Existence of Edge Length Limited Paths	checking-existence-of-edge-length-limited-paths	leetcode	https://leetcode.com/problems/checking-existence-of-edge-length-limited-paths/
Graphs	Disjoint Set Union	Hard	Remove Max Number of Edges to Keep Graph Fully Traversable	remove-max-number-of-edges-to-keep-graph-fully-traversable	leetcode	https://leetcode.com/problems/remove-max-number-of-edges-to-keep-graph-fully-traversable/
Graphs	Disjoint Set Union	Hard	Rank Transform of a Matrix	rank-transform-of-a-matrix	leetcode	https://leetcode.com/problems/rank-transform-of-a-matrix
Graphs	Minimum Spanning Tree	Theory	Prim’s Minimum Spanning Tree (MST) – Greedy Algorithm 		gfg	https://www.geeksforgeeks.org/prims-minimum-spanning-tree-mst-greedy-algo-5/
Graphs	Minimum Spanning Tree	Theory	Kruskal’s Minimum Spanning Tree Algorithm – Greedy Algorithm 		gfg	https://www.geeksforgeeks.org/kruskals-minimum-spanning-tree-algorithm-greedy-algo-2/
Graphs	Minimum Spanning Tree	Medium	Minimum Spanning Tree 		gfg	https://www.geeksforgeeks.org/problems/minimum-spanning-tree/1
Graphs	Minimum Spanning Tree	Hard	Min Cost to Connect All Points	min-cost-to-connect-all-points	leetcode	https://leetcode.com/problems/min-cost-to-connect-all-points/
Graphs	Minimum Spanning Tree	Hard	Water Connection Problem 		gfg	https://www.geeksforgeeks.org/problems/water-connection-problem5822/1
Graphs	Minimum Spanning Tree	Medium	Connecting Cities with Minimum Cost		naukri	https://www.naukri.com/code360/problems/connecting-cities-with-minimum-cost_1386586
Graphs	Minimum Spanning Tree	Hard	Find Critical and Pseudo-Critical Edges in Minimum Spanning Tree	find-critical-and-pseudo-critical-edges-in-minimum-spanning-tree	leetcode	https://leetcode.com/problems/find-critical-and-pseudo-critical-edges-in-minimum-spanning-tree/
Graphs	Minimum Spanning Tree	Hard	Remove Max Number of Edges to Keep Graph Fully Traversable	remove-max-number-of-edges-to-keep-graph-fully-traversable	leetcode	https://leetcode.com/problems/remove-max-number-of-edges-to-keep-graph-fully-traversable/description/
Graphs	Additional Graph Algorithm	Theory	Articulation Points (or Cut Vertices) in a Graph 		gfg	https://www.geeksforgeeks.org/articulation-points-or-cut-vertices-in-a-graph/
Graphs	Additional Graph Algorithm	Theory	Strongly Connected Components		gfg	https://www.geeksforgeeks.org/strongly-connected-components/
Graphs	Additional Graph Algorithm	Medium	Critical Connections in a Network	critical-connections-in-a-network	leetcode	https://leetcode.com/problems/critical-connections-in-a-network/
String Matching Algos	Introduction	Theory	KMP Algorithm for Pattern Searching		gfg	https://www.geeksforgeeks.org/kmp-algorithm-for-pattern-searching/
String Matching Algos	Introduction	Theory	Rabin-Karp Algorithm for Pattern Searching		gfg	https://www.geeksforgeeks.org/rabin-karp-algorithm-for-pattern-searching/
String Matching Algos	Introduction	Theory	Z Algorithm (Linear-Time Pattern Searching Algorithm)		gfg	https://www.geeksforgeeks.org/z-algorithm-linear-time-pattern-searching-algorithm/
String Matching Algos	Implementary Problems	Hard	Count Prefix and Suffix Pairs II	count-prefix-and-suffix-pairs-ii	leetcode	https://leetcode.com/problems/count-prefix-and-suffix-pairs-ii/description/
String Matching Algos	Implementary Problems	Hard	Number of Subarrays That Match a Pattern II	number-of-subarrays-that-match-a-pattern-ii	leetcode	https://leetcode.com/problems/number-of-subarrays-that-match-a-pattern-ii/description/
String Matching Algos	Implementary Problems	Hard	Minimum Time to Revert Word to Initial State II	minimum-time-to-revert-word-to-initial-state-ii	leetcode	https://leetcode.com/problems/minimum-time-to-revert-word-to-initial-state-ii/description/
String Matching Algos	Implementary Problems	Hard	Find Beautiful Indices in the Given Array II	find-beautiful-indices-in-the-given-array-ii	leetcode	https://leetcode.com/problems/find-beautiful-indices-in-the-given-array-ii/description/
String Matching Algos	Implementary Problems	Hard	String Transformation	string-transformation	leetcode	https://leetcode.com/problems/string-transformation/description/
String Matching Algos	Implementary Problems	Hard	Find Substring with Given Hash Value	find-substring-with-given-hash-value	leetcode	https://leetcode.com/problems/find-substring-with-given-hash-value
String Matching Algos	Implementary Problems	Hard	Maximum Deletions on a String	maximum-deletions-on-a-string	leetcode	https://leetcode.com/problems/maximum-deletions-on-a-string/description/
String Matching Algos	Implementary Problems	Hard	Match Substring After Replacement	match-substring-after-replacement	leetcode	https://leetcode.com/problems/match-substring-after-replacement/description/
String Matching Algos	Implementary Problems	Hard	Sum of Scores of Built Strings	sum-of-scores-of-built-strings	leetcode	https://leetcode.com/problems/sum-of-scores-of-built-strings/description/
String Matching Algos	Implementary Problems	Hard	Find All Good Strings	find-all-good-strings	leetcode	https://leetcode.com/problems/find-all-good-strings/description/
String Matching Algos	Implementary Problems	Hard	Longest Happy Prefix	longest-happy-prefix	leetcode	https://leetcode.com/problems/longest-happy-prefix/description/
String Matching Algos	Implementary Problems	Hard	Shortest Palindrome	shortest-palindrome	leetcode	https://leetcode.com/problems/shortest-palindrome/description/
String Matching Algos	Implementary Problems	Hard	Distinct Echo Substrings	distinct-echo-substrings	leetcode	https://leetcode.com/problems/distinct-echo-substrings/description/
String Matching Algos	Implementary Problems	Hard	Longest Chunked Palindrome Decomposition	longest-chunked-palindrome-decomposition	leetcode	https://leetcode.com/problems/longest-chunked-palindrome-decomposition/description/
String Matching Algos	Implementary Problems	Hard	Maximum Product of the Length of Two Palindromic Substrings	maximum-product-of-the-length-of-two-palindromic-substrings	leetcode	https://leetcode.com/problems/maximum-product-of-the-length-of-two-palindromic-substrings/description/
String Matching Algos	Implementary Problems	Hard	Longest Duplicate Substring	longest-duplicate-substring	leetcode	https://leetcode.com/problems/longest-duplicate-substring/description/
Combinatorics & Geometry	Line	Easy	Check if it is a Straight Line	check-if-it-is-a-straight-line	leetcode	https://leetcode.com/problems/check-if-it-is-a-straight-line/
Combinatorics & Geometry	Line	Medium	Minimum Lines to Represent a Line Chart	minimum-lines-to-represent-a-line-chart	leetcode	https://leetcode.com/problems/minimum-lines-to-represent-a-line-chart/description/
Combinatorics & Geometry	Line	Medium	K Closest Points to Origin	k-closest-points-to-origin	leetcode	https://leetcode.com/problems/k-closest-points-to-origin/description/
Combinatorics & Geometry	Line	Medium	Check If Two Line Segments Intersect		gfg	https://www.geeksforgeeks.org/problems/check-if-two-line-segments-intersect0017/1
Combinatorics & Geometry	Line	Hard	Max Points on a Line	max-points-on-a-line	leetcode	https://leetcode.com/problems/max-points-on-a-line/description/
Combinatorics & Geometry	Line	Hard	Minimize Manhattan Distances	minimize-manhattan-distances	leetcode	https://leetcode.com/problems/minimize-manhattan-distances/description/
Combinatorics & Geometry	Line	Hard	Self Crossing	self-crossing	leetcode	https://leetcode.com/problems/self-crossing/description/
Combinatorics & Geometry	Rectangle	Easy	Rectangle Overlap	rectangle-overlap	leetcode	https://leetcode.com/problems/rectangle-overlap/
Combinatorics & Geometry	Rectangle	Easy	Largest Triangle Area	largest-triangle-area	leetcode	https://leetcode.com/problems/largest-triangle-area/description/
Combinatorics & Geometry	Rectangle	Medium	Minimum Rectangles to Cover Points	minimum-rectangles-to-cover-points	leetcode	https://leetcode.com/problems/minimum-rectangles-to-cover-points/description/
Combinatorics & Geometry	Rectangle	Medium	Rectangle Area	rectangle-area	leetcode	https://leetcode.com/problems/rectangle-area/description/
Combinatorics & Geometry	Rectangle	Medium	Minimum Area Rectangle	minimum-area-rectangle	leetcode	https://leetcode.com/problems/minimum-area-rectangle/description/
Combinatorics & Geometry	Rectangle	Medium	Minimum Area Rectangle II	minimum-area-rectangle-ii	leetcode	https://leetcode.com/problems/minimum-area-rectangle-ii/description/
Combinatorics & Geometry	Rectangle	Medium	Mirror Reflection	mirror-reflection	leetcode	https://leetcode.com/problems/mirror-reflection/description/
Combinatorics & Geometry	Rectangle	Medium	Find the Largest Area of Square Inside Two Rectangles	find-the-largest-area-of-square-inside-two-rectangles	leetcode	https://leetcode.com/problems/find-the-largest-area-of-square-inside-two-rectangles/description/
Combinatorics & Geometry	Circle	Medium	Minimum Cuts to Divide a Circle	minimum-cuts-to-divide-a-circle	leetcode	https://leetcode.com/problems/minimum-cuts-to-divide-a-circle/description/
Combinatorics & Geometry	Circle	Medium	Generate Random Point in a Circle	generate-random-point-in-a-circle	leetcode	https://leetcode.com/problems/generate-random-point-in-a-circle/description/
Combinatorics & Geometry	Circle	Medium	Circle and Rectangle Overlapping	circle-and-rectangle-overlapping	leetcode	https://leetcode.com/problems/circle-and-rectangle-overlapping/description/
Combinatorics & Geometry	Circle	Medium	Count Lattice Points Inside a Circle	count-lattice-points-inside-a-circle	leetcode	https://leetcode.com/problems/count-lattice-points-inside-a-circle/
Combinatorics & Geometry	Circle	Medium	Queries on Number of Points Inside a Circle	queries-on-number-of-points-inside-a-circle	leetcode	https://leetcode.com/problems/queries-on-number-of-points-inside-a-circle/
Combinatorics & Geometry	Circle	Hard	Maximum Number of Darts Inside of a Circular Dartboard	maximum-number-of-darts-inside-of-a-circular-dartboard	leetcode	https://leetcode.com/problems/maximum-number-of-darts-inside-of-a-circular-dartboard/
Combinatorics & Geometry	Combinatorics	Medium	Factorial of Large Numbers		gfg	https://www.geeksforgeeks.org/problems/ncr-mod-m-part-20611/1
Combinatorics & Geometry	Combinatorics	Medium	nCr Mod m		gfg	https://www.geeksforgeeks.org/problems/ncr-mod-m-part-20611/1
Combinatorics & Geometry	Combinatorics	Medium	Tiles		codeforces	https://codeforces.com/contest/1178/problem/C
Combinatorics & Geometry	Combinatorics	Medium	Distribute Candies Among Children II 	distribute-candies-among-children-ii	leetcode	https://leetcode.com/problems/distribute-candies-among-children-ii/
Combinatorics & Geometry	Combinatorics	Medium	Unique Paths	unique-paths	leetcode	https://leetcode.com/problems/unique-paths/
Combinatorics & Geometry	Combinatorics	Medium	 Right Triangles		codeforces	https://codeforces.com/contest/52/problem/B
Combinatorics & Geometry	Combinatorics	Hard	Permutation Sequence 	permutation-sequence	leetcode	https://leetcode.com/problems/permutation-sequence/
Combinatorics & Geometry	Combinatorics	Hard	Count Anagrams 	count-anagrams	leetcode	https://leetcode.com/problems/count-anagrams/
Combinatorics & Geometry	Combinatorics	Hard	Number of Ways to Reorder Array to Get Same BST	number-of-ways-to-reorder-array-to-get-same-bst	leetcode	https://leetcode.com/problems/number-of-ways-to-reorder-array-to-get-same-bst/
Combinatorics & Geometry	Combinatorics	Hard	Count the Number of Ideal Arrays 	count-the-number-of-ideal-arrays	leetcode	https://leetcode.com/problems/count-the-number-of-ideal-arrays/
Combinatorics & Geometry	Combinatorics	Hard	Count All Valid Pickup and Delivery Options	count-all-valid-pickup-and-delivery-options	leetcode	https://leetcode.com/problems/count-all-valid-pickup-and-delivery-options/
Combinatorics & Geometry	Combinatorics	Hard	Bitwise OR of All Subsequence Sums	count-the-number-of-infection-sequences	leetcode	https://leetcode.com/problems/count-the-number-of-infection-sequences/description/
Combinatorics & Geometry	Combinatorics	Hard	Count the Arrays		codeforces	https://codeforces.com/problemset/problem/1312/D
Combinatorics & Geometry	Combinatorics	Hard	Beautiful Numbers		codeforces	https://codeforces.com/contest/300/problem/C
Combinatorics & Geometry	Combinatorics	Hard	String Mark		codeforces	https://codeforces.com/contest/895/problem/D
Game Theory	Level I	Easy	Divisor Game	divisor-game	leetcode	https://leetcode.com/problems/divisor-game
Game Theory	Level I	Easy	Nim Game	nim-game	leetcode	https://leetcode.com/problems/nim-game
Game Theory	Level I	Easy	Find the Winning Player in Coin Game	find-the-winning-player-in-coin-game	leetcode	https://leetcode.com/problems/find-the-winning-player-in-coin-game
Game Theory	Level I	Easy	Yet Another String Game		codeforces	https://codeforces.com/problemset/problem/1480/A
Game Theory	Level I	Easy	Substring Removal Game		codeforces	https://codeforces.com/problemset/problem/1398/B
Game Theory	Level I	Easy	Sasha and Sticks		codeforces	https://codeforces.com/problemset/problem/832/A
Game Theory	Level I	Easy	Card Game		codeforces	https://codeforces.com/problemset/problem/1270/A
Game Theory	Level I	Easy	01 Game		codeforces	https://codeforces.com/problemset/problem/1373/B
Game Theory	Level I	Easy	Digit Game		codeforces	https://codeforces.com/problemset/problem/1419/A
Game Theory	Level II	Medium	Can I Win	can-i-win	leetcode	https://leetcode.com/problems/can-i-win
Game Theory	Level II	Medium	Guess Number Higher or Lower II	guess-number-higher-or-lower-ii	leetcode	https://leetcode.com/problems/guess-number-higher-or-lower-ii
Game Theory	Level II	Medium	Maximum Number of Coins You Can Get	maximum-number-of-coins-you-can-get	leetcode	https://leetcode.com/problems/maximum-number-of-coins-you-can-get
Game Theory	Level II	Medium	Remove Colored Pieces if Both Neighbors are the Same Color	remove-colored-pieces-if-both-neighbors-are-the-same-color	leetcode	https://leetcode.com/problems/remove-colored-pieces-if-both-neighbors-are-the-same-color
Game Theory	Level II	Medium	Digit Game		codeforces	https://codeforces.com/problemset/problem/1419/A
Game Theory	Level II	Medium	Dinner With Emma		codeforces	https://codeforces.com/problemset/problem/616/B
Game Theory	Level II	Medium	Matrix Game		codeforces	https://codeforces.com/problemset/problem/1365/A
Game Theory	Level II	Medium	Sequential Game		codeforces	https://codeforces.com/contest/1382/problem/B
Game Theory	Level II	Medium	Ping-pong		codeforces	https://codeforces.com/problemset/problem/1455/C
Game Theory	Level II	Medium	Godsend		codeforces	https://codeforces.com/problemset/problem/841/B
Game Theory	Level II	Medium	PolandBall and Game		codeforces	https://codeforces.com/problemset/problem/755/B
Game Theory	Level II	Medium	Even-Odd Game		codeforces	https://codeforces.com/problemset/problem/1472/D
Game Theory	Level II	Medium	Palindrome Game		codeforces	https://codeforces.com/contest/1527/problem/B1
Game Theory	Level III	Hard	Cat and Mouse	cat-and-mouse	leetcode	https://leetcode.com/problems/cat-and-mouse
Game Theory	Level III	Hard	Cat and Mouse II	cat-and-mouse-ii	leetcode	https://leetcode.com/problems/cat-and-mouse-ii
Game Theory	Level III	Hard	Guess the Word	guess-the-word	leetcode	https://leetcode.com/problems/guess-the-word
Advance algorithm	Fenwick Tree	Medium	Alternating Groups III	alternating-groups-iii	leetcode	https://leetcode.com/problems/alternating-groups-iii/description/ 
Advance algorithm	Fenwick Tree	Hard	Number of Pairs Satisfying Inequality	number-of-pairs-satisfying-inequality	leetcode	https://leetcode.com/problems/number-of-pairs-satisfying-inequality/description/ 
Advance algorithm	Fenwick Tree	Hard	Count Good Triplets in an Array	count-good-triplets-in-an-array	leetcode	https://leetcode.com/problems/count-good-triplets-in-an-array/description/ 
Advance algorithm	Fenwick Tree	Hard	Booking Concert Tickets in Groups	booking-concert-tickets-in-groups	leetcode	https://leetcode.com/problems/booking-concert-tickets-in-groups/description/ 
Advance algorithm	Segment Tree	Medium	Longest Uploaded Prefix	longest-uploaded-prefix	leetcode	https://leetcode.com/problems/longest-uploaded-prefix/description/ 
Advance algorithm	Segment Tree	Medium	Range Sum Query - Mutable	range-sum-query-mutable	leetcode	https://leetcode.com/problems/range-sum-query-mutable/description/  
Advance algorithm	Segment Tree	Hard	Falling Squares	falling-squares	leetcode	https://leetcode.com/problems/falling-squares/description/ 
Advance algorithm	Segment Tree	Hard	Range Module	range-module	leetcode	https://leetcode.com/problems/range-module/description/ 
Advance algorithm	Segment Tree	Hard	Count of Range Sum	count-of-range-sum	leetcode	https://leetcode.com/problems/count-of-range-sum/description/ 
Advance algorithm	Segment Tree	Hard	Longest Substring of One Repeating Character	longest-substring-of-one-repeating-character	leetcode	https://leetcode.com/problems/longest-substring-of-one-repeating-character/description/ 
Advance algorithm	Segment Tree	Hard	Maximum Sum Queries	maximum-sum-queries	leetcode	https://leetcode.com/problems/maximum-sum-queries/description/ 
Advance algorithm	Segment Tree	Hard	Handling Sum Queries After Update	handling-sum-queries-after-update	leetcode	https://leetcode.com/problems/handling-sum-queries-after-update/description/ 
Advance algorithm	Segment Tree	Hard	Peaks in Array	peaks-in-array	leetcode	https://leetcode.com/problems/peaks-in-array/description/ 
Advance algorithm	Segment Tree	Hard	Maximum Sum of Subsequence With Non-Adjacent Elements	maximum-sum-of-subsequence-with-non-adjacent-elements	leetcode	https://leetcode.com/problems/maximum-sum-of-subsequence-with-non-adjacent-elements/description/
Advance algorithm	Segment Tree	Hard	Block Placement Queries	block-placement-queries	leetcode	https://leetcode.com/problems/block-placement-queries/description/ 
Advance algorithm	Sparse Table	Hard	Range Minimum Query		spoj	https://www.spoj.com/problems/RMQSQ/
Advance algorithm	Sparse Table	Hard	Catapult that ball		spoj	http://www.spoj.com/problems/THRBL/
Advance algorithm	Sparse Table	Hard	Miraculous		spoj	http://www.spoj.com/problems/TNVFC1M/
Advance algorithm	Sparse Table	Hard	Negative Score		spoj	http://www.spoj.com/problems/RPLN/
Advance algorithm	Sparse Table	Hard	DIFERENCIJA		spoj	https://www.spoj.com/problems/DIFERENC/
Advance algorithm	Sparse Table	Hard	Find a Value of a Mysterious Function Closest to Target	find-a-value-of-a-mysterious-function-closest-to-target	leetcode	https://leetcode.com/problems/find-a-value-of-a-mysterious-function-closest-to-target/ 
Advance algorithm	Sparse Table	Hard	Maximum Binary Tree	maximum-binary-tree	leetcode	https://leetcode.com/problems/maximum-binary-tree/description/ 
